id,first_name,last_name,country,position,tied,money,points,score,strokes,abbr_name,rounds
0b5d3fd6-e3ec-4efd-8743-60db44c87425,Keegan,Bradley,UNITED STATES,1,False,1980000.0,500.0,-15,265,K.Bradley,"[{'score': -4, 'strokes': 66, 'thru': 18, 'eagles': 0, 'birdies': 6, 'pars': 10, 'bogeys': 2, 'double_bogeys': 0, 'other_scores': 0, 'holes_in_one': 0, 'sequence': 1}, {'score': -5, 'strokes': 65, 'thru': 18, 'eagles': 0, 'birdies': 5, 'pars': 13, 'bogeys': 0, 'double_bogeys': 0, 'other_scores': 0, 'holes_in_one': 0, 'sequence': 2}, {'score': -4, 'strokes': 66, 'thru': 18, 'eagles': 0, 'birdies': 5, 'pars': 12, 'bogeys': 1, 'double_bogeys': 0, 'other_scores': 0, 'holes_in_one': 0, 'sequence': 3}, {'score': -2, 'strokes': 68, 'thru': 18, 'eagles': 0, 'birdies': 4, 'pars': 12, 'bogeys': 2, 'double_bogeys': 0, 'other_scores': 0, 'holes_in_one': 0, 'sequence': 4}]"
bf8aa94c-d1a9-4de4-a05f-322092033fb0,Andrew,Putnam,UNITED STATES,2,True,968000.0,245.0,-14,266,A.Putnam,"[{'score': -2, 'strokes': 68, 'thru': 18, 'eagles': 0, 'birdies': 2, 'pars': 16, 'bogeys': 0, 'double_bogeys': 0, 'other_scores': 0, 'holes_in_one': 0, 'sequence': 1}, {'score': -8, 'strokes': 62, 'thru': 18, 'eagles': 0, 'birdies': 8, 'pars': 10, 'bogeys': 0, 'double_bogeys': 0, 'other_scores': 0, 'holes_in_one': 0, 'sequence': 2}, {'score': -2, 'strokes': 68, 'thru': 18, 'eagles': 0, 'birdies': 4, 'pars': 12, 'bogeys': 2, 'double_bogeys': 0, 'other_scores': 0, 'holes_in_one': 0, 'sequence': 3}, {'score': -2, 'strokes': 68, 'thru': 18, 'eagles': 0, 'birdies': 3, 'pars': 14, 'bogeys': 1, 'double_bogeys': 0, 'other_scores': 0, 'holes_in_one': 0, 'sequence': 4}]"
5735703a-32d9-4a6c-8b24-6596f300bc44,Rickie,Fowler,UNITED STATES,2,True,968000.0,245.0,-14,266,R.Fowler,"[{'score': -3, 'strokes': 67, 'thru': 18, 'eagles': 0, 'birdies': 7, 'pars': 8, 'bogeys': 2, 'double_bogeys': 1, 'other_scores': 0, 'holes_in_one': 0, 'sequence': 1}, {'score': -7, 'strokes': 63, 'thru': 18, 'eagles': 0, 'birdies': 7, 'pars': 11, 'bogeys': 0, 'double_bogeys': 0, 'other_scores': 0, 'holes_in_one': 0, 'sequence': 2}, {'score': -4, 'strokes': 66, 'thru': 18, 'eagles': 0, 'birdies': 5, 'pars': 12, 'bogeys': 1, 'double_bogeys': 0, 'other_scores': 0, 'holes_in_one': 0, 'sequence': 3}, {'score': 0, 'strokes': 70, 'thru': 18, 'eagles': 0, 'birdies': 2, 'pars': 14, 'bogeys': 2, 'double_bogeys': 0, 'other_scores': 0, 'holes_in_one': 0, 'sequence': 4}]"
f1fb4562-ffe8-4539-927b-0ffd13e9533f,Emiliano,Grillo,ARGENTINA,4,False,528000.0,135.0,-13,267,E.Grillo,"[{'score': 0, 'strokes': 70, 'thru': 18, 'eagles': 0, 'birdies': 3, 'pars': 12, 'bogeys': 3, 'double_bogeys': 0, 'other_scores': 0, 'holes_in_one': 0, 'sequence': 1}, {'score': -2, 'strokes': 68, 'thru': 18, 'eagles': 0, 'birdies': 4, 'pars': 12, 'bogeys': 2, 'double_bogeys': 0, 'other_scores': 0, 'holes_in_one': 0, 'sequence': 2}, {'score': -5, 'strokes': 65, 'thru': 18, 'eagles': 0, 'birdies': 6, 'pars': 11, 'bogeys': 1, 'double_bogeys': 0, 'other_scores': 0, 'holes_in_one': 0, 'sequence': 3}, {'score': -6, 'strokes': 64, 'thru': 18, 'eagles': 0, 'birdies': 7, 'pars': 10, 'bogeys': 1, 'double_bogeys': 0, 'other_scores': 0, 'holes_in_one': 0, 'sequence': 4}]"
965d925a-5ecd-409c-beb7-a34ef1ca52f3,Viktor,Hovland,NORWAY,5,True,401500.0,100.0,-12,268,V.Hovland,"[{'score': -1, 'strokes': 69, 'thru': 18, 'eagles': 0, 'birdies': 4, 'pars': 11, 'bogeys': 3, 'double_bogeys': 0, 'other_scores': 0, 'holes_in_one': 0, 'sequence': 1}, {'score': -4, 'strokes': 66, 'thru': 18, 'eagles': 0, 'birdies': 6, 'pars': 10, 'bogeys': 2, 'double_bogeys': 0, 'other_scores': 0, 'holes_in_one': 0, 'sequence': 2}, {'score': -6, 'strokes': 64, 'thru': 18, 'eagles': 1, 'birdies': 5, 'pars': 11, 'bogeys': 1, 'double_bogeys': 0, 'other_scores': 0, 'holes_in_one': 0, 'sequence': 3}, {'score': -1, 'strokes': 69, 'thru': 18, 'eagles': 1, 'birdies': 4, 'pars': 8, 'bogeys': 5, 'double_bogeys': 0, 'other_scores': 0, 'holes_in_one': 0, 'sequence': 4}]"
a92aa003-0301-40e3-ab69-663fe47d9012,Hayden,Buckley,UNITED STATES,5,True,401500.0,100.0,-12,268,H.Buckley,"[{'score': -2, 'strokes': 68, 'thru': 18, 'eagles': 1, 'birdies': 3, 'pars': 11, 'bogeys': 3, 'double_bogeys': 0, 'other_scores': 0, 'holes_in_one': 0, 'sequence': 1}, {'score': -2, 'strokes': 68, 'thru': 18, 'eagles': 0, 'birdies': 4, 'pars': 12, 'bogeys': 2, 'double_bogeys': 0, 'other_scores': 0, 'holes_in_one': 0, 'sequence': 2}, {'score': -6, 'strokes': 64, 'thru': 18, 'eagles': 1, 'birdies': 4, 'pars': 13, 'bogeys': 0, 'double_bogeys': 0, 'other_scores': 0, 'holes_in_one': 0, 'sequence': 3}, {'score': -2, 'strokes': 68, 'thru': 18, 'eagles': 0, 'birdies': 3, 'pars': 14, 'bogeys': 1, 'double_bogeys': 0, 'other_scores': 0, 'holes_in_one': 0, 'sequence': 4}]"
25faf9c2-3b45-4630-aac8-d11229cde0a1,Sahith,Theegala,UNITED STATES,5,True,401500.0,100.0,-12,268,S.Theegala,"[{'score': 1, 'strokes': 71, 'thru': 18, 'eagles': 0, 'birdies': 1, 'pars': 15, 'bogeys': 2, 'double_bogeys': 0, 'other_scores': 0, 'holes_in_one': 0, 'sequence': 1}, {'score': -3, 'strokes': 67, 'thru': 18, 'eagles': 0, 'birdies': 6, 'pars': 10, 'bogeys': 1, 'double_bogeys': 1, 'other_scores': 0, 'holes_in_one': 0, 'sequence': 2}, {'score': -7, 'strokes': 63, 'thru': 18, 'eagles': 0, 'birdies': 9, 'pars': 8, 'bogeys': 0, 'double_bogeys': 1, 'other_scores': 0, 'holes_in_one': 0, 'sequence': 3}, {'score': -3, 'strokes': 67, 'thru': 18, 'eagles': 0, 'birdies': 5, 'pars': 11, 'bogeys': 2, 'double_bogeys': 0, 'other_scores': 0, 'holes_in_one': 0, 'sequence': 4}]"
72b7246a-6391-4024-8d0f-35fa1c459664,Cameron,Champ,UNITED STATES,8,False,341000.0,85.0,-11,269,C.Champ,"[{'score': -1, 'strokes': 69, 'thru': 18, 'eagles': 0, 'birdies': 4, 'pars': 11, 'bogeys': 3, 'double_bogeys': 0, 'other_scores': 0, 'holes_in_one': 0, 'sequence': 1}, {'score': -3, 'strokes': 67, 'thru': 18, 'eagles': 1, 'birdies': 2, 'pars': 14, 'bogeys': 1, 'double_bogeys': 0, 'other_scores': 0, 'holes_in_one': 0, 'sequence': 2}, {'score': -6, 'strokes': 64, 'thru': 18, 'eagles': 1, 'birdies': 4, 'pars': 13, 'bogeys': 0, 'double_bogeys': 0, 'other_scores': 0, 'holes_in_one': 0, 'sequence': 3}, {'score': -1, 'strokes': 69, 'thru': 18, 'eagles': 0, 'birdies': 2, 'pars': 15, 'bogeys': 1, 'double_bogeys': 0, 'other_scores': 0, 'holes_in_one': 0, 'sequence': 4}]"
495479d6-cc8c-4a33-bce1-19d76de4448b,Matthew,NeSmith,UNITED STATES,9,True,297000.0,75.0,-10,270,M.NeSmith,"[{'score': -4, 'strokes': 66, 'thru': 18, 'eagles': 0, 'birdies': 7, 'pars': 8, 'bogeys': 3, 'double_bogeys': 0, 'other_scores': 0, 'holes_in_one': 0, 'sequence': 1}, {'score': -2, 'strokes': 68, 'thru': 18, 'eagles': 0, 'birdies': 5, 'pars': 10, 'bogeys': 3, 'double_bogeys': 0, 'other_scores': 0, 'holes_in_one': 0, 'sequence': 2}, {'score': -3, 'strokes': 67, 'thru': 18, 'eagles': 0, 'birdies': 4, 'pars': 13, 'bogeys': 1, 'double_bogeys': 0, 'other_scores': 0, 'holes_in_one': 0, 'sequence': 3}, {'score': -1, 'strokes': 69, 'thru': 18, 'eagles': 0, 'birdies': 3, 'pars': 13, 'bogeys': 2, 'double_bogeys': 0, 'other_scores': 0, 'holes_in_one': 0, 'sequence': 4}]"
26dc0bda-b9a8-4303-9c1c-ddecda3817d2,Xander,Schauffele,UNITED STATES,9,True,297000.0,75.0,-10,270,X.Schauffele,"[{'score': -3, 'strokes': 67, 'thru': 18, 'eagles': 0, 'birdies': 4, 'pars': 13, 'bogeys': 1, 'double_bogeys': 0, 'other_scores': 0, 'holes_in_one': 0, 'sequence': 1}, {'score': -1, 'strokes': 69, 'thru': 18, 'eagles': 0, 'birdies': 3, 'pars': 13, 'bogeys': 2, 'double_bogeys': 0, 'other_scores': 0, 'holes_in_one': 0, 'sequence': 2}, {'score': -1, 'strokes': 69, 'thru': 18, 'eagles': 0, 'birdies': 3, 'pars': 14, 'bogeys': 0, 'double_bogeys': 1, 'other_scores': 0, 'holes_in_one': 0, 'sequence': 3}, {'score': -5, 'strokes': 65, 'thru': 18, 'eagles': 0, 'birdies': 6, 'pars': 11, 'bogeys': 1, 'double_bogeys': 0, 'other_scores': 0, 'holes_in_one': 0, 'sequence': 4}]"
dae7d61f-bde2-4182-9e99-06b48689f004,Tom,Hoge,UNITED STATES,9,True,297000.0,75.0,-10,270,T.Hoge,"[{'score': 0, 'strokes': 70, 'thru': 18, 'eagles': 0, 'birdies': 1, 'pars': 16, 'bogeys': 1, 'double_bogeys': 0, 'other_scores': 0, 'holes_in_one': 0, 'sequence': 1}, {'score': -4, 'strokes': 66, 'thru': 18, 'eagles': 0, 'birdies': 4, 'pars': 14, 'bogeys': 0, 'double_bogeys': 0, 'other_scores': 0, 'holes_in_one': 0, 'sequence': 2}, {'score': -5, 'strokes': 65, 'thru': 18, 'eagles': 0, 'birdies': 7, 'pars': 9, 'bogeys': 2, 'double_bogeys': 0, 'other_scores': 0, 'holes_in_one': 0, 'sequence': 3}, {'score': -1, 'strokes': 69, 'thru': 18, 'eagles': 0, 'birdies': 3, 'pars': 13, 'bogeys': 2, 'double_bogeys': 0, 'other_scores': 0, 'holes_in_one': 0, 'sequence': 4}]"
8a699c51-e95c-4f2b-b57c-2fab6eb01adf,Ryo,Hisatune,Japan,12,True,222310.0,0.0,-9,271,R.Hisatune,"[{'score': -1, 'strokes': 69, 'thru': 18, 'eagles': 0, 'birdies': 3, 'pars': 13, 'bogeys': 2, 'double_bogeys': 0, 'other_scores': 0, 'holes_in_one': 0, 'sequence': 1}, {'score': -3, 'strokes': 67, 'thru': 18, 'eagles': 0, 'birdies': 4, 'pars': 13, 'bogeys': 1, 'double_bogeys': 0, 'other_scores': 0, 'holes_in_one': 0, 'sequence': 2}, {'score': -5, 'strokes': 65, 'thru': 18, 'eagles': 0, 'birdies': 6, 'pars': 11, 'bogeys': 1, 'double_bogeys': 0, 'other_scores': 0, 'holes_in_one': 0, 'sequence': 3}, {'score': 0, 'strokes': 70, 'thru': 18, 'eagles': 0, 'birdies': 2, 'pars': 14, 'bogeys': 2, 'double_bogeys': 0, 'other_scores': 0, 'holes_in_one': 0, 'sequence': 4}]"
d76795dc-6280-41d9-9345-7ec0b96453fc,Keita,Nakajima,JAPAN,12,True,222310.0,0.0,-9,271,K.Nakajima,"[{'score': 0, 'strokes': 70, 'thru': 18, 'eagles': 0, 'birdies': 5, 'pars': 8, 'bogeys': 5, 'double_bogeys': 0, 'other_scores': 0, 'holes_in_one': 0, 'sequence': 1}, {'score': -7, 'strokes': 63, 'thru': 18, 'eagles': 0, 'birdies': 9, 'pars': 7, 'bogeys': 2, 'double_bogeys': 0, 'other_scores': 0, 'holes_in_one': 0, 'sequence': 2}, {'score': -1, 'strokes': 69, 'thru': 18, 'eagles': 1, 'birdies': 0, 'pars': 16, 'bogeys': 1, 'double_bogeys': 0, 'other_scores': 0, 'holes_in_one': 0, 'sequence': 3}, {'score': -1, 'strokes': 69, 'thru': 18, 'eagles': 0, 'birdies': 2, 'pars': 15, 'bogeys': 1, 'double_bogeys': 0, 'other_scores': 0, 'holes_in_one': 0, 'sequence': 4}]"
37221a6c-c8c4-4eaa-beba-715f6e781962,Maverick,McNealy,UNITED STATES,12,True,222310.0,59.0,-9,271,M.McNealy,"[{'score': -3, 'strokes': 67, 'thru': 18, 'eagles': 0, 'birdies': 5, 'pars': 11, 'bogeys': 2, 'double_bogeys': 0, 'other_scores': 0, 'holes_in_one': 0, 'sequence': 1}, {'score': -1, 'strokes': 69, 'thru': 18, 'eagles': 0, 'birdies': 3, 'pars': 13, 'bogeys': 2, 'double_bogeys': 0, 'other_scores': 0, 'holes_in_one': 0, 'sequence': 2}, {'score': -6, 'strokes': 64, 'thru': 18, 'eagles': 0, 'birdies': 6, 'pars': 12, 'bogeys': 0, 'double_bogeys': 0, 'other_scores': 0, 'holes_in_one': 0, 'sequence': 3}, {'score': 1, 'strokes': 71, 'thru': 18, 'eagles': 0, 'birdies': 3, 'pars': 12, 'bogeys': 2, 'double_bogeys': 1, 'other_scores': 0, 'holes_in_one': 0, 'sequence': 4}]"
4e93ec3d-3ca8-4755-a874-4d1e5c18ccbf,Taylor,Moore,UNITED STATES,12,True,222310.0,59.0,-9,271,T.Moore,"[{'score': 0, 'strokes': 70, 'thru': 18, 'eagles': 0, 'birdies': 4, 'pars': 10, 'bogeys': 4, 'double_bogeys': 0, 'other_scores': 0, 'holes_in_one': 0, 'sequence': 1}, {'score': -4, 'strokes': 66, 'thru': 18, 'eagles': 0, 'birdies': 5, 'pars': 12, 'bogeys': 1, 'double_bogeys': 0, 'other_scores': 0, 'holes_in_one': 0, 'sequence': 2}, {'score': -5, 'strokes': 65, 'thru': 18, 'eagles': 0, 'birdies': 6, 'pars': 11, 'bogeys': 1, 'double_bogeys': 0, 'other_scores': 0, 'holes_in_one': 0, 'sequence': 3}, {'score': 0, 'strokes': 70, 'thru': 18, 'eagles': 0, 'birdies': 3, 'pars': 12, 'bogeys': 3, 'double_bogeys': 0, 'other_scores': 0, 'holes_in_one': 0, 'sequence': 4}]"
8cea0a81-9c21-4ba3-b1fb-c27de752491e,Mikumu,Horikawa,JAPAN,16,True,151674.0,0.0,-8,272,M.Horikawa,"[{'score': 3, 'strokes': 73, 'thru': 18, 'eagles': 0, 'birdies': 3, 'pars': 10, 'bogeys': 4, 'double_bogeys': 1, 'other_scores': 0, 'holes_in_one': 0, 'sequence': 1}, {'score': -2, 'strokes': 68, 'thru': 18, 'eagles': 0, 'birdies': 4, 'pars': 12, 'bogeys': 2, 'double_bogeys': 0, 'other_scores': 0, 'holes_in_one': 0, 'sequence': 2}, {'score': -4, 'strokes': 66, 'thru': 18, 'eagles': 0, 'birdies': 5, 'pars': 12, 'bogeys': 1, 'double_bogeys': 0, 'other_scores': 0, 'holes_in_one': 0, 'sequence': 3}, {'score': -5, 'strokes': 65, 'thru': 18, 'eagles': 0, 'birdies': 6, 'pars': 11, 'bogeys': 1, 'double_bogeys': 0, 'other_scores': 0, 'holes_in_one': 0, 'sequence': 4}]"
7060c098-0919-4fbb-9c12-c396378fd6e5,Beau,Hossler,UNITED STATES,16,True,151674.0,47.0,-8,272,B.Hossler,"[{'score': -2, 'strokes': 68, 'thru': 18, 'eagles': 0, 'birdies': 6, 'pars': 9, 'bogeys': 2, 'double_bogeys': 1, 'other_scores': 0, 'holes_in_one': 0, 'sequence': 1}, {'score': -2, 'strokes': 68, 'thru': 18, 'eagles': 0, 'birdies': 4, 'pars': 12, 'bogeys': 2, 'double_bogeys': 0, 'other_scores': 0, 'holes_in_one': 0, 'sequence': 2}, {'score': -4, 'strokes': 66, 'thru': 18, 'eagles': 0, 'birdies': 6, 'pars': 10, 'bogeys': 2, 'double_bogeys': 0, 'other_scores': 0, 'holes_in_one': 0, 'sequence': 3}, {'score': 0, 'strokes': 70, 'thru': 18, 'eagles': 0, 'birdies': 4, 'pars': 11, 'bogeys': 2, 'double_bogeys': 1, 'other_scores': 0, 'holes_in_one': 0, 'sequence': 4}]"
cb1856a9-b6ef-45ca-9ad7-9c02501f2481,Adam,Schenk,UNITED STATES,16,True,151674.0,47.0,-8,272,A.Schenk,"[{'score': -5, 'strokes': 65, 'thru': 18, 'eagles': 0, 'birdies': 5, 'pars': 13, 'bogeys': 0, 'double_bogeys': 0, 'other_scores': 0, 'holes_in_one': 0, 'sequence': 1}, {'score': 0, 'strokes': 70, 'thru': 18, 'eagles': 1, 'birdies': 1, 'pars': 13, 'bogeys': 3, 'double_bogeys': 0, 'other_scores': 0, 'holes_in_one': 0, 'sequence': 2}, {'score': -2, 'strokes': 68, 'thru': 18, 'eagles': 0, 'birdies': 5, 'pars': 10, 'bogeys': 3, 'double_bogeys': 0, 'other_scores': 0, 'holes_in_one': 0, 'sequence': 3}, {'score': -1, 'strokes': 69, 'thru': 18, 'eagles': 1, 'birdies': 2, 'pars': 12, 'bogeys': 3, 'double_bogeys': 0, 'other_scores': 0, 'holes_in_one': 0, 'sequence': 4}]"
0f2eb1c3-7278-4b5e-af2e-fd67644834b5,Wyndham,Clark,UNITED STATES,16,True,151674.0,47.0,-8,272,W.Clark,"[{'score': 1, 'strokes': 71, 'thru': 18, 'eagles': 0, 'birdies': 3, 'pars': 12, 'bogeys': 2, 'double_bogeys': 1, 'other_scores': 0, 'holes_in_one': 0, 'sequence': 1}, {'score': -4, 'strokes': 66, 'thru': 18, 'eagles': 0, 'birdies': 7, 'pars': 9, 'bogeys': 1, 'double_bogeys': 1, 'other_scores': 0, 'holes_in_one': 0, 'sequence': 2}, {'score': -2, 'strokes': 68, 'thru': 18, 'eagles': 0, 'birdies': 5, 'pars': 10, 'bogeys': 3, 'double_bogeys': 0, 'other_scores': 0, 'holes_in_one': 0, 'sequence': 3}, {'score': -3, 'strokes': 67, 'thru': 18, 'eagles': 0, 'birdies': 4, 'pars': 13, 'bogeys': 1, 'double_bogeys': 0, 'other_scores': 0, 'holes_in_one': 0, 'sequence': 4}]"
a6e8282b-2a5d-44fb-b28a-4e5c27770aaf,Satoshi,Kodaira,JAPAN,16,True,151674.0,47.0,-8,272,S.Kodaira,"[{'score': 0, 'strokes': 70, 'thru': 18, 'eagles': 0, 'birdies': 1, 'pars': 16, 'bogeys': 1, 'double_bogeys': 0, 'other_scores': 0, 'holes_in_one': 0, 'sequence': 1}, {'score': -4, 'strokes': 66, 'thru': 18, 'eagles': 0, 'birdies': 5, 'pars': 12, 'bogeys': 1, 'double_bogeys': 0, 'other_scores': 0, 'holes_in_one': 0, 'sequence': 2}, {'score': -1, 'strokes': 69, 'thru': 18, 'eagles': 0, 'birdies': 3, 'pars': 13, 'bogeys': 2, 'double_bogeys': 0, 'other_scores': 0, 'holes_in_one': 0, 'sequence': 3}, {'score': -3, 'strokes': 67, 'thru': 18, 'eagles': 0, 'birdies': 3, 'pars': 15, 'bogeys': 0, 'double_bogeys': 0, 'other_scores': 0, 'holes_in_one': 0, 'sequence': 4}]"
e8860c1b-85bf-4997-8f60-cf8681935219,Joel,Dahmen,UNITED STATES,16,True,151674.0,47.0,-8,272,J.Dahmen,"[{'score': -2, 'strokes': 68, 'thru': 18, 'eagles': 0, 'birdies': 3, 'pars': 14, 'bogeys': 1, 'double_bogeys': 0, 'other_scores': 0, 'holes_in_one': 0, 'sequence': 1}, {'score': -3, 'strokes': 67, 'thru': 18, 'eagles': 0, 'birdies': 4, 'pars': 13, 'bogeys': 1, 'double_bogeys': 0, 'other_scores': 0, 'holes_in_one': 0, 'sequence': 2}, {'score': -4, 'strokes': 66, 'thru': 18, 'eagles': 0, 'birdies': 4, 'pars': 14, 'bogeys': 0, 'double_bogeys': 0, 'other_scores': 0, 'holes_in_one': 0, 'sequence': 3}, {'score': 1, 'strokes': 71, 'thru': 18, 'eagles': 0, 'birdies': 2, 'pars': 14, 'bogeys': 1, 'double_bogeys': 1, 'other_scores': 0, 'holes_in_one': 0, 'sequence': 4}]"
3888a78e-b24a-4005-8915-2f03fccf3107,Patrick,Rodgers,UNITED STATES,16,True,151674.0,47.0,-8,272,P.Rodgers,"[{'score': 1, 'strokes': 71, 'thru': 18, 'eagles': 0, 'birdies': 2, 'pars': 13, 'bogeys': 3, 'double_bogeys': 0, 'other_scores': 0, 'holes_in_one': 0, 'sequence': 1}, {'score': -5, 'strokes': 65, 'thru': 18, 'eagles': 0, 'birdies': 6, 'pars': 11, 'bogeys': 1, 'double_bogeys': 0, 'other_scores': 0, 'holes_in_one': 0, 'sequence': 2}, {'score': -1, 'strokes': 69, 'thru': 18, 'eagles': 0, 'birdies': 4, 'pars': 11, 'bogeys': 3, 'double_bogeys': 0, 'other_scores': 0, 'holes_in_one': 0, 'sequence': 3}, {'score': -3, 'strokes': 67, 'thru': 18, 'eagles': 0, 'birdies': 3, 'pars': 15, 'bogeys': 0, 'double_bogeys': 0, 'other_scores': 0, 'holes_in_one': 0, 'sequence': 4}]"
6cad8490-72de-4df2-9d6a-ee1be88df338,Mackenzie,Hughes,CANADA,23,True,107360.0,38.0,-7,273,M.Hughes,"[{'score': 0, 'strokes': 70, 'thru': 18, 'eagles': 0, 'birdies': 2, 'pars': 14, 'bogeys': 2, 'double_bogeys': 0, 'other_scores': 0, 'holes_in_one': 0, 'sequence': 1}, {'score': -2, 'strokes': 68, 'thru': 18, 'eagles': 0, 'birdies': 4, 'pars': 12, 'bogeys': 2, 'double_bogeys': 0, 'other_scores': 0, 'holes_in_one': 0, 'sequence': 2}, {'score': -2, 'strokes': 68, 'thru': 18, 'eagles': 0, 'birdies': 5, 'pars': 10, 'bogeys': 3, 'double_bogeys': 0, 'other_scores': 0, 'holes_in_one': 0, 'sequence': 3}, {'score': -3, 'strokes': 67, 'thru': 18, 'eagles': 0, 'birdies': 5, 'pars': 11, 'bogeys': 2, 'double_bogeys': 0, 'other_scores': 0, 'holes_in_one': 0, 'sequence': 4}]"
045c94ec-9444-424e-8c8f-5045d872c57b,Lee,Hodges,UNITED STATES,23,True,107360.0,38.0,-7,273,L.Hodges,"[{'score': 3, 'strokes': 73, 'thru': 18, 'eagles': 0, 'birdies': 2, 'pars': 11, 'bogeys': 5, 'double_bogeys': 0, 'other_scores': 0, 'holes_in_one': 0, 'sequence': 1}, {'score': -6, 'strokes': 64, 'thru': 18, 'eagles': 1, 'birdies': 4, 'pars': 13, 'bogeys': 0, 'double_bogeys': 0, 'other_scores': 0, 'holes_in_one': 0, 'sequence': 2}, {'score': -3, 'strokes': 67, 'thru': 18, 'eagles': 0, 'birdies': 5, 'pars': 12, 'bogeys': 0, 'double_bogeys': 1, 'other_scores': 0, 'holes_in_one': 0, 'sequence': 3}, {'score': -1, 'strokes': 69, 'thru': 18, 'eagles': 1, 'birdies': 2, 'pars': 12, 'bogeys': 3, 'double_bogeys': 0, 'other_scores': 0, 'holes_in_one': 0, 'sequence': 4}]"
fa3c656a-7f3e-4931-ab19-5e07cc52c4f9,Alex,Smalley,UNITED STATES,25,True,85085.0,33.0,-6,274,A.Smalley,"[{'score': -2, 'strokes': 68, 'thru': 18, 'eagles': 0, 'birdies': 3, 'pars': 14, 'bogeys': 1, 'double_bogeys': 0, 'other_scores': 0, 'holes_in_one': 0, 'sequence': 1}, {'score': -1, 'strokes': 69, 'thru': 18, 'eagles': 0, 'birdies': 2, 'pars': 15, 'bogeys': 1, 'double_bogeys': 0, 'other_scores': 0, 'holes_in_one': 0, 'sequence': 2}, {'score': -3, 'strokes': 67, 'thru': 18, 'eagles': 0, 'birdies': 4, 'pars': 13, 'bogeys': 1, 'double_bogeys': 0, 'other_scores': 0, 'holes_in_one': 0, 'sequence': 3}, {'score': 0, 'strokes': 70, 'thru': 18, 'eagles': 0, 'birdies': 4, 'pars': 10, 'bogeys': 4, 'double_bogeys': 0, 'other_scores': 0, 'holes_in_one': 0, 'sequence': 4}]"
dfc22025-5644-4b06-9eac-52db7df7b259,Corey,Conners,CANADA,25,True,85085.0,33.0,-6,274,C.Conners,"[{'score': 3, 'strokes': 73, 'thru': 18, 'eagles': 0, 'birdies': 5, 'pars': 6, 'bogeys': 6, 'double_bogeys': 1, 'other_scores': 0, 'holes_in_one': 0, 'sequence': 1}, {'score': -3, 'strokes': 67, 'thru': 18, 'eagles': 0, 'birdies': 5, 'pars': 11, 'bogeys': 2, 'double_bogeys': 0, 'other_scores': 0, 'holes_in_one': 0, 'sequence': 2}, {'score': -3, 'strokes': 67, 'thru': 18, 'eagles': 0, 'birdies': 4, 'pars': 13, 'bogeys': 1, 'double_bogeys': 0, 'other_scores': 0, 'holes_in_one': 0, 'sequence': 3}, {'score': -3, 'strokes': 67, 'thru': 18, 'eagles': 0, 'birdies': 5, 'pars': 11, 'bogeys': 2, 'double_bogeys': 0, 'other_scores': 0, 'holes_in_one': 0, 'sequence': 4}]"
7fdc75ca-2c33-49b8-8738-a8ea06fb51ed,J.J.,Spaun,UNITED STATES,25,True,85085.0,33.0,-6,274,J.Spaun,"[{'score': 1, 'strokes': 71, 'thru': 18, 'eagles': 0, 'birdies': 2, 'pars': 13, 'bogeys': 3, 'double_bogeys': 0, 'other_scores': 0, 'holes_in_one': 0, 'sequence': 1}, {'score': -3, 'strokes': 67, 'thru': 18, 'eagles': 0, 'birdies': 3, 'pars': 15, 'bogeys': 0, 'double_bogeys': 0, 'other_scores': 0, 'holes_in_one': 0, 'sequence': 2}, {'score': -1, 'strokes': 69, 'thru': 18, 'eagles': 0, 'birdies': 5, 'pars': 9, 'bogeys': 4, 'double_bogeys': 0, 'other_scores': 0, 'holes_in_one': 0, 'sequence': 3}, {'score': -3, 'strokes': 67, 'thru': 18, 'eagles': 0, 'birdies': 4, 'pars': 13, 'bogeys': 1, 'double_bogeys': 0, 'other_scores': 0, 'holes_in_one': 0, 'sequence': 4}]"
aca3420a-9ed0-444d-b214-f831561f7c71,Tom,Kim,SOUTH KOREA,25,True,85085.0,33.0,-6,274,T.Kim,"[{'score': 0, 'strokes': 70, 'thru': 18, 'eagles': 0, 'birdies': 4, 'pars': 10, 'bogeys': 4, 'double_bogeys': 0, 'other_scores': 0, 'holes_in_one': 0, 'sequence': 1}, {'score': -2, 'strokes': 68, 'thru': 18, 'eagles': 0, 'birdies': 4, 'pars': 12, 'bogeys': 2, 'double_bogeys': 0, 'other_scores': 0, 'holes_in_one': 0, 'sequence': 2}, {'score': -3, 'strokes': 67, 'thru': 18, 'eagles': 0, 'birdies': 5, 'pars': 11, 'bogeys': 2, 'double_bogeys': 0, 'other_scores': 0, 'holes_in_one': 0, 'sequence': 3}, {'score': -1, 'strokes': 69, 'thru': 18, 'eagles': 0, 'birdies': 3, 'pars': 13, 'bogeys': 2, 'double_bogeys': 0, 'other_scores': 0, 'holes_in_one': 0, 'sequence': 4}]"
59e38135-5887-43e5-b6ab-25cbfedcd6e5,Luke,List,UNITED STATES,29,True,65796.0,25.0,-5,275,L.List,"[{'score': -1, 'strokes': 69, 'thru': 18, 'eagles': 0, 'birdies': 3, 'pars': 13, 'bogeys': 2, 'double_bogeys': 0, 'other_scores': 0, 'holes_in_one': 0, 'sequence': 1}, {'score': -4, 'strokes': 66, 'thru': 18, 'eagles': 1, 'birdies': 2, 'pars': 15, 'bogeys': 0, 'double_bogeys': 0, 'other_scores': 0, 'holes_in_one': 0, 'sequence': 2}, {'score': -2, 'strokes': 68, 'thru': 18, 'eagles': 0, 'birdies': 3, 'pars': 14, 'bogeys': 1, 'double_bogeys': 0, 'other_scores': 0, 'holes_in_one': 0, 'sequence': 3}, {'score': 2, 'strokes': 72, 'thru': 18, 'eagles': 0, 'birdies': 3, 'pars': 10, 'bogeys': 5, 'double_bogeys': 0, 'other_scores': 0, 'holes_in_one': 0, 'sequence': 4}]"
b2cde176-328d-4856-9684-6885a1651f57,Christiaan,Bezuidenhout,SOUTH AFRICA,29,True,65796.0,25.0,-5,275,C.Bezuidenhout,"[{'score': -2, 'strokes': 68, 'thru': 18, 'eagles': 0, 'birdies': 2, 'pars': 16, 'bogeys': 0, 'double_bogeys': 0, 'other_scores': 0, 'holes_in_one': 0, 'sequence': 1}, {'score': 3, 'strokes': 73, 'thru': 18, 'eagles': 0, 'birdies': 2, 'pars': 11, 'bogeys': 5, 'double_bogeys': 0, 'other_scores': 0, 'holes_in_one': 0, 'sequence': 2}, {'score': -4, 'strokes': 66, 'thru': 18, 'eagles': 0, 'birdies': 4, 'pars': 14, 'bogeys': 0, 'double_bogeys': 0, 'other_scores': 0, 'holes_in_one': 0, 'sequence': 3}, {'score': -2, 'strokes': 68, 'thru': 18, 'eagles': 0, 'birdies': 3, 'pars': 14, 'bogeys': 1, 'double_bogeys': 0, 'other_scores': 0, 'holes_in_one': 0, 'sequence': 4}]"
1c228994-a417-4452-896c-e77cdbe9af6b,Dylan,Frittelli,SOUTH AFRICA,29,True,65796.0,25.0,-5,275,D.Frittelli,"[{'score': 1, 'strokes': 71, 'thru': 18, 'eagles': 0, 'birdies': 3, 'pars': 11, 'bogeys': 4, 'double_bogeys': 0, 'other_scores': 0, 'holes_in_one': 0, 'sequence': 1}, {'score': -2, 'strokes': 68, 'thru': 18, 'eagles': 0, 'birdies': 3, 'pars': 14, 'bogeys': 1, 'double_bogeys': 0, 'other_scores': 0, 'holes_in_one': 0, 'sequence': 2}, {'score': -2, 'strokes': 68, 'thru': 18, 'eagles': 0, 'birdies': 3, 'pars': 14, 'bogeys': 1, 'double_bogeys': 0, 'other_scores': 0, 'holes_in_one': 0, 'sequence': 3}, {'score': -2, 'strokes': 68, 'thru': 18, 'eagles': 0, 'birdies': 4, 'pars': 12, 'bogeys': 2, 'double_bogeys': 0, 'other_scores': 0, 'holes_in_one': 0, 'sequence': 4}]"
e8448c58-d9af-4b4a-8238-4275cf7ab383,Brandon,Wu,UNITED STATES,29,True,65796.0,25.0,-5,275,B.Wu,"[{'score': -2, 'strokes': 68, 'thru': 18, 'eagles': 0, 'birdies': 3, 'pars': 14, 'bogeys': 1, 'double_bogeys': 0, 'other_scores': 0, 'holes_in_one': 0, 'sequence': 1}, {'score': -1, 'strokes': 69, 'thru': 18, 'eagles': 0, 'birdies': 2, 'pars': 15, 'bogeys': 1, 'double_bogeys': 0, 'other_scores': 0, 'holes_in_one': 0, 'sequence': 2}, {'score': -4, 'strokes': 66, 'thru': 18, 'eagles': 0, 'birdies': 4, 'pars': 14, 'bogeys': 0, 'double_bogeys': 0, 'other_scores': 0, 'holes_in_one': 0, 'sequence': 3}, {'score': 2, 'strokes': 72, 'thru': 18, 'eagles': 0, 'birdies': 2, 'pars': 12, 'bogeys': 4, 'double_bogeys': 0, 'other_scores': 0, 'holes_in_one': 0, 'sequence': 4}]"
5e4d3877-596c-4165-93d6-cda69c29447a,Kurt,Kitayama,UNITED STATES,29,True,65796.0,25.0,-5,275,K.Kitayama,"[{'score': -1, 'strokes': 69, 'thru': 18, 'eagles': 0, 'birdies': 3, 'pars': 13, 'bogeys': 2, 'double_bogeys': 0, 'other_scores': 0, 'holes_in_one': 0, 'sequence': 1}, {'score': 1, 'strokes': 71, 'thru': 18, 'eagles': 0, 'birdies': 3, 'pars': 12, 'bogeys': 2, 'double_bogeys': 1, 'other_scores': 0, 'holes_in_one': 0, 'sequence': 2}, {'score': 0, 'strokes': 70, 'thru': 18, 'eagles': 0, 'birdies': 3, 'pars': 12, 'bogeys': 3, 'double_bogeys': 0, 'other_scores': 0, 'holes_in_one': 0, 'sequence': 3}, {'score': -5, 'strokes': 65, 'thru': 18, 'eagles': 0, 'birdies': 6, 'pars': 11, 'bogeys': 1, 'double_bogeys': 0, 'other_scores': 0, 'holes_in_one': 0, 'sequence': 4}]"
f2bc6b83-fab1-4567-8bcf-9287d1940f2d,Cameron,Davis,AUSTRALIA,29,True,65796.0,25.0,-5,275,C.Davis,"[{'score': 0, 'strokes': 70, 'thru': 18, 'eagles': 0, 'birdies': 5, 'pars': 10, 'bogeys': 1, 'double_bogeys': 2, 'other_scores': 0, 'holes_in_one': 0, 'sequence': 1}, {'score': -3, 'strokes': 67, 'thru': 18, 'eagles': 0, 'birdies': 5, 'pars': 11, 'bogeys': 2, 'double_bogeys': 0, 'other_scores': 0, 'holes_in_one': 0, 'sequence': 2}, {'score': -1, 'strokes': 69, 'thru': 18, 'eagles': 0, 'birdies': 2, 'pars': 15, 'bogeys': 1, 'double_bogeys': 0, 'other_scores': 0, 'holes_in_one': 0, 'sequence': 3}, {'score': -1, 'strokes': 69, 'thru': 18, 'eagles': 0, 'birdies': 4, 'pars': 12, 'bogeys': 1, 'double_bogeys': 1, 'other_scores': 0, 'holes_in_one': 0, 'sequence': 4}]"
ac1db384-8cb4-4223-bc46-60f4ed963645,Sungjae,Im,SOUTH KOREA,29,True,65796.0,25.0,-5,275,S.Im,"[{'score': 1, 'strokes': 71, 'thru': 18, 'eagles': 0, 'birdies': 3, 'pars': 12, 'bogeys': 2, 'double_bogeys': 1, 'other_scores': 0, 'holes_in_one': 0, 'sequence': 1}, {'score': -2, 'strokes': 68, 'thru': 18, 'eagles': 0, 'birdies': 3, 'pars': 14, 'bogeys': 1, 'double_bogeys': 0, 'other_scores': 0, 'holes_in_one': 0, 'sequence': 2}, {'score': 0, 'strokes': 70, 'thru': 18, 'eagles': 0, 'birdies': 4, 'pars': 10, 'bogeys': 4, 'double_bogeys': 0, 'other_scores': 0, 'holes_in_one': 0, 'sequence': 3}, {'score': -4, 'strokes': 66, 'thru': 18, 'eagles': 1, 'birdies': 3, 'pars': 13, 'bogeys': 1, 'double_bogeys': 0, 'other_scores': 0, 'holes_in_one': 0, 'sequence': 4}]"
47fb8832-bf6c-4c00-a944-160b6f42fae6,Sebastian,Munoz,COLOMBIA,36,True,50298.0,19.0,-4,276,S.Munoz,"[{'score': 2, 'strokes': 72, 'thru': 18, 'eagles': 0, 'birdies': 4, 'pars': 9, 'bogeys': 4, 'double_bogeys': 1, 'other_scores': 0, 'holes_in_one': 0, 'sequence': 1}, {'score': -3, 'strokes': 67, 'thru': 18, 'eagles': 0, 'birdies': 5, 'pars': 11, 'bogeys': 2, 'double_bogeys': 0, 'other_scores': 0, 'holes_in_one': 0, 'sequence': 2}, {'score': -2, 'strokes': 68, 'thru': 18, 'eagles': 0, 'birdies': 3, 'pars': 14, 'bogeys': 1, 'double_bogeys': 0, 'other_scores': 0, 'holes_in_one': 0, 'sequence': 3}, {'score': -1, 'strokes': 69, 'thru': 18, 'eagles': 0, 'birdies': 5, 'pars': 9, 'bogeys': 4, 'double_bogeys': 0, 'other_scores': 0, 'holes_in_one': 0, 'sequence': 4}]"
09983b18-825f-485d-9e88-1da1d9f3783d,Kazuki,Higa,JAPAN,36,True,50298.0,0.0,-4,276,K.Higa,"[{'score': -3, 'strokes': 67, 'thru': 18, 'eagles': 0, 'birdies': 3, 'pars': 15, 'bogeys': 0, 'double_bogeys': 0, 'other_scores': 0, 'holes_in_one': 0, 'sequence': 1}, {'score': 0, 'strokes': 70, 'thru': 18, 'eagles': 0, 'birdies': 4, 'pars': 10, 'bogeys': 4, 'double_bogeys': 0, 'other_scores': 0, 'holes_in_one': 0, 'sequence': 2}, {'score': 0, 'strokes': 70, 'thru': 18, 'eagles': 0, 'birdies': 3, 'pars': 12, 'bogeys': 3, 'double_bogeys': 0, 'other_scores': 0, 'holes_in_one': 0, 'sequence': 3}, {'score': -1, 'strokes': 69, 'thru': 18, 'eagles': 0, 'birdies': 3, 'pars': 13, 'bogeys': 2, 'double_bogeys': 0, 'other_scores': 0, 'holes_in_one': 0, 'sequence': 4}]"
229faa9c-fc01-46bb-a8cb-f6b0310a8cef,Sam,Ryder,UNITED STATES,36,True,50298.0,19.0,-4,276,S.Ryder,"[{'score': -4, 'strokes': 66, 'thru': 18, 'eagles': 0, 'birdies': 7, 'pars': 8, 'bogeys': 3, 'double_bogeys': 0, 'other_scores': 0, 'holes_in_one': 0, 'sequence': 1}, {'score': -2, 'strokes': 68, 'thru': 18, 'eagles': 0, 'birdies': 2, 'pars': 16, 'bogeys': 0, 'double_bogeys': 0, 'other_scores': 0, 'holes_in_one': 0, 'sequence': 2}, {'score': -2, 'strokes': 68, 'thru': 18, 'eagles': 1, 'birdies': 3, 'pars': 11, 'bogeys': 3, 'double_bogeys': 0, 'other_scores': 0, 'holes_in_one': 0, 'sequence': 3}, {'score': 4, 'strokes': 74, 'thru': 18, 'eagles': 0, 'birdies': 2, 'pars': 12, 'bogeys': 2, 'double_bogeys': 2, 'other_scores': 0, 'holes_in_one': 0, 'sequence': 4}]"
31f03fb8-f92c-4853-8805-c668430cecc2,Aaron,Rai,ENGLAND,36,True,50298.0,19.0,-4,276,A.Rai,"[{'score': 1, 'strokes': 71, 'thru': 18, 'eagles': 0, 'birdies': 5, 'pars': 8, 'bogeys': 4, 'double_bogeys': 1, 'other_scores': 0, 'holes_in_one': 0, 'sequence': 1}, {'score': -4, 'strokes': 66, 'thru': 18, 'eagles': 1, 'birdies': 3, 'pars': 13, 'bogeys': 1, 'double_bogeys': 0, 'other_scores': 0, 'holes_in_one': 0, 'sequence': 2}, {'score': 0, 'strokes': 70, 'thru': 18, 'eagles': 0, 'birdies': 3, 'pars': 12, 'bogeys': 3, 'double_bogeys': 0, 'other_scores': 0, 'holes_in_one': 0, 'sequence': 3}, {'score': -1, 'strokes': 69, 'thru': 18, 'eagles': 0, 'birdies': 4, 'pars': 11, 'bogeys': 3, 'double_bogeys': 0, 'other_scores': 0, 'holes_in_one': 0, 'sequence': 4}]"
d45bcf4a-5803-4b0b-ab6c-6427a76cecf7,Hideki,Matsuyama,JAPAN,40,True,40260.0,14.0,-3,277,H.Matsuyama,"[{'score': 1, 'strokes': 71, 'thru': 18, 'eagles': 0, 'birdies': 2, 'pars': 13, 'bogeys': 3, 'double_bogeys': 0, 'other_scores': 0, 'holes_in_one': 0, 'sequence': 1}, {'score': -1, 'strokes': 69, 'thru': 18, 'eagles': 0, 'birdies': 2, 'pars': 15, 'bogeys': 1, 'double_bogeys': 0, 'other_scores': 0, 'holes_in_one': 0, 'sequence': 2}, {'score': -4, 'strokes': 66, 'thru': 18, 'eagles': 0, 'birdies': 5, 'pars': 12, 'bogeys': 1, 'double_bogeys': 0, 'other_scores': 0, 'holes_in_one': 0, 'sequence': 3}, {'score': 1, 'strokes': 71, 'thru': 18, 'eagles': 0, 'birdies': 2, 'pars': 13, 'bogeys': 3, 'double_bogeys': 0, 'other_scores': 0, 'holes_in_one': 0, 'sequence': 4}]"
74dc07d3-784c-4e1c-95ad-d3a22d58f9d9,David,Lipsky,UNITED STATES,40,True,40260.0,14.0,-3,277,D.Lipsky,"[{'score': -1, 'strokes': 69, 'thru': 18, 'eagles': 0, 'birdies': 3, 'pars': 13, 'bogeys': 2, 'double_bogeys': 0, 'other_scores': 0, 'holes_in_one': 0, 'sequence': 1}, {'score': -1, 'strokes': 69, 'thru': 18, 'eagles': 0, 'birdies': 2, 'pars': 15, 'bogeys': 1, 'double_bogeys': 0, 'other_scores': 0, 'holes_in_one': 0, 'sequence': 2}, {'score': -1, 'strokes': 69, 'thru': 18, 'eagles': 0, 'birdies': 4, 'pars': 11, 'bogeys': 3, 'double_bogeys': 0, 'other_scores': 0, 'holes_in_one': 0, 'sequence': 3}, {'score': 0, 'strokes': 70, 'thru': 18, 'eagles': 0, 'birdies': 2, 'pars': 14, 'bogeys': 2, 'double_bogeys': 0, 'other_scores': 0, 'holes_in_one': 0, 'sequence': 4}]"
5488bb49-3607-4517-a3a1-5cf68737aa37,Stephan,Jaeger,GERMANY,40,True,40260.0,14.0,-3,277,S.Jaeger,"[{'score': -1, 'strokes': 69, 'thru': 18, 'eagles': 0, 'birdies': 4, 'pars': 11, 'bogeys': 3, 'double_bogeys': 0, 'other_scores': 0, 'holes_in_one': 0, 'sequence': 1}, {'score': 3, 'strokes': 73, 'thru': 18, 'eagles': 0, 'birdies': 1, 'pars': 14, 'bogeys': 2, 'double_bogeys': 1, 'other_scores': 0, 'holes_in_one': 0, 'sequence': 2}, {'score': -5, 'strokes': 65, 'thru': 18, 'eagles': 0, 'birdies': 6, 'pars': 11, 'bogeys': 1, 'double_bogeys': 0, 'other_scores': 0, 'holes_in_one': 0, 'sequence': 3}, {'score': 0, 'strokes': 70, 'thru': 18, 'eagles': 0, 'birdies': 3, 'pars': 12, 'bogeys': 3, 'double_bogeys': 0, 'other_scores': 0, 'holes_in_one': 0, 'sequence': 4}]"
5003f675-818b-410a-9f2e-1a860d152900,Brendan,Steele,UNITED STATES,40,True,40260.0,14.0,-3,277,B.Steele,"[{'score': -6, 'strokes': 64, 'thru': 18, 'eagles': 0, 'birdies': 7, 'pars': 10, 'bogeys': 1, 'double_bogeys': 0, 'other_scores': 0, 'holes_in_one': 0, 'sequence': 1}, {'score': 3, 'strokes': 73, 'thru': 18, 'eagles': 0, 'birdies': 3, 'pars': 10, 'bogeys': 4, 'double_bogeys': 1, 'other_scores': 0, 'holes_in_one': 0, 'sequence': 2}, {'score': -3, 'strokes': 67, 'thru': 18, 'eagles': 0, 'birdies': 4, 'pars': 13, 'bogeys': 1, 'double_bogeys': 0, 'other_scores': 0, 'holes_in_one': 0, 'sequence': 3}, {'score': 3, 'strokes': 73, 'thru': 18, 'eagles': 0, 'birdies': 2, 'pars': 12, 'bogeys': 3, 'double_bogeys': 1, 'other_scores': 0, 'holes_in_one': 0, 'sequence': 4}]"
d28839e8-d9f0-483f-9932-227775cb78cf,Scott,Stallings,UNITED STATES,40,True,40260.0,14.0,-3,277,S.Stallings,"[{'score': 3, 'strokes': 73, 'thru': 18, 'eagles': 0, 'birdies': 3, 'pars': 9, 'bogeys': 6, 'double_bogeys': 0, 'other_scores': 0, 'holes_in_one': 0, 'sequence': 1}, {'score': -4, 'strokes': 66, 'thru': 18, 'eagles': 0, 'birdies': 5, 'pars': 12, 'bogeys': 1, 'double_bogeys': 0, 'other_scores': 0, 'holes_in_one': 0, 'sequence': 2}, {'score': -1, 'strokes': 69, 'thru': 18, 'eagles': 1, 'birdies': 3, 'pars': 10, 'bogeys': 4, 'double_bogeys': 0, 'other_scores': 0, 'holes_in_one': 0, 'sequence': 3}, {'score': -1, 'strokes': 69, 'thru': 18, 'eagles': 1, 'birdies': 3, 'pars': 10, 'bogeys': 4, 'double_bogeys': 0, 'other_scores': 0, 'holes_in_one': 0, 'sequence': 4}]"
6085737f-7886-4f0f-8c4b-72c9c00664bc,Mito,Pereira,CHILE,45,True,27638.0,9.0,-2,278,M.Pereira,"[{'score': -3, 'strokes': 67, 'thru': 18, 'eagles': 0, 'birdies': 4, 'pars': 13, 'bogeys': 1, 'double_bogeys': 0, 'other_scores': 0, 'holes_in_one': 0, 'sequence': 1}, {'score': 7, 'strokes': 77, 'thru': 18, 'eagles': 0, 'birdies': 1, 'pars': 11, 'bogeys': 4, 'double_bogeys': 2, 'other_scores': 0, 'holes_in_one': 0, 'sequence': 2}, {'score': -2, 'strokes': 68, 'thru': 18, 'eagles': 0, 'birdies': 4, 'pars': 12, 'bogeys': 2, 'double_bogeys': 0, 'other_scores': 0, 'holes_in_one': 0, 'sequence': 3}, {'score': -4, 'strokes': 66, 'thru': 18, 'eagles': 0, 'birdies': 6, 'pars': 10, 'bogeys': 2, 'double_bogeys': 0, 'other_scores': 0, 'holes_in_one': 0, 'sequence': 4}]"
502087cf-2c40-4e1d-9649-4f4e6d7d7778,Sepp,Straka,AUSTRIA,45,True,27638.0,9.0,-2,278,S.Straka,"[{'score': 2, 'strokes': 72, 'thru': 18, 'eagles': 0, 'birdies': 1, 'pars': 14, 'bogeys': 3, 'double_bogeys': 0, 'other_scores': 0, 'holes_in_one': 0, 'sequence': 1}, {'score': -2, 'strokes': 68, 'thru': 18, 'eagles': 0, 'birdies': 5, 'pars': 11, 'bogeys': 1, 'double_bogeys': 1, 'other_scores': 0, 'holes_in_one': 0, 'sequence': 2}, {'score': -2, 'strokes': 68, 'thru': 18, 'eagles': 0, 'birdies': 3, 'pars': 14, 'bogeys': 1, 'double_bogeys': 0, 'other_scores': 0, 'holes_in_one': 0, 'sequence': 3}, {'score': 0, 'strokes': 70, 'thru': 18, 'eagles': 0, 'birdies': 3, 'pars': 12, 'bogeys': 3, 'double_bogeys': 0, 'other_scores': 0, 'holes_in_one': 0, 'sequence': 4}]"
45a571da-a1e4-4d48-9f88-47bb5185f0d0,Martin,Laird,SCOTLAND,45,True,27638.0,9.0,-2,278,M.Laird,"[{'score': 5, 'strokes': 75, 'thru': 18, 'eagles': 0, 'birdies': 3, 'pars': 9, 'bogeys': 5, 'double_bogeys': 0, 'other_scores': 1, 'holes_in_one': 0, 'sequence': 1}, {'score': -4, 'strokes': 66, 'thru': 18, 'eagles': 0, 'birdies': 6, 'pars': 10, 'bogeys': 2, 'double_bogeys': 0, 'other_scores': 0, 'holes_in_one': 0, 'sequence': 2}, {'score': -4, 'strokes': 66, 'thru': 18, 'eagles': 0, 'birdies': 4, 'pars': 14, 'bogeys': 0, 'double_bogeys': 0, 'other_scores': 0, 'holes_in_one': 0, 'sequence': 3}, {'score': 1, 'strokes': 71, 'thru': 18, 'eagles': 0, 'birdies': 3, 'pars': 13, 'bogeys': 1, 'double_bogeys': 0, 'other_scores': 1, 'holes_in_one': 0, 'sequence': 4}]"
ce5a1cd5-bf8c-4f0d-9903-844ec3aa7e10,Tyrrell,Hatton,ENGLAND,45,True,27638.0,9.0,-2,278,T.Hatton,"[{'score': 0, 'strokes': 70, 'thru': 18, 'eagles': 0, 'birdies': 5, 'pars': 11, 'bogeys': 1, 'double_bogeys': 0, 'other_scores': 1, 'holes_in_one': 0, 'sequence': 1}, {'score': 0, 'strokes': 70, 'thru': 18, 'eagles': 1, 'birdies': 2, 'pars': 12, 'bogeys': 2, 'double_bogeys': 1, 'other_scores': 0, 'holes_in_one': 0, 'sequence': 2}, {'score': 0, 'strokes': 70, 'thru': 18, 'eagles': 0, 'birdies': 2, 'pars': 14, 'bogeys': 2, 'double_bogeys': 0, 'other_scores': 0, 'holes_in_one': 0, 'sequence': 3}, {'score': -2, 'strokes': 68, 'thru': 18, 'eagles': 0, 'birdies': 4, 'pars': 12, 'bogeys': 2, 'double_bogeys': 0, 'other_scores': 0, 'holes_in_one': 0, 'sequence': 4}]"
21886b8c-d915-4bbc-9bda-0352821c432b,Si Woo,Kim,SOUTH KOREA,45,True,27638.0,9.0,-2,278,S.Kim,"[{'score': 1, 'strokes': 71, 'thru': 18, 'eagles': 0, 'birdies': 4, 'pars': 10, 'bogeys': 3, 'double_bogeys': 1, 'other_scores': 0, 'holes_in_one': 0, 'sequence': 1}, {'score': -4, 'strokes': 66, 'thru': 18, 'eagles': 0, 'birdies': 5, 'pars': 12, 'bogeys': 1, 'double_bogeys': 0, 'other_scores': 0, 'holes_in_one': 0, 'sequence': 2}, {'score': -1, 'strokes': 69, 'thru': 18, 'eagles': 0, 'birdies': 2, 'pars': 15, 'bogeys': 1, 'double_bogeys': 0, 'other_scores': 0, 'holes_in_one': 0, 'sequence': 3}, {'score': 2, 'strokes': 72, 'thru': 18, 'eagles': 0, 'birdies': 1, 'pars': 15, 'bogeys': 1, 'double_bogeys': 1, 'other_scores': 0, 'holes_in_one': 0, 'sequence': 4}]"
f0ff1391-fc29-41bf-b46a-cd5ef9f63ad9,Collin,Morikawa,UNITED STATES,45,True,27638.0,9.0,-2,278,C.Morikawa,"[{'score': 1, 'strokes': 71, 'thru': 18, 'eagles': 0, 'birdies': 3, 'pars': 11, 'bogeys': 4, 'double_bogeys': 0, 'other_scores': 0, 'holes_in_one': 0, 'sequence': 1}, {'score': -6, 'strokes': 64, 'thru': 18, 'eagles': 0, 'birdies': 7, 'pars': 10, 'bogeys': 1, 'double_bogeys': 0, 'other_scores': 0, 'holes_in_one': 0, 'sequence': 2}, {'score': 3, 'strokes': 73, 'thru': 18, 'eagles': 0, 'birdies': 1, 'pars': 13, 'bogeys': 4, 'double_bogeys': 0, 'other_scores': 0, 'holes_in_one': 0, 'sequence': 3}, {'score': 0, 'strokes': 70, 'thru': 18, 'eagles': 0, 'birdies': 2, 'pars': 14, 'bogeys': 2, 'double_bogeys': 0, 'other_scores': 0, 'holes_in_one': 0, 'sequence': 4}]"
a76f47fb-8523-457b-8b16-2c88d8e5c892,Chez,Reavie,UNITED STATES,45,True,27638.0,9.0,-2,278,C.Reavie,"[{'score': 4, 'strokes': 74, 'thru': 18, 'eagles': 0, 'birdies': 3, 'pars': 10, 'bogeys': 3, 'double_bogeys': 2, 'other_scores': 0, 'holes_in_one': 0, 'sequence': 1}, {'score': -1, 'strokes': 69, 'thru': 18, 'eagles': 0, 'birdies': 3, 'pars': 13, 'bogeys': 2, 'double_bogeys': 0, 'other_scores': 0, 'holes_in_one': 0, 'sequence': 2}, {'score': -2, 'strokes': 68, 'thru': 18, 'eagles': 0, 'birdies': 3, 'pars': 14, 'bogeys': 1, 'double_bogeys': 0, 'other_scores': 0, 'holes_in_one': 0, 'sequence': 3}, {'score': -3, 'strokes': 67, 'thru': 18, 'eagles': 0, 'birdies': 4, 'pars': 13, 'bogeys': 1, 'double_bogeys': 0, 'other_scores': 0, 'holes_in_one': 0, 'sequence': 4}]"
0c6211a3-ded4-49cf-a63c-190fbbff0ea0,John,Huh,UNITED STATES,45,True,27638.0,9.0,-2,278,J.Huh,"[{'score': 1, 'strokes': 71, 'thru': 18, 'eagles': 0, 'birdies': 3, 'pars': 11, 'bogeys': 4, 'double_bogeys': 0, 'other_scores': 0, 'holes_in_one': 0, 'sequence': 1}, {'score': -9, 'strokes': 61, 'thru': 18, 'eagles': 0, 'birdies': 9, 'pars': 9, 'bogeys': 0, 'double_bogeys': 0, 'other_scores': 0, 'holes_in_one': 0, 'sequence': 2}, {'score': 2, 'strokes': 72, 'thru': 18, 'eagles': 0, 'birdies': 3, 'pars': 12, 'bogeys': 1, 'double_bogeys': 2, 'other_scores': 0, 'holes_in_one': 0, 'sequence': 3}, {'score': 4, 'strokes': 74, 'thru': 18, 'eagles': 0, 'birdies': 3, 'pars': 10, 'bogeys': 3, 'double_bogeys': 2, 'other_scores': 0, 'holes_in_one': 0, 'sequence': 4}]"
6577ec3d-9e78-4979-8f4c-01c465fa6b1d,Tommy,Fleetwood,ENGLAND,53,True,22587.0,6.0,-1,279,T.Fleetwood,"[{'score': 0, 'strokes': 70, 'thru': 18, 'eagles': 0, 'birdies': 4, 'pars': 11, 'bogeys': 2, 'double_bogeys': 1, 'other_scores': 0, 'holes_in_one': 0, 'sequence': 1}, {'score': 1, 'strokes': 71, 'thru': 18, 'eagles': 0, 'birdies': 2, 'pars': 13, 'bogeys': 3, 'double_bogeys': 0, 'other_scores': 0, 'holes_in_one': 0, 'sequence': 2}, {'score': -1, 'strokes': 69, 'thru': 18, 'eagles': 0, 'birdies': 2, 'pars': 15, 'bogeys': 1, 'double_bogeys': 0, 'other_scores': 0, 'holes_in_one': 0, 'sequence': 3}, {'score': -1, 'strokes': 69, 'thru': 18, 'eagles': 1, 'birdies': 1, 'pars': 14, 'bogeys': 2, 'double_bogeys': 0, 'other_scores': 0, 'holes_in_one': 0, 'sequence': 4}]"
a4978416-8ed7-4884-ac5f-2bc941b0801d,Danny,Lee,NEW ZEALAND,53,True,22587.0,6.0,-1,279,D.Lee,"[{'score': -2, 'strokes': 68, 'thru': 18, 'eagles': 0, 'birdies': 4, 'pars': 13, 'bogeys': 0, 'double_bogeys': 1, 'other_scores': 0, 'holes_in_one': 0, 'sequence': 1}, {'score': 5, 'strokes': 75, 'thru': 18, 'eagles': 0, 'birdies': 1, 'pars': 13, 'bogeys': 2, 'double_bogeys': 2, 'other_scores': 0, 'holes_in_one': 0, 'sequence': 2}, {'score': -5, 'strokes': 65, 'thru': 18, 'eagles': 0, 'birdies': 9, 'pars': 5, 'bogeys': 4, 'double_bogeys': 0, 'other_scores': 0, 'holes_in_one': 0, 'sequence': 3}, {'score': 1, 'strokes': 71, 'thru': 18, 'eagles': 0, 'birdies': 5, 'pars': 7, 'bogeys': 6, 'double_bogeys': 0, 'other_scores': 0, 'holes_in_one': 0, 'sequence': 4}]"
b59048c3-989d-49bf-b0cc-e5516c67da64,Yuto,Katsuragawa,Japan,53,True,22587.0,0.0,-1,279,Y.Katsuragawa,"[{'score': -1, 'strokes': 69, 'thru': 18, 'eagles': 0, 'birdies': 3, 'pars': 13, 'bogeys': 2, 'double_bogeys': 0, 'other_scores': 0, 'holes_in_one': 0, 'sequence': 1}, {'score': 0, 'strokes': 70, 'thru': 18, 'eagles': 0, 'birdies': 3, 'pars': 12, 'bogeys': 3, 'double_bogeys': 0, 'other_scores': 0, 'holes_in_one': 0, 'sequence': 2}, {'score': 3, 'strokes': 73, 'thru': 18, 'eagles': 0, 'birdies': 0, 'pars': 15, 'bogeys': 3, 'double_bogeys': 0, 'other_scores': 0, 'holes_in_one': 0, 'sequence': 3}, {'score': -3, 'strokes': 67, 'thru': 18, 'eagles': 0, 'birdies': 5, 'pars': 11, 'bogeys': 2, 'double_bogeys': 0, 'other_scores': 0, 'holes_in_one': 0, 'sequence': 4}]"
352c0895-df8e-4b76-9294-4079a2d08078,Adam,Long,UNITED STATES,53,True,22587.0,6.0,-1,279,A.Long,"[{'score': -2, 'strokes': 68, 'thru': 18, 'eagles': 0, 'birdies': 3, 'pars': 14, 'bogeys': 1, 'double_bogeys': 0, 'other_scores': 0, 'holes_in_one': 0, 'sequence': 1}, {'score': -2, 'strokes': 68, 'thru': 18, 'eagles': 0, 'birdies': 5, 'pars': 10, 'bogeys': 3, 'double_bogeys': 0, 'other_scores': 0, 'holes_in_one': 0, 'sequence': 2}, {'score': -2, 'strokes': 68, 'thru': 18, 'eagles': 0, 'birdies': 3, 'pars': 14, 'bogeys': 1, 'double_bogeys': 0, 'other_scores': 0, 'holes_in_one': 0, 'sequence': 3}, {'score': 5, 'strokes': 75, 'thru': 18, 'eagles': 0, 'birdies': 2, 'pars': 10, 'bogeys': 5, 'double_bogeys': 1, 'other_scores': 0, 'holes_in_one': 0, 'sequence': 4}]"
a0a52f7a-4dbf-4656-ba47-1e1b6de63411,Takumi,Kanaya,JAPAN,53,True,22587.0,0.0,-1,279,T.Kanaya,"[{'score': 2, 'strokes': 72, 'thru': 18, 'eagles': 0, 'birdies': 2, 'pars': 12, 'bogeys': 4, 'double_bogeys': 0, 'other_scores': 0, 'holes_in_one': 0, 'sequence': 1}, {'score': -3, 'strokes': 67, 'thru': 18, 'eagles': 0, 'birdies': 4, 'pars': 13, 'bogeys': 1, 'double_bogeys': 0, 'other_scores': 0, 'holes_in_one': 0, 'sequence': 2}, {'score': 0, 'strokes': 70, 'thru': 18, 'eagles': 0, 'birdies': 4, 'pars': 12, 'bogeys': 1, 'double_bogeys': 0, 'other_scores': 1, 'holes_in_one': 0, 'sequence': 3}, {'score': 0, 'strokes': 70, 'thru': 18, 'eagles': 0, 'birdies': 4, 'pars': 10, 'bogeys': 4, 'double_bogeys': 0, 'other_scores': 0, 'holes_in_one': 0, 'sequence': 4}]"
9fbf091c-5e4b-42a4-93d7-92a6785a618d,Cameron,Young,UNITED STATES,53,True,22587.0,6.0,-1,279,C.Young,"[{'score': 0, 'strokes': 70, 'thru': 18, 'eagles': 0, 'birdies': 4, 'pars': 11, 'bogeys': 2, 'double_bogeys': 1, 'other_scores': 0, 'holes_in_one': 0, 'sequence': 1}, {'score': -3, 'strokes': 67, 'thru': 18, 'eagles': 0, 'birdies': 5, 'pars': 11, 'bogeys': 2, 'double_bogeys': 0, 'other_scores': 0, 'holes_in_one': 0, 'sequence': 2}, {'score': 2, 'strokes': 72, 'thru': 18, 'eagles': 0, 'birdies': 2, 'pars': 12, 'bogeys': 4, 'double_bogeys': 0, 'other_scores': 0, 'holes_in_one': 0, 'sequence': 3}, {'score': 0, 'strokes': 70, 'thru': 18, 'eagles': 0, 'birdies': 4, 'pars': 10, 'bogeys': 4, 'double_bogeys': 0, 'other_scores': 0, 'holes_in_one': 0, 'sequence': 4}]"
ad2405f8-2e7c-4c32-abfc-ad0a7e703244,Kyoung-Hoon,Lee,SOUTH KOREA,59,True,21340.0,5.0,0,280,K.Lee,"[{'score': 1, 'strokes': 71, 'thru': 18, 'eagles': 0, 'birdies': 1, 'pars': 15, 'bogeys': 2, 'double_bogeys': 0, 'other_scores': 0, 'holes_in_one': 0, 'sequence': 1}, {'score': -2, 'strokes': 68, 'thru': 18, 'eagles': 0, 'birdies': 6, 'pars': 8, 'bogeys': 4, 'double_bogeys': 0, 'other_scores': 0, 'holes_in_one': 0, 'sequence': 2}, {'score': -1, 'strokes': 69, 'thru': 18, 'eagles': 0, 'birdies': 4, 'pars': 11, 'bogeys': 3, 'double_bogeys': 0, 'other_scores': 0, 'holes_in_one': 0, 'sequence': 3}, {'score': 2, 'strokes': 72, 'thru': 18, 'eagles': 0, 'birdies': 3, 'pars': 11, 'bogeys': 3, 'double_bogeys': 1, 'other_scores': 0, 'holes_in_one': 0, 'sequence': 4}]"
e53f4a04-d8c9-45f0-87be-71c4c9dbf9b3,Rikuya,Hoshino,JAPAN,59,True,21340.0,0.0,0,280,R.Hoshino,"[{'score': 3, 'strokes': 73, 'thru': 18, 'eagles': 0, 'birdies': 2, 'pars': 11, 'bogeys': 5, 'double_bogeys': 0, 'other_scores': 0, 'holes_in_one': 0, 'sequence': 1}, {'score': 0, 'strokes': 70, 'thru': 18, 'eagles': 0, 'birdies': 2, 'pars': 14, 'bogeys': 2, 'double_bogeys': 0, 'other_scores': 0, 'holes_in_one': 0, 'sequence': 2}, {'score': -1, 'strokes': 69, 'thru': 18, 'eagles': 0, 'birdies': 3, 'pars': 13, 'bogeys': 2, 'double_bogeys': 0, 'other_scores': 0, 'holes_in_one': 0, 'sequence': 3}, {'score': -2, 'strokes': 68, 'thru': 18, 'eagles': 0, 'birdies': 4, 'pars': 13, 'bogeys': 0, 'double_bogeys': 1, 'other_scores': 0, 'holes_in_one': 0, 'sequence': 4}]"
b9cafdfc-8b4c-456e-a812-20e9ff739c10,Lucas,Herbert,AUSTRALIA,59,True,21340.0,5.0,0,280,L.Herbert,"[{'score': 4, 'strokes': 74, 'thru': 18, 'eagles': 0, 'birdies': 1, 'pars': 14, 'bogeys': 2, 'double_bogeys': 0, 'other_scores': 1, 'holes_in_one': 0, 'sequence': 1}, {'score': 2, 'strokes': 72, 'thru': 18, 'eagles': 0, 'birdies': 2, 'pars': 13, 'bogeys': 2, 'double_bogeys': 1, 'other_scores': 0, 'holes_in_one': 0, 'sequence': 2}, {'score': 1, 'strokes': 71, 'thru': 18, 'eagles': 0, 'birdies': 2, 'pars': 13, 'bogeys': 3, 'double_bogeys': 0, 'other_scores': 0, 'holes_in_one': 0, 'sequence': 3}, {'score': -7, 'strokes': 63, 'thru': 18, 'eagles': 0, 'birdies': 7, 'pars': 11, 'bogeys': 0, 'double_bogeys': 0, 'other_scores': 0, 'holes_in_one': 0, 'sequence': 4}]"
f3dd1173-b81a-4048-abdb-34ae5bc06ed1,Adam,Svensson,CANADA,59,True,21340.0,5.0,0,280,A.Svensson,"[{'score': 4, 'strokes': 74, 'thru': 18, 'eagles': 0, 'birdies': 3, 'pars': 9, 'bogeys': 5, 'double_bogeys': 1, 'other_scores': 0, 'holes_in_one': 0, 'sequence': 1}, {'score': -2, 'strokes': 68, 'thru': 18, 'eagles': 1, 'birdies': 3, 'pars': 12, 'bogeys': 1, 'double_bogeys': 1, 'other_scores': 0, 'holes_in_one': 0, 'sequence': 2}, {'score': -2, 'strokes': 68, 'thru': 18, 'eagles': 0, 'birdies': 4, 'pars': 12, 'bogeys': 2, 'double_bogeys': 0, 'other_scores': 0, 'holes_in_one': 0, 'sequence': 3}, {'score': 0, 'strokes': 70, 'thru': 18, 'eagles': 0, 'birdies': 2, 'pars': 14, 'bogeys': 2, 'double_bogeys': 0, 'other_scores': 0, 'holes_in_one': 0, 'sequence': 4}]"
49fb93d3-5dbe-448f-a0cb-d851087f2019,C.T.,Pan,CHINESE TAIPEI,59,True,21340.0,5.0,0,280,C.Pan,"[{'score': 1, 'strokes': 71, 'thru': 18, 'eagles': 0, 'birdies': 1, 'pars': 15, 'bogeys': 2, 'double_bogeys': 0, 'other_scores': 0, 'holes_in_one': 0, 'sequence': 1}, {'score': -3, 'strokes': 67, 'thru': 18, 'eagles': 0, 'birdies': 5, 'pars': 11, 'bogeys': 2, 'double_bogeys': 0, 'other_scores': 0, 'holes_in_one': 0, 'sequence': 2}, {'score': -1, 'strokes': 69, 'thru': 18, 'eagles': 0, 'birdies': 3, 'pars': 14, 'bogeys': 0, 'double_bogeys': 1, 'other_scores': 0, 'holes_in_one': 0, 'sequence': 3}, {'score': 3, 'strokes': 73, 'thru': 18, 'eagles': 0, 'birdies': 3, 'pars': 9, 'bogeys': 6, 'double_bogeys': 0, 'other_scores': 0, 'holes_in_one': 0, 'sequence': 4}]"
7a0277b6-8e6a-4590-ae98-f2335fcabc91,Naoyuki,Kataoka,Japan,64,True,20570.0,0.0,1,281,N.Kataoka,"[{'score': 4, 'strokes': 74, 'thru': 18, 'eagles': 0, 'birdies': 1, 'pars': 13, 'bogeys': 3, 'double_bogeys': 1, 'other_scores': 0, 'holes_in_one': 0, 'sequence': 1}, {'score': -2, 'strokes': 68, 'thru': 18, 'eagles': 0, 'birdies': 6, 'pars': 9, 'bogeys': 2, 'double_bogeys': 1, 'other_scores': 0, 'holes_in_one': 0, 'sequence': 2}, {'score': 1, 'strokes': 71, 'thru': 18, 'eagles': 0, 'birdies': 3, 'pars': 12, 'bogeys': 2, 'double_bogeys': 1, 'other_scores': 0, 'holes_in_one': 0, 'sequence': 3}, {'score': -2, 'strokes': 68, 'thru': 18, 'eagles': 0, 'birdies': 5, 'pars': 10, 'bogeys': 3, 'double_bogeys': 0, 'other_scores': 0, 'holes_in_one': 0, 'sequence': 4}]"
e607849b-2f2e-4c86-8eed-e0c34f5ca60d,Matt,Wallace,ENGLAND,64,True,20570.0,4.0,1,281,M.Wallace,"[{'score': 2, 'strokes': 72, 'thru': 18, 'eagles': 0, 'birdies': 1, 'pars': 15, 'bogeys': 1, 'double_bogeys': 1, 'other_scores': 0, 'holes_in_one': 0, 'sequence': 1}, {'score': 0, 'strokes': 70, 'thru': 18, 'eagles': 0, 'birdies': 3, 'pars': 12, 'bogeys': 3, 'double_bogeys': 0, 'other_scores': 0, 'holes_in_one': 0, 'sequence': 2}, {'score': -1, 'strokes': 69, 'thru': 18, 'eagles': 0, 'birdies': 4, 'pars': 11, 'bogeys': 3, 'double_bogeys': 0, 'other_scores': 0, 'holes_in_one': 0, 'sequence': 3}, {'score': 0, 'strokes': 70, 'thru': 18, 'eagles': 0, 'birdies': 2, 'pars': 14, 'bogeys': 2, 'double_bogeys': 0, 'other_scores': 0, 'holes_in_one': 0, 'sequence': 4}]"
e0bb81ec-b52c-4805-bb9a-a90fa981b5fb,Mark,Hubbard,UNITED STATES,66,False,20240.0,4.0,2,282,M.Hubbard,"[{'score': 1, 'strokes': 71, 'thru': 18, 'eagles': 0, 'birdies': 2, 'pars': 13, 'bogeys': 3, 'double_bogeys': 0, 'other_scores': 0, 'holes_in_one': 0, 'sequence': 1}, {'score': 1, 'strokes': 71, 'thru': 18, 'eagles': 0, 'birdies': 1, 'pars': 15, 'bogeys': 2, 'double_bogeys': 0, 'other_scores': 0, 'holes_in_one': 0, 'sequence': 2}, {'score': -1, 'strokes': 69, 'thru': 18, 'eagles': 0, 'birdies': 4, 'pars': 11, 'bogeys': 3, 'double_bogeys': 0, 'other_scores': 0, 'holes_in_one': 0, 'sequence': 3}, {'score': 1, 'strokes': 71, 'thru': 18, 'eagles': 0, 'birdies': 2, 'pars': 13, 'bogeys': 3, 'double_bogeys': 0, 'other_scores': 0, 'holes_in_one': 0, 'sequence': 4}]"
f8a4cccc-bf81-4863-99a5-60b13d911184,Davis,Riley,UNITED STATES,67,True,19910.0,4.0,3,283,D.Riley,"[{'score': 5, 'strokes': 75, 'thru': 18, 'eagles': 0, 'birdies': 1, 'pars': 12, 'bogeys': 4, 'double_bogeys': 1, 'other_scores': 0, 'holes_in_one': 0, 'sequence': 1}, {'score': 3, 'strokes': 73, 'thru': 18, 'eagles': 0, 'birdies': 4, 'pars': 9, 'bogeys': 3, 'double_bogeys': 2, 'other_scores': 0, 'holes_in_one': 0, 'sequence': 2}, {'score': -3, 'strokes': 67, 'thru': 18, 'eagles': 0, 'birdies': 4, 'pars': 13, 'bogeys': 1, 'double_bogeys': 0, 'other_scores': 0, 'holes_in_one': 0, 'sequence': 3}, {'score': -2, 'strokes': 68, 'thru': 18, 'eagles': 0, 'birdies': 4, 'pars': 12, 'bogeys': 2, 'double_bogeys': 0, 'other_scores': 0, 'holes_in_one': 0, 'sequence': 4}]"
77685028-690c-4ec4-9f82-eb38f2481016,Aguri,Iwasaki,JAPAN,67,True,19910.0,0.0,3,283,A.Iwasaki,"[{'score': 6, 'strokes': 76, 'thru': 18, 'eagles': 1, 'birdies': 1, 'pars': 10, 'bogeys': 4, 'double_bogeys': 1, 'other_scores': 1, 'holes_in_one': 0, 'sequence': 1}, {'score': 0, 'strokes': 70, 'thru': 18, 'eagles': 0, 'birdies': 1, 'pars': 16, 'bogeys': 1, 'double_bogeys': 0, 'other_scores': 0, 'holes_in_one': 0, 'sequence': 2}, {'score': -1, 'strokes': 69, 'thru': 18, 'eagles': 0, 'birdies': 4, 'pars': 11, 'bogeys': 3, 'double_bogeys': 0, 'other_scores': 0, 'holes_in_one': 0, 'sequence': 3}, {'score': -2, 'strokes': 68, 'thru': 18, 'eagles': 0, 'birdies': 3, 'pars': 14, 'bogeys': 1, 'double_bogeys': 0, 'other_scores': 0, 'holes_in_one': 0, 'sequence': 4}]"
e046f164-25bb-4bdb-b0cd-7a594edd9e0e,Hiroshi,Iwata,JAPAN,69,True,19470.0,0.0,4,284,H.Iwata,"[{'score': 0, 'strokes': 70, 'thru': 18, 'eagles': 0, 'birdies': 3, 'pars': 12, 'bogeys': 3, 'double_bogeys': 0, 'other_scores': 0, 'holes_in_one': 0, 'sequence': 1}, {'score': 3, 'strokes': 73, 'thru': 18, 'eagles': 0, 'birdies': 4, 'pars': 9, 'bogeys': 3, 'double_bogeys': 2, 'other_scores': 0, 'holes_in_one': 0, 'sequence': 2}, {'score': 1, 'strokes': 71, 'thru': 18, 'eagles': 0, 'birdies': 3, 'pars': 11, 'bogeys': 4, 'double_bogeys': 0, 'other_scores': 0, 'holes_in_one': 0, 'sequence': 3}, {'score': 0, 'strokes': 70, 'thru': 18, 'eagles': 1, 'birdies': 2, 'pars': 12, 'bogeys': 2, 'double_bogeys': 1, 'other_scores': 0, 'holes_in_one': 0, 'sequence': 4}]"
43b877f1-e7e4-4218-b1a4-46c9f152b920,Chad,Ramey,UNITED STATES,69,True,19470.0,3.0,4,284,C.Ramey,"[{'score': 4, 'strokes': 74, 'thru': 18, 'eagles': 0, 'birdies': 1, 'pars': 12, 'bogeys': 5, 'double_bogeys': 0, 'other_scores': 0, 'holes_in_one': 0, 'sequence': 1}, {'score': -3, 'strokes': 67, 'thru': 18, 'eagles': 0, 'birdies': 7, 'pars': 7, 'bogeys': 4, 'double_bogeys': 0, 'other_scores': 0, 'holes_in_one': 0, 'sequence': 2}, {'score': -1, 'strokes': 69, 'thru': 18, 'eagles': 0, 'birdies': 4, 'pars': 11, 'bogeys': 3, 'double_bogeys': 0, 'other_scores': 0, 'holes_in_one': 0, 'sequence': 3}, {'score': 4, 'strokes': 74, 'thru': 18, 'eagles': 0, 'birdies': 0, 'pars': 14, 'bogeys': 4, 'double_bogeys': 0, 'other_scores': 0, 'holes_in_one': 0, 'sequence': 4}]"
5b5a340c-7b78-4a03-a12c-8f61a0978019,Troy,Merritt,UNITED STATES,71,False,19140.0,3.0,5,285,T.Merritt,"[{'score': -2, 'strokes': 68, 'thru': 18, 'eagles': 0, 'birdies': 6, 'pars': 8, 'bogeys': 4, 'double_bogeys': 0, 'other_scores': 0, 'holes_in_one': 0, 'sequence': 1}, {'score': 1, 'strokes': 71, 'thru': 18, 'eagles': 0, 'birdies': 2, 'pars': 13, 'bogeys': 3, 'double_bogeys': 0, 'other_scores': 0, 'holes_in_one': 0, 'sequence': 2}, {'score': 1, 'strokes': 71, 'thru': 18, 'eagles': 0, 'birdies': 3, 'pars': 11, 'bogeys': 4, 'double_bogeys': 0, 'other_scores': 0, 'holes_in_one': 0, 'sequence': 3}, {'score': 5, 'strokes': 75, 'thru': 18, 'eagles': 0, 'birdies': 2, 'pars': 10, 'bogeys': 5, 'double_bogeys': 1, 'other_scores': 0, 'holes_in_one': 0, 'sequence': 4}]"
5ccb172d-5bbd-4302-a0ad-43ad9ffff64b,Peter,Malnati,UNITED STATES,72,True,18810.0,3.0,7,287,P.Malnati,"[{'score': 4, 'strokes': 74, 'thru': 18, 'eagles': 0, 'birdies': 2, 'pars': 11, 'bogeys': 4, 'double_bogeys': 1, 'other_scores': 0, 'holes_in_one': 0, 'sequence': 1}, {'score': 3, 'strokes': 73, 'thru': 18, 'eagles': 1, 'birdies': 0, 'pars': 12, 'bogeys': 5, 'double_bogeys': 0, 'other_scores': 0, 'holes_in_one': 0, 'sequence': 2}, {'score': 3, 'strokes': 73, 'thru': 18, 'eagles': 0, 'birdies': 3, 'pars': 11, 'bogeys': 2, 'double_bogeys': 2, 'other_scores': 0, 'holes_in_one': 0, 'sequence': 3}, {'score': -3, 'strokes': 67, 'thru': 18, 'eagles': 0, 'birdies': 5, 'pars': 11, 'bogeys': 2, 'double_bogeys': 0, 'other_scores': 0, 'holes_in_one': 0, 'sequence': 4}]"
922957dd-de83-40bc-a32a-d65d67515a43,Riki,Kawamoto,JAPAN,72,True,18810.0,0.0,7,287,R.Kawamoto,"[{'score': 2, 'strokes': 72, 'thru': 18, 'eagles': 0, 'birdies': 5, 'pars': 8, 'bogeys': 3, 'double_bogeys': 2, 'other_scores': 0, 'holes_in_one': 0, 'sequence': 1}, {'score': 5, 'strokes': 75, 'thru': 18, 'eagles': 0, 'birdies': 4, 'pars': 7, 'bogeys': 6, 'double_bogeys': 0, 'other_scores': 1, 'holes_in_one': 0, 'sequence': 2}, {'score': -1, 'strokes': 69, 'thru': 18, 'eagles': 0, 'birdies': 4, 'pars': 11, 'bogeys': 3, 'double_bogeys': 0, 'other_scores': 0, 'holes_in_one': 0, 'sequence': 3}, {'score': 1, 'strokes': 71, 'thru': 18, 'eagles': 0, 'birdies': 3, 'pars': 12, 'bogeys': 2, 'double_bogeys': 1, 'other_scores': 0, 'holes_in_one': 0, 'sequence': 4}]"
0e1589f1-3921-4b6b-9003-29a4f38415bb,Russell,Knox,SCOTLAND,74,True,18370.0,3.0,8,288,R.Knox,"[{'score': 4, 'strokes': 74, 'thru': 18, 'eagles': 1, 'birdies': 1, 'pars': 10, 'bogeys': 5, 'double_bogeys': 1, 'other_scores': 0, 'holes_in_one': 0, 'sequence': 1}, {'score': 3, 'strokes': 73, 'thru': 18, 'eagles': 0, 'birdies': 2, 'pars': 11, 'bogeys': 5, 'double_bogeys': 0, 'other_scores': 0, 'holes_in_one': 0, 'sequence': 2}, {'score': 4, 'strokes': 74, 'thru': 18, 'eagles': 0, 'birdies': 2, 'pars': 10, 'bogeys': 6, 'double_bogeys': 0, 'other_scores': 0, 'holes_in_one': 0, 'sequence': 3}, {'score': -3, 'strokes': 67, 'thru': 18, 'eagles': 0, 'birdies': 5, 'pars': 11, 'bogeys': 2, 'double_bogeys': 0, 'other_scores': 0, 'holes_in_one': 0, 'sequence': 4}]"
4f8a4f4d-8359-4187-b506-3da3ad5b05fb,Kevin,Streelman,UNITED STATES,74,True,18370.0,3.0,8,288,K.Streelman,"[{'score': 4, 'strokes': 74, 'thru': 18, 'eagles': 0, 'birdies': 2, 'pars': 11, 'bogeys': 4, 'double_bogeys': 1, 'other_scores': 0, 'holes_in_one': 0, 'sequence': 1}, {'score': 1, 'strokes': 71, 'thru': 18, 'eagles': 0, 'birdies': 3, 'pars': 12, 'bogeys': 2, 'double_bogeys': 1, 'other_scores': 0, 'holes_in_one': 0, 'sequence': 2}, {'score': 0, 'strokes': 70, 'thru': 18, 'eagles': 0, 'birdies': 3, 'pars': 12, 'bogeys': 3, 'double_bogeys': 0, 'other_scores': 0, 'holes_in_one': 0, 'sequence': 3}, {'score': 3, 'strokes': 73, 'thru': 18, 'eagles': 0, 'birdies': 3, 'pars': 9, 'bogeys': 6, 'double_bogeys': 0, 'other_scores': 0, 'holes_in_one': 0, 'sequence': 4}]"
9ba527b3-3690-439a-a656-36d2491d99a1,Kaito,Onishi,JAPAN,76,False,18040.0,0.0,9,289,K.Onishi,"[{'score': 2, 'strokes': 72, 'thru': 18, 'eagles': 0, 'birdies': 1, 'pars': 14, 'bogeys': 3, 'double_bogeys': 0, 'other_scores': 0, 'holes_in_one': 0, 'sequence': 1}, {'score': 3, 'strokes': 73, 'thru': 18, 'eagles': 0, 'birdies': 3, 'pars': 10, 'bogeys': 4, 'double_bogeys': 1, 'other_scores': 0, 'holes_in_one': 0, 'sequence': 2}, {'score': 2, 'strokes': 72, 'thru': 18, 'eagles': 0, 'birdies': 2, 'pars': 12, 'bogeys': 4, 'double_bogeys': 0, 'other_scores': 0, 'holes_in_one': 0, 'sequence': 3}, {'score': 2, 'strokes': 72, 'thru': 18, 'eagles': 1, 'birdies': 2, 'pars': 10, 'bogeys': 4, 'double_bogeys': 1, 'other_scores': 0, 'holes_in_one': 0, 'sequence': 4}]"
f3882acf-78ac-4441-aff8-9dbb148fcf12,Tomoharu,Otsuki,JAPAN,77,False,17820.0,0.0,10,290,T.Otsuki,"[{'score': 6, 'strokes': 76, 'thru': 18, 'eagles': 0, 'birdies': 2, 'pars': 9, 'bogeys': 6, 'double_bogeys': 1, 'other_scores': 0, 'holes_in_one': 0, 'sequence': 1}, {'score': -1, 'strokes': 69, 'thru': 18, 'eagles': 0, 'birdies': 2, 'pars': 15, 'bogeys': 1, 'double_bogeys': 0, 'other_scores': 0, 'holes_in_one': 0, 'sequence': 2}, {'score': 3, 'strokes': 73, 'thru': 18, 'eagles': 0, 'birdies': 2, 'pars': 13, 'bogeys': 2, 'double_bogeys': 0, 'other_scores': 1, 'holes_in_one': 0, 'sequence': 3}, {'score': 2, 'strokes': 72, 'thru': 18, 'eagles': 0, 'birdies': 2, 'pars': 12, 'bogeys': 4, 'double_bogeys': 0, 'other_scores': 0, 'holes_in_one': 0, 'sequence': 4}]"
674c3342-7479-40b6-81d3-3eeb7a4cb81b,Shugo,Imahira,JAPAN,78,False,17600.0,0.0,13,293,S.Imahira,"[{'score': 8, 'strokes': 78, 'thru': 18, 'eagles': 0, 'birdies': 1, 'pars': 12, 'bogeys': 4, 'double_bogeys': 0, 'other_scores': 1, 'holes_in_one': 0, 'sequence': 1}, {'score': 0, 'strokes': 70, 'thru': 18, 'eagles': 0, 'birdies': 4, 'pars': 11, 'bogeys': 2, 'double_bogeys': 1, 'other_scores': 0, 'holes_in_one': 0, 'sequence': 2}, {'score': 3, 'strokes': 73, 'thru': 18, 'eagles': 0, 'birdies': 3, 'pars': 11, 'bogeys': 3, 'double_bogeys': 0, 'other_scores': 1, 'holes_in_one': 0, 'sequence': 3}, {'score': 2, 'strokes': 72, 'thru': 18, 'eagles': 0, 'birdies': 3, 'pars': 10, 'bogeys': 5, 'double_bogeys': 0, 'other_scores': 0, 'holes_in_one': 0, 'sequence': 4}]"
