id,name,event_type,currency,course_timezone,coverage,status,scoring_system,seasons,leaderboard,start_date,end_date,cut_round,cutline,projected_cutline,purse,points,network,winning_share
30a39a35-d177-40e9-b9bc-a9f902c684e3,The Honda Classic Playoff,stroke,USD,America/New_York,full,closed,stroke,"[{'id': 'ece9907c-6fe3-4944-8cb9-bb1033270259', 'year': 2023, 'tour': {'id': 'b52068af-28e4-4e91-bdbb-037591b0ff84', 'alias': 'pga', 'name': 'PGA Tour'}}]","{'position': 2, 'tied': False, 'score': 0, 'strokes': 5, 'rounds': [{'score': 0, 'strokes': 5, 'thru': 1, 'eagles': 0, 'birdies': 0, 'pars': 1, 'bogeys': 0, 'double_bogeys': 0, 'other_scores': 0, 'holes_in_one': 0, 'sequence': 1}]}",,,,,,,,,
7081e4be-cb7f-474e-8ec6-76e3b16ce0bc,LECOM Health Challenge,stroke,USD,America/New_York,full,closed,stroke,"[{'id': 'a5098fb1-902a-4f4d-8988-5c73ebca2d2d', 'year': 2019, 'tour': {'id': '6ccf9f48-82ca-41d7-a649-99393a2aa0b1', 'alias': 'PGAD', 'name': 'Korn Ferry Tour'}}]","{'position': 83, 'tied': True, 'score': -3, 'strokes': 141, 'status': 'CUT', 'rounds': [{'score': -3, 'strokes': 69, 'thru': 18, 'eagles': 0, 'birdies': 4, 'pars': 13, 'bogeys': 1, 'double_bogeys': 0, 'other_scores': 0, 'holes_in_one': 0, 'sequence': 1}, {'score': 0, 'strokes': 72, 'thru': 18, 'eagles': 0, 'birdies': 1, 'pars': 16, 'bogeys': 1, 'double_bogeys': 0, 'other_scores': 0, 'holes_in_one': 0, 'sequence': 2}]}",2019-07-04,2019-07-07,,,,,,,
f1e70c14-7bb3-4f9e-a3fa-47156f410bf9,Country Club de Bogota Championship,stroke,USD,America/Bogota,full,closed,stroke,"[{'id': 'c115784a-f8f8-43bc-991c-3a55192f9fdf', 'year': 2020, 'tour': {'id': '6ccf9f48-82ca-41d7-a649-99393a2aa0b1', 'alias': 'PGAD', 'name': 'Korn Ferry Tour'}}]","{'position': 39, 'tied': True, 'score': -7, 'strokes': 276, 'rounds': [{'score': -7, 'strokes': 63, 'thru': 18, 'eagles': 2, 'birdies': 4, 'pars': 11, 'bogeys': 1, 'double_bogeys': 0, 'other_scores': 0, 'holes_in_one': 0, 'sequence': 1}, {'score': 2, 'strokes': 73, 'thru': 18, 'eagles': 0, 'birdies': 5, 'pars': 9, 'bogeys': 3, 'double_bogeys': 0, 'other_scores': 1, 'holes_in_one': 0, 'sequence': 2}, {'score': -1, 'strokes': 70, 'thru': 18, 'eagles': 0, 'birdies': 5, 'pars': 9, 'bogeys': 4, 'double_bogeys': 0, 'other_scores': 0, 'holes_in_one': 0, 'sequence': 3}, {'score': -1, 'strokes': 70, 'thru': 18, 'eagles': 0, 'birdies': 3, 'pars': 13, 'bogeys': 2, 'double_bogeys': 0, 'other_scores': 0, 'holes_in_one': 0, 'sequence': 4}]}",2020-02-06,2020-02-09,2.0,,,,,,
3e441ea3-dc9d-4d5b-b5bd-5ed595f0560a,LECOM Suncoast Classic,stroke,USD,America/New_York,full,closed,stroke,"[{'id': 'c115784a-f8f8-43bc-991c-3a55192f9fdf', 'year': 2020, 'tour': {'id': '6ccf9f48-82ca-41d7-a649-99393a2aa0b1', 'alias': 'PGAD', 'name': 'Korn Ferry Tour'}}]","{'position': 17, 'tied': True, 'score': -17, 'strokes': 271, 'rounds': [{'score': -4, 'strokes': 68, 'thru': 18, 'eagles': 0, 'birdies': 6, 'pars': 10, 'bogeys': 2, 'double_bogeys': 0, 'other_scores': 0, 'holes_in_one': 0, 'sequence': 1}, {'score': -3, 'strokes': 69, 'thru': 18, 'eagles': 0, 'birdies': 4, 'pars': 13, 'bogeys': 1, 'double_bogeys': 0, 'other_scores': 0, 'holes_in_one': 0, 'sequence': 2}, {'score': -6, 'strokes': 66, 'thru': 18, 'eagles': 0, 'birdies': 8, 'pars': 8, 'bogeys': 2, 'double_bogeys': 0, 'other_scores': 0, 'holes_in_one': 0, 'sequence': 3}, {'score': -4, 'strokes': 68, 'thru': 18, 'eagles': 1, 'birdies': 5, 'pars': 9, 'bogeys': 3, 'double_bogeys': 0, 'other_scores': 0, 'holes_in_one': 0, 'sequence': 4}]}",2020-02-13,2020-02-16,2.0,,,,,,
29ca5b11-f289-48be-85bb-4c9dd5b3d128,Utah Championship,stroke,USD,America/Denver,full,closed,stroke,"[{'id': 'c115784a-f8f8-43bc-991c-3a55192f9fdf', 'year': 2020, 'tour': {'id': '6ccf9f48-82ca-41d7-a649-99393a2aa0b1', 'alias': 'PGAD', 'name': 'Korn Ferry Tour'}}]","{'position': 36, 'tied': True, 'score': -13, 'strokes': 271, 'rounds': [{'score': -5, 'strokes': 66, 'thru': 18, 'eagles': 0, 'birdies': 7, 'pars': 9, 'bogeys': 2, 'double_bogeys': 0, 'other_scores': 0, 'holes_in_one': 0, 'sequence': 1}, {'score': 0, 'strokes': 71, 'thru': 18, 'eagles': 0, 'birdies': 4, 'pars': 11, 'bogeys': 2, 'double_bogeys': 1, 'other_scores': 0, 'holes_in_one': 0, 'sequence': 2}, {'score': 0, 'strokes': 71, 'thru': 18, 'eagles': 0, 'birdies': 4, 'pars': 11, 'bogeys': 2, 'double_bogeys': 1, 'other_scores': 0, 'holes_in_one': 0, 'sequence': 3}, {'score': -8, 'strokes': 63, 'thru': 18, 'eagles': 0, 'birdies': 8, 'pars': 10, 'bogeys': 0, 'double_bogeys': 0, 'other_scores': 0, 'holes_in_one': 0, 'sequence': 4}]}",2020-06-25,2020-06-28,2.0,-5.0,,,,,
202faa86-1727-4360-bc2b-9622f97caad9,TPC San Antonio Challenge at the Canyons,stroke,USD,America/Chicago,full,closed,stroke,"[{'id': 'c115784a-f8f8-43bc-991c-3a55192f9fdf', 'year': 2020, 'tour': {'id': '6ccf9f48-82ca-41d7-a649-99393a2aa0b1', 'alias': 'PGAD', 'name': 'Korn Ferry Tour'}}]","{'position': 102, 'tied': True, 'score': 0, 'strokes': 144, 'status': 'CUT', 'rounds': [{'score': 1, 'strokes': 73, 'thru': 18, 'eagles': 0, 'birdies': 4, 'pars': 10, 'bogeys': 3, 'double_bogeys': 1, 'other_scores': 0, 'holes_in_one': 0, 'sequence': 1}, {'score': -1, 'strokes': 71, 'thru': 18, 'eagles': 1, 'birdies': 5, 'pars': 7, 'bogeys': 4, 'double_bogeys': 1, 'other_scores': 0, 'holes_in_one': 0, 'sequence': 2}]}",2020-07-09,2020-07-12,2.0,-4.0,,,,,
73a54608-32b8-4fac-a174-fc21072f5248,TPC San Antonio Championship at the Oaks,stroke,USD,America/Chicago,full,closed,stroke,"[{'id': 'c115784a-f8f8-43bc-991c-3a55192f9fdf', 'year': 2020, 'tour': {'id': '6ccf9f48-82ca-41d7-a649-99393a2aa0b1', 'alias': 'PGAD', 'name': 'Korn Ferry Tour'}}]","{'position': 40, 'tied': True, 'score': -4, 'strokes': 284, 'rounds': [{'score': 1, 'strokes': 73, 'thru': 18, 'eagles': 0, 'birdies': 5, 'pars': 7, 'bogeys': 6, 'double_bogeys': 0, 'other_scores': 0, 'holes_in_one': 0, 'sequence': 1}, {'score': -7, 'strokes': 65, 'thru': 18, 'eagles': 0, 'birdies': 7, 'pars': 11, 'bogeys': 0, 'double_bogeys': 0, 'other_scores': 0, 'holes_in_one': 0, 'sequence': 2}, {'score': 1, 'strokes': 73, 'thru': 18, 'eagles': 0, 'birdies': 3, 'pars': 11, 'bogeys': 4, 'double_bogeys': 0, 'other_scores': 0, 'holes_in_one': 0, 'sequence': 3}, {'score': 1, 'strokes': 73, 'thru': 18, 'eagles': 0, 'birdies': 4, 'pars': 11, 'bogeys': 1, 'double_bogeys': 2, 'other_scores': 0, 'holes_in_one': 0, 'sequence': 4}]}",2020-07-15,2020-07-18,2.0,0.0,0.0,,,,
3b1ecd21-2c57-4dd1-8c89-08ccd57bc09d,Price Cutter Charity Championship,stroke,USD,America/Chicago,full,closed,stroke,"[{'id': 'c115784a-f8f8-43bc-991c-3a55192f9fdf', 'year': 2020, 'tour': {'id': '6ccf9f48-82ca-41d7-a649-99393a2aa0b1', 'alias': 'PGAD', 'name': 'Korn Ferry Tour'}}]","{'position': 66, 'tied': False, 'score': -4, 'strokes': 284, 'rounds': [{'score': -3, 'strokes': 69, 'thru': 18, 'eagles': 0, 'birdies': 5, 'pars': 11, 'bogeys': 2, 'double_bogeys': 0, 'other_scores': 0, 'holes_in_one': 0, 'sequence': 1}, {'score': -2, 'strokes': 70, 'thru': 18, 'eagles': 0, 'birdies': 4, 'pars': 12, 'bogeys': 2, 'double_bogeys': 0, 'other_scores': 0, 'holes_in_one': 0, 'sequence': 2}, {'score': 0, 'strokes': 72, 'thru': 18, 'eagles': 0, 'birdies': 3, 'pars': 12, 'bogeys': 3, 'double_bogeys': 0, 'other_scores': 0, 'holes_in_one': 0, 'sequence': 3}, {'score': 1, 'strokes': 73, 'thru': 18, 'eagles': 0, 'birdies': 3, 'pars': 12, 'bogeys': 2, 'double_bogeys': 1, 'other_scores': 0, 'holes_in_one': 0, 'sequence': 4}]}",2020-07-23,2020-07-26,2.0,-4.0,,,,,
8fd48ead-759b-4ae0-bb9a-a6ae57d85437,Pinnacle Bank Championship,stroke,USD,America/Chicago,full,closed,stroke,"[{'id': 'c115784a-f8f8-43bc-991c-3a55192f9fdf', 'year': 2020, 'tour': {'id': '6ccf9f48-82ca-41d7-a649-99393a2aa0b1', 'alias': 'PGAD', 'name': 'Korn Ferry Tour'}}]","{'position': 39, 'tied': True, 'score': -2, 'strokes': 282, 'rounds': [{'score': -2, 'strokes': 69, 'thru': 18, 'eagles': 0, 'birdies': 3, 'pars': 14, 'bogeys': 1, 'double_bogeys': 0, 'other_scores': 0, 'holes_in_one': 0, 'sequence': 1}, {'score': 1, 'strokes': 72, 'thru': 18, 'eagles': 0, 'birdies': 4, 'pars': 10, 'bogeys': 3, 'double_bogeys': 1, 'other_scores': 0, 'holes_in_one': 0, 'sequence': 2}, {'score': 0, 'strokes': 71, 'thru': 18, 'eagles': 0, 'birdies': 1, 'pars': 16, 'bogeys': 1, 'double_bogeys': 0, 'other_scores': 0, 'holes_in_one': 0, 'sequence': 3}, {'score': -1, 'strokes': 70, 'thru': 18, 'eagles': 0, 'birdies': 3, 'pars': 13, 'bogeys': 2, 'double_bogeys': 0, 'other_scores': 0, 'holes_in_one': 0, 'sequence': 4}]}",2020-07-30,2020-08-02,2.0,0.0,,,,,
65e7d29a-f1e6-4ad0-8f40-21766dce538c,Albertsons Boise Open,stroke,USD,America/Boise,full,closed,stroke,"[{'id': 'c115784a-f8f8-43bc-991c-3a55192f9fdf', 'year': 2020, 'tour': {'id': '6ccf9f48-82ca-41d7-a649-99393a2aa0b1', 'alias': 'PGAD', 'name': 'Korn Ferry Tour'}}]","{'position': 62, 'tied': True, 'score': -7, 'strokes': 277, 'rounds': [{'score': 0, 'strokes': 71, 'thru': 18, 'eagles': 0, 'birdies': 4, 'pars': 11, 'bogeys': 2, 'double_bogeys': 1, 'other_scores': 0, 'holes_in_one': 0, 'sequence': 1}, {'score': -4, 'strokes': 67, 'thru': 18, 'eagles': 0, 'birdies': 7, 'pars': 8, 'bogeys': 3, 'double_bogeys': 0, 'other_scores': 0, 'holes_in_one': 0, 'sequence': 2}, {'score': -3, 'strokes': 68, 'thru': 18, 'eagles': 1, 'birdies': 3, 'pars': 12, 'bogeys': 2, 'double_bogeys': 0, 'other_scores': 0, 'holes_in_one': 0, 'sequence': 3}, {'score': 0, 'strokes': 71, 'thru': 18, 'eagles': 0, 'birdies': 5, 'pars': 8, 'bogeys': 5, 'double_bogeys': 0, 'other_scores': 0, 'holes_in_one': 0, 'sequence': 4}]}",2020-08-13,2020-08-16,2.0,-4.0,,,,,
359a27b4-1ba5-41f7-9ebb-501cdba843b1,Nationwide Children's Hospital Championship,stroke,USD,America/New_York,full,closed,stroke,"[{'id': 'c115784a-f8f8-43bc-991c-3a55192f9fdf', 'year': 2020, 'tour': {'id': '6ccf9f48-82ca-41d7-a649-99393a2aa0b1', 'alias': 'PGAD', 'name': 'Korn Ferry Tour'}}]","{'position': 124, 'tied': True, 'score': 6, 'strokes': 148, 'status': 'CUT', 'rounds': [{'score': -1, 'strokes': 70, 'thru': 18, 'eagles': 0, 'birdies': 1, 'pars': 17, 'bogeys': 0, 'double_bogeys': 0, 'other_scores': 0, 'holes_in_one': 0, 'sequence': 1}, {'score': 7, 'strokes': 78, 'thru': 18, 'eagles': 0, 'birdies': 1, 'pars': 10, 'bogeys': 6, 'double_bogeys': 1, 'other_scores': 0, 'holes_in_one': 0, 'sequence': 2}]}",2020-08-20,2020-08-23,2.0,1.0,,,,,
1c382ba7-b42a-4514-af34-b13c5957436d,Korn Ferry Tour Championship,stroke,USD,America/Chicago,full,closed,stroke,"[{'id': 'c115784a-f8f8-43bc-991c-3a55192f9fdf', 'year': 2020, 'tour': {'id': '6ccf9f48-82ca-41d7-a649-99393a2aa0b1', 'alias': 'PGAD', 'name': 'Korn Ferry Tour'}}]","{'position': 67, 'tied': False, 'score': 1, 'strokes': 289, 'rounds': [{'score': -3, 'strokes': 69, 'thru': 18, 'eagles': 0, 'birdies': 5, 'pars': 11, 'bogeys': 2, 'double_bogeys': 0, 'other_scores': 0, 'holes_in_one': 0, 'sequence': 1}, {'score': 1, 'strokes': 73, 'thru': 18, 'eagles': 0, 'birdies': 2, 'pars': 13, 'bogeys': 3, 'double_bogeys': 0, 'other_scores': 0, 'holes_in_one': 0, 'sequence': 2}, {'score': 2, 'strokes': 74, 'thru': 18, 'eagles': 0, 'birdies': 4, 'pars': 9, 'bogeys': 4, 'double_bogeys': 1, 'other_scores': 0, 'holes_in_one': 0, 'sequence': 3}, {'score': 1, 'strokes': 73, 'thru': 18, 'eagles': 0, 'birdies': 3, 'pars': 12, 'bogeys': 2, 'double_bogeys': 1, 'other_scores': 0, 'holes_in_one': 0, 'sequence': 4}]}",2020-08-27,2020-08-30,2.0,-1.0,,,,,
13556ebb-8cd3-4c37-9437-2b4814782006,Lincoln Land Championship,stroke,USD,America/Chicago,full,closed,stroke,"[{'id': 'c115784a-f8f8-43bc-991c-3a55192f9fdf', 'year': 2020, 'tour': {'id': '6ccf9f48-82ca-41d7-a649-99393a2aa0b1', 'alias': 'PGAD', 'name': 'Korn Ferry Tour'}}]","{'position': 115, 'tied': True, 'score': 1, 'strokes': 143, 'status': 'CUT', 'rounds': [{'score': 0, 'strokes': 71, 'thru': 18, 'eagles': 0, 'birdies': 3, 'pars': 13, 'bogeys': 1, 'double_bogeys': 1, 'other_scores': 0, 'holes_in_one': 0, 'sequence': 1}, {'score': 1, 'strokes': 72, 'thru': 18, 'eagles': 0, 'birdies': 3, 'pars': 12, 'bogeys': 2, 'double_bogeys': 1, 'other_scores': 0, 'holes_in_one': 0, 'sequence': 2}]}",2020-09-03,2020-09-06,2.0,-4.0,,,,,
e9822f07-6656-41c8-b846-b152f591b7d2,Evans Scholars Invitational,stroke,USD,America/Chicago,full,closed,stroke,"[{'id': 'c115784a-f8f8-43bc-991c-3a55192f9fdf', 'year': 2020, 'tour': {'id': '6ccf9f48-82ca-41d7-a649-99393a2aa0b1', 'alias': 'PGAD', 'name': 'Korn Ferry Tour'}}]","{'position': 64, 'tied': True, 'score': 0, 'strokes': 288, 'rounds': [{'score': 1, 'strokes': 73, 'thru': 18, 'eagles': 1, 'birdies': 2, 'pars': 10, 'bogeys': 5, 'double_bogeys': 0, 'other_scores': 0, 'holes_in_one': 0, 'sequence': 1}, {'score': -4, 'strokes': 68, 'thru': 18, 'eagles': 0, 'birdies': 4, 'pars': 14, 'bogeys': 0, 'double_bogeys': 0, 'other_scores': 0, 'holes_in_one': 0, 'sequence': 2}, {'score': 1, 'strokes': 73, 'thru': 18, 'eagles': 0, 'birdies': 2, 'pars': 13, 'bogeys': 3, 'double_bogeys': 0, 'other_scores': 0, 'holes_in_one': 0, 'sequence': 3}, {'score': 2, 'strokes': 74, 'thru': 18, 'eagles': 0, 'birdies': 3, 'pars': 10, 'bogeys': 5, 'double_bogeys': 0, 'other_scores': 0, 'holes_in_one': 0, 'sequence': 4}]}",2020-09-10,2020-09-13,2.0,-3.0,,,,,
d05a2272-7112-40e9-8f26-345563914a14,Wichita Open,stroke,USD,America/Chicago,full,closed,stroke,"[{'id': 'c115784a-f8f8-43bc-991c-3a55192f9fdf', 'year': 2020, 'tour': {'id': '6ccf9f48-82ca-41d7-a649-99393a2aa0b1', 'alias': 'PGAD', 'name': 'Korn Ferry Tour'}}]","{'position': 99, 'tied': True, 'score': 0, 'strokes': 140, 'status': 'CUT', 'rounds': [{'score': -2, 'strokes': 68, 'thru': 18, 'eagles': 0, 'birdies': 3, 'pars': 14, 'bogeys': 1, 'double_bogeys': 0, 'other_scores': 0, 'holes_in_one': 0, 'sequence': 1}, {'score': 2, 'strokes': 72, 'thru': 18, 'eagles': 0, 'birdies': 3, 'pars': 11, 'bogeys': 3, 'double_bogeys': 1, 'other_scores': 0, 'holes_in_one': 0, 'sequence': 2}]}",2020-09-24,2020-09-27,2.0,-3.0,,,,,
7bf31eca-320f-4b98-9c1e-1e0b5f07d2ea,Savannah Golf Championship,stroke,USD,America/New_York,full,closed,stroke,"[{'id': 'c115784a-f8f8-43bc-991c-3a55192f9fdf', 'year': 2020, 'tour': {'id': '6ccf9f48-82ca-41d7-a649-99393a2aa0b1', 'alias': 'PGAD', 'name': 'Korn Ferry Tour'}}]","{'position': 3, 'tied': True, 'score': -19, 'strokes': 269, 'rounds': [{'score': -3, 'strokes': 69, 'thru': 18, 'eagles': 0, 'birdies': 3, 'pars': 15, 'bogeys': 0, 'double_bogeys': 0, 'other_scores': 0, 'holes_in_one': 0, 'sequence': 1}, {'score': -8, 'strokes': 64, 'thru': 18, 'eagles': 0, 'birdies': 8, 'pars': 10, 'bogeys': 0, 'double_bogeys': 0, 'other_scores': 0, 'holes_in_one': 0, 'sequence': 2}, {'score': -5, 'strokes': 67, 'thru': 18, 'eagles': 0, 'birdies': 6, 'pars': 11, 'bogeys': 1, 'double_bogeys': 0, 'other_scores': 0, 'holes_in_one': 0, 'sequence': 3}, {'score': -3, 'strokes': 69, 'thru': 18, 'eagles': 0, 'birdies': 6, 'pars': 9, 'bogeys': 3, 'double_bogeys': 0, 'other_scores': 0, 'holes_in_one': 0, 'sequence': 4}]}",2020-10-01,2020-10-04,2.0,-6.0,,,,,
add3048a-f494-49c5-862e-bdec06bda3a2,Orange County National Championship,stroke,USD,America/New_York,full,closed,stroke,"[{'id': 'c115784a-f8f8-43bc-991c-3a55192f9fdf', 'year': 2020, 'tour': {'id': '6ccf9f48-82ca-41d7-a649-99393a2aa0b1', 'alias': 'PGAD', 'name': 'Korn Ferry Tour'}}]","{'position': 110, 'tied': True, 'score': -2, 'strokes': 140, 'status': 'CUT', 'rounds': [{'score': 2, 'strokes': 73, 'thru': 18, 'eagles': 0, 'birdies': 3, 'pars': 12, 'bogeys': 2, 'double_bogeys': 0, 'other_scores': 1, 'holes_in_one': 0, 'sequence': 1}, {'score': -4, 'strokes': 67, 'thru': 18, 'eagles': 0, 'birdies': 6, 'pars': 10, 'bogeys': 2, 'double_bogeys': 0, 'other_scores': 0, 'holes_in_one': 0, 'sequence': 2}]}",2020-10-08,2020-10-11,2.0,-6.0,,,,,
cbc634db-38e0-4666-a411-c70c88c3207e,Chitimacha Louisiana Open,stroke,USD,America/Chicago,full,closed,stroke,"[{'id': 'b3d51450-0493-411d-89b3-25b6c217c67e', 'year': 2021, 'tour': {'id': '6ccf9f48-82ca-41d7-a649-99393a2aa0b1', 'alias': 'PGAD', 'name': 'Korn Ferry Tour'}}]","{'position': 70, 'tied': True, 'money': 2334.0, 'points': 0.0, 'score': 4, 'strokes': 288, 'rounds': [{'score': -1, 'strokes': 70, 'thru': 18, 'eagles': 0, 'birdies': 2, 'pars': 15, 'bogeys': 1, 'double_bogeys': 0, 'other_scores': 0, 'holes_in_one': 0, 'sequence': 1}, {'score': 1, 'strokes': 72, 'thru': 18, 'eagles': 0, 'birdies': 2, 'pars': 13, 'bogeys': 3, 'double_bogeys': 0, 'other_scores': 0, 'holes_in_one': 0, 'sequence': 2}, {'score': 3, 'strokes': 74, 'thru': 18, 'eagles': 0, 'birdies': 3, 'pars': 9, 'bogeys': 6, 'double_bogeys': 0, 'other_scores': 0, 'holes_in_one': 0, 'sequence': 3}, {'score': 1, 'strokes': 72, 'thru': 18, 'eagles': 0, 'birdies': 2, 'pars': 14, 'bogeys': 1, 'double_bogeys': 1, 'other_scores': 0, 'holes_in_one': 0, 'sequence': 4}]}",2021-03-18,2021-03-21,2.0,2.0,,,,,
e8d09c79-21e7-4c40-bde4-9f3f3a1e9d65,Corales Puntacana Resort & Club Championship,stroke,USD,America/Santo_Domingo,full,closed,stroke,"[{'id': '2d6bebeb-a384-463c-9baf-c2064340acfd', 'year': 2021, 'tour': {'id': 'b52068af-28e4-4e91-bdbb-037591b0ff84', 'alias': 'pga', 'name': 'PGA Tour'}}]","{'position': 22, 'tied': True, 'money': 28000.0, 'points': 0.0, 'score': -4, 'strokes': 284, 'rounds': [{'score': 0, 'strokes': 72, 'thru': 18, 'eagles': 0, 'birdies': 4, 'pars': 10, 'bogeys': 4, 'double_bogeys': 0, 'other_scores': 0, 'holes_in_one': 0, 'sequence': 1}, {'score': -2, 'strokes': 70, 'thru': 18, 'eagles': 0, 'birdies': 4, 'pars': 12, 'bogeys': 2, 'double_bogeys': 0, 'other_scores': 0, 'holes_in_one': 0, 'sequence': 2}, {'score': -3, 'strokes': 69, 'thru': 18, 'eagles': 0, 'birdies': 4, 'pars': 13, 'bogeys': 1, 'double_bogeys': 0, 'other_scores': 0, 'holes_in_one': 0, 'sequence': 3}, {'score': 1, 'strokes': 73, 'thru': 18, 'eagles': 0, 'birdies': 2, 'pars': 13, 'bogeys': 3, 'double_bogeys': 0, 'other_scores': 0, 'holes_in_one': 0, 'sequence': 4}]}",2021-03-25,2021-03-28,2.0,1.0,1.0,3000000.0,300.0,The Golf Channel,540000.0
c90dc6fc-5209-4474-924d-fcbf0406b8ee,Emerald Coast Classic at Sandestin,stroke,USD,America/Chicago,full,closed,stroke,"[{'id': 'b3d51450-0493-411d-89b3-25b6c217c67e', 'year': 2021, 'tour': {'id': '6ccf9f48-82ca-41d7-a649-99393a2aa0b1', 'alias': 'PGAD', 'name': 'Korn Ferry Tour'}}]","{'position': 103, 'tied': True, 'score': 5, 'strokes': 145, 'status': 'CUT', 'rounds': [{'score': 3, 'strokes': 73, 'thru': 18, 'eagles': 1, 'birdies': 2, 'pars': 10, 'bogeys': 3, 'double_bogeys': 2, 'other_scores': 0, 'holes_in_one': 0, 'sequence': 1}, {'score': 2, 'strokes': 72, 'thru': 18, 'eagles': 1, 'birdies': 3, 'pars': 10, 'bogeys': 3, 'double_bogeys': 0, 'other_scores': 1, 'holes_in_one': 0, 'sequence': 2}]}",2021-04-01,2021-04-04,2.0,1.0,,,,,
98ee3a3f-c28c-48ec-9fb3-8c79386285a7,Paiute Las Vegas Championship,stroke,USD,America/Los_Angeles,full,closed,stroke,"[{'id': 'b3d51450-0493-411d-89b3-25b6c217c67e', 'year': 2021, 'tour': {'id': '6ccf9f48-82ca-41d7-a649-99393a2aa0b1', 'alias': 'PGAD', 'name': 'Korn Ferry Tour'}}]","{'position': 22, 'tied': True, 'money': 5728.0, 'points': 0.0, 'score': -6, 'strokes': 282, 'rounds': [{'score': -1, 'strokes': 71, 'thru': 18, 'eagles': 0, 'birdies': 4, 'pars': 11, 'bogeys': 3, 'double_bogeys': 0, 'other_scores': 0, 'holes_in_one': 0, 'sequence': 1}, {'score': -6, 'strokes': 66, 'thru': 18, 'eagles': 0, 'birdies': 7, 'pars': 10, 'bogeys': 1, 'double_bogeys': 0, 'other_scores': 0, 'holes_in_one': 0, 'sequence': 2}, {'score': 3, 'strokes': 75, 'thru': 18, 'eagles': 0, 'birdies': 3, 'pars': 11, 'bogeys': 3, 'double_bogeys': 0, 'other_scores': 1, 'holes_in_one': 0, 'sequence': 3}, {'score': -2, 'strokes': 70, 'thru': 18, 'eagles': 0, 'birdies': 3, 'pars': 14, 'bogeys': 1, 'double_bogeys': 0, 'other_scores': 0, 'holes_in_one': 0, 'sequence': 4}]}",2021-04-15,2021-04-18,2.0,-3.0,,,,,
39dc69b1-a660-4bf4-817c-a1e614a99d33,Veritex Bank Championship,stroke,USD,America/Chicago,full,closed,stroke,"[{'id': 'b3d51450-0493-411d-89b3-25b6c217c67e', 'year': 2021, 'tour': {'id': '6ccf9f48-82ca-41d7-a649-99393a2aa0b1', 'alias': 'PGAD', 'name': 'Korn Ferry Tour'}}]","{'position': 96, 'tied': True, 'score': -3, 'strokes': 139, 'status': 'CUT', 'rounds': [{'score': -3, 'strokes': 68, 'thru': 18, 'eagles': 1, 'birdies': 2, 'pars': 14, 'bogeys': 1, 'double_bogeys': 0, 'other_scores': 0, 'holes_in_one': 0, 'sequence': 1}, {'score': 0, 'strokes': 71, 'thru': 18, 'eagles': 0, 'birdies': 1, 'pars': 16, 'bogeys': 1, 'double_bogeys': 0, 'other_scores': 0, 'holes_in_one': 0, 'sequence': 2}]}",2021-04-22,2021-04-25,2.0,-6.0,,,,,
56309554-95dc-492e-946b-93b76b9c03a4,Huntsville Championship,stroke,USD,America/Chicago,full,closed,stroke,"[{'id': 'b3d51450-0493-411d-89b3-25b6c217c67e', 'year': 2021, 'tour': {'id': '6ccf9f48-82ca-41d7-a649-99393a2aa0b1', 'alias': 'PGAD', 'name': 'Korn Ferry Tour'}}]","{'position': 71, 'tied': True, 'score': 0, 'strokes': 140, 'status': 'CUT', 'rounds': [{'score': 0, 'strokes': 70, 'thru': 18, 'eagles': 0, 'birdies': 4, 'pars': 10, 'bogeys': 4, 'double_bogeys': 0, 'other_scores': 0, 'holes_in_one': 0, 'sequence': 1}, {'score': 0, 'strokes': 70, 'thru': 18, 'eagles': 0, 'birdies': 3, 'pars': 13, 'bogeys': 1, 'double_bogeys': 1, 'other_scores': 0, 'holes_in_one': 0, 'sequence': 2}]}",2021-04-29,2021-05-02,2.0,-1.0,,,,,
94246dd6-7a39-4072-9fde-495f65b697b4,Simmons Bank Open for the Snedeker Foundation,stroke,USD,America/Chicago,full,closed,stroke,"[{'id': 'b3d51450-0493-411d-89b3-25b6c217c67e', 'year': 2021, 'tour': {'id': '6ccf9f48-82ca-41d7-a649-99393a2aa0b1', 'alias': 'PGAD', 'name': 'Korn Ferry Tour'}}]","{'position': 143, 'tied': True, 'score': 9, 'strokes': 153, 'status': 'CUT', 'rounds': [{'score': 3, 'strokes': 75, 'thru': 18, 'eagles': 0, 'birdies': 2, 'pars': 12, 'bogeys': 3, 'double_bogeys': 1, 'other_scores': 0, 'holes_in_one': 0, 'sequence': 1}, {'score': 6, 'strokes': 78, 'thru': 18, 'eagles': 0, 'birdies': 2, 'pars': 10, 'bogeys': 4, 'double_bogeys': 2, 'other_scores': 0, 'holes_in_one': 0, 'sequence': 2}]}",2021-05-06,2021-05-09,2.0,0.0,,,,,
f24a9e77-dec9-455f-915f-321e6674f336,Visit Knoxville Open,stroke,USD,America/New_York,full,closed,stroke,"[{'id': 'b3d51450-0493-411d-89b3-25b6c217c67e', 'year': 2021, 'tour': {'id': '6ccf9f48-82ca-41d7-a649-99393a2aa0b1', 'alias': 'PGAD', 'name': 'Korn Ferry Tour'}}]","{'position': 91, 'tied': True, 'score': 0, 'strokes': 140, 'status': 'CUT', 'rounds': [{'score': 1, 'strokes': 71, 'thru': 18, 'eagles': 0, 'birdies': 3, 'pars': 11, 'bogeys': 4, 'double_bogeys': 0, 'other_scores': 0, 'holes_in_one': 0, 'sequence': 1}, {'score': -1, 'strokes': 69, 'thru': 18, 'eagles': 0, 'birdies': 3, 'pars': 13, 'bogeys': 2, 'double_bogeys': 0, 'other_scores': 0, 'holes_in_one': 0, 'sequence': 2}]}",2021-05-13,2021-05-16,2.0,-2.0,,,,,
b642f8d5-447c-47bf-bffa-5047fdbbc996,AdventHealth Championship,stroke,USD,America/Chicago,full,closed,stroke,"[{'id': 'b3d51450-0493-411d-89b3-25b6c217c67e', 'year': 2021, 'tour': {'id': '6ccf9f48-82ca-41d7-a649-99393a2aa0b1', 'alias': 'PGAD', 'name': 'Korn Ferry Tour'}}]","{'position': 15, 'tied': True, 'money': 10463.0, 'points': 0.0, 'score': -11, 'strokes': 277, 'rounds': [{'score': -2, 'strokes': 70, 'thru': 18, 'eagles': 1, 'birdies': 2, 'pars': 13, 'bogeys': 2, 'double_bogeys': 0, 'other_scores': 0, 'holes_in_one': 0, 'sequence': 1}, {'score': -1, 'strokes': 71, 'thru': 18, 'eagles': 0, 'birdies': 4, 'pars': 11, 'bogeys': 3, 'double_bogeys': 0, 'other_scores': 0, 'holes_in_one': 0, 'sequence': 2}, {'score': -3, 'strokes': 69, 'thru': 18, 'eagles': 0, 'birdies': 7, 'pars': 7, 'bogeys': 4, 'double_bogeys': 0, 'other_scores': 0, 'holes_in_one': 0, 'sequence': 3}, {'score': -5, 'strokes': 67, 'thru': 18, 'eagles': 0, 'birdies': 6, 'pars': 11, 'bogeys': 1, 'double_bogeys': 0, 'other_scores': 0, 'holes_in_one': 0, 'sequence': 4}]}",2021-05-20,2021-05-23,2.0,-2.0,,,,,
3537c90d-6652-42b5-80dd-f9242786e7d0,Evans Scholars Invitational,stroke,USD,America/Chicago,full,closed,stroke,"[{'id': 'b3d51450-0493-411d-89b3-25b6c217c67e', 'year': 2021, 'tour': {'id': '6ccf9f48-82ca-41d7-a649-99393a2aa0b1', 'alias': 'PGAD', 'name': 'Korn Ferry Tour'}}]","{'position': 113, 'tied': True, 'score': 7, 'strokes': 149, 'status': 'CUT', 'rounds': [{'score': 0, 'strokes': 71, 'thru': 18, 'eagles': 0, 'birdies': 3, 'pars': 13, 'bogeys': 1, 'double_bogeys': 1, 'other_scores': 0, 'holes_in_one': 0, 'sequence': 1}, {'score': 7, 'strokes': 78, 'thru': 18, 'eagles': 0, 'birdies': 2, 'pars': 10, 'bogeys': 5, 'double_bogeys': 0, 'other_scores': 1, 'holes_in_one': 0, 'sequence': 2}]}",2021-05-27,2021-05-30,2.0,2.0,,,,,
9ab1c1bb-64ae-422f-a46c-0f07da541aa6,REX Hospital Open,stroke,USD,America/New_York,full,closed,stroke,"[{'id': 'b3d51450-0493-411d-89b3-25b6c217c67e', 'year': 2021, 'tour': {'id': '6ccf9f48-82ca-41d7-a649-99393a2aa0b1', 'alias': 'PGAD', 'name': 'Korn Ferry Tour'}}]","{'position': 110, 'tied': True, 'score': -1, 'strokes': 141, 'status': 'CUT', 'rounds': [{'score': -3, 'strokes': 68, 'thru': 18, 'eagles': 0, 'birdies': 4, 'pars': 13, 'bogeys': 1, 'double_bogeys': 0, 'other_scores': 0, 'holes_in_one': 0, 'sequence': 1}, {'score': 2, 'strokes': 73, 'thru': 18, 'eagles': 0, 'birdies': 3, 'pars': 10, 'bogeys': 5, 'double_bogeys': 0, 'other_scores': 0, 'holes_in_one': 0, 'sequence': 2}]}",2021-06-03,2021-06-06,2.0,-4.0,,,,,
8253c065-18f3-47a9-8999-8932612e64fb,BMW Charity Pro-Am,stroke,USD,America/New_York,full,closed,stroke,"[{'id': 'b3d51450-0493-411d-89b3-25b6c217c67e', 'year': 2021, 'tour': {'id': '6ccf9f48-82ca-41d7-a649-99393a2aa0b1', 'alias': 'PGAD', 'name': 'Korn Ferry Tour'}}]","{'position': 108, 'tied': True, 'score': -3, 'strokes': 140, 'status': 'CUT', 'rounds': [{'score': -5, 'strokes': 67, 'thru': 18, 'eagles': 0, 'birdies': 7, 'pars': 9, 'bogeys': 2, 'double_bogeys': 0, 'other_scores': 0, 'holes_in_one': 0, 'sequence': 1}, {'score': 2, 'strokes': 73, 'thru': 18, 'eagles': 0, 'birdies': 7, 'pars': 6, 'bogeys': 3, 'double_bogeys': 1, 'other_scores': 1, 'holes_in_one': 0, 'sequence': 2}]}",2021-06-10,2021-06-13,2.0,-6.0,,,,,
0a4373fe-a2b9-4a9d-ad84-d342dea6b61a,U.S. Open ,stroke,USD,America/Los_Angeles,full,closed,stroke,"[{'id': '2d6bebeb-a384-463c-9baf-c2064340acfd', 'year': 2021, 'tour': {'id': 'b52068af-28e4-4e91-bdbb-037591b0ff84', 'alias': 'pga', 'name': 'PGA Tour'}}, {'id': '45f997ac-9b7e-41e3-8af3-564eaa21d248', 'year': 2021, 'tour': {'id': 'e97bb87a-6347-40d0-8c8c-3d0f54a41043', 'alias': 'EURO', 'name': 'DP World Tour'}}]","{'position': 104, 'tied': True, 'score': 8, 'strokes': 150, 'status': 'CUT', 'rounds': [{'score': 6, 'strokes': 77, 'thru': 18, 'eagles': 0, 'birdies': 2, 'pars': 10, 'bogeys': 4, 'double_bogeys': 2, 'other_scores': 0, 'holes_in_one': 0, 'sequence': 1}, {'score': 2, 'strokes': 73, 'thru': 18, 'eagles': 1, 'birdies': 3, 'pars': 8, 'bogeys': 5, 'double_bogeys': 1, 'other_scores': 0, 'holes_in_one': 0, 'sequence': 2}]}",2021-06-17,2021-06-20,2.0,4.0,4.0,12500000.0,600.0,"The Golf Channel, NBC",
00598f99-acc4-41a7-875c-f9ccadb409a5,Live and Work in Maine Open,stroke,USD,America/New_York,full,closed,stroke,"[{'id': 'b3d51450-0493-411d-89b3-25b6c217c67e', 'year': 2021, 'tour': {'id': '6ccf9f48-82ca-41d7-a649-99393a2aa0b1', 'alias': 'PGAD', 'name': 'Korn Ferry Tour'}}]","{'position': 55, 'tied': True, 'money': 2514.0, 'points': 0.0, 'score': -1, 'strokes': 283, 'rounds': [{'score': 0, 'strokes': 71, 'thru': 18, 'eagles': 1, 'birdies': 3, 'pars': 10, 'bogeys': 3, 'double_bogeys': 1, 'other_scores': 0, 'holes_in_one': 0, 'sequence': 1}, {'score': -3, 'strokes': 68, 'thru': 18, 'eagles': 0, 'birdies': 4, 'pars': 13, 'bogeys': 1, 'double_bogeys': 0, 'other_scores': 0, 'holes_in_one': 0, 'sequence': 2}, {'score': -1, 'strokes': 70, 'thru': 18, 'eagles': 0, 'birdies': 4, 'pars': 11, 'bogeys': 3, 'double_bogeys': 0, 'other_scores': 0, 'holes_in_one': 0, 'sequence': 3}, {'score': 3, 'strokes': 74, 'thru': 18, 'eagles': 0, 'birdies': 1, 'pars': 13, 'bogeys': 4, 'double_bogeys': 0, 'other_scores': 0, 'holes_in_one': 0, 'sequence': 4}]}",2021-06-24,2021-06-27,2.0,-2.0,,600000.0,,,
fc8d4a7e-c226-49ed-a5eb-fa8d16c26647,John Deere Classic,stroke,USD,America/Chicago,full,closed,stroke,"[{'id': '2d6bebeb-a384-463c-9baf-c2064340acfd', 'year': 2021, 'tour': {'id': 'b52068af-28e4-4e91-bdbb-037591b0ff84', 'alias': 'pga', 'name': 'PGA Tour'}}]","{'position': 123, 'tied': True, 'score': 1, 'strokes': 143, 'status': 'CUT', 'rounds': [{'score': -2, 'strokes': 69, 'thru': 18, 'eagles': 0, 'birdies': 5, 'pars': 10, 'bogeys': 3, 'double_bogeys': 0, 'other_scores': 0, 'holes_in_one': 0, 'sequence': 1}, {'score': 3, 'strokes': 74, 'thru': 18, 'eagles': 0, 'birdies': 2, 'pars': 11, 'bogeys': 5, 'double_bogeys': 0, 'other_scores': 0, 'holes_in_one': 0, 'sequence': 2}]}",2021-07-08,2021-07-11,2.0,-4.0,-4.0,6200000.0,500.0,"The Golf Channel, CBS",1116000.0
94f1f41b-1f3a-4bd4-911b-d3162e90eabc,Memorial Health Championship,stroke,USD,America/Chicago,full,closed,stroke,"[{'id': 'b3d51450-0493-411d-89b3-25b6c217c67e', 'year': 2021, 'tour': {'id': '6ccf9f48-82ca-41d7-a649-99393a2aa0b1', 'alias': 'PGAD', 'name': 'Korn Ferry Tour'}}]","{'position': 146, 'tied': True, 'score': 2, 'strokes': 144, 'status': 'CUT', 'rounds': [{'score': -1, 'strokes': 70, 'thru': 18, 'eagles': 0, 'birdies': 5, 'pars': 9, 'bogeys': 4, 'double_bogeys': 0, 'other_scores': 0, 'holes_in_one': 0, 'sequence': 1}, {'score': 3, 'strokes': 74, 'thru': 18, 'eagles': 0, 'birdies': 3, 'pars': 11, 'bogeys': 2, 'double_bogeys': 2, 'other_scores': 0, 'holes_in_one': 0, 'sequence': 2}]}",2021-07-15,2021-07-18,2.0,-6.0,,600000.0,,,
8b9a3d9e-1062-4a52-b249-303054eb4273,Price Cutter Charity Championship,stroke,USD,America/Chicago,full,closed,stroke,"[{'id': 'b3d51450-0493-411d-89b3-25b6c217c67e', 'year': 2021, 'tour': {'id': '6ccf9f48-82ca-41d7-a649-99393a2aa0b1', 'alias': 'PGAD', 'name': 'Korn Ferry Tour'}}]","{'position': 19, 'tied': True, 'money': 6429.0, 'points': 0.0, 'score': -17, 'strokes': 271, 'rounds': [{'score': -6, 'strokes': 66, 'thru': 18, 'eagles': 1, 'birdies': 6, 'pars': 9, 'bogeys': 2, 'double_bogeys': 0, 'other_scores': 0, 'holes_in_one': 0, 'sequence': 1}, {'score': -3, 'strokes': 69, 'thru': 18, 'eagles': 1, 'birdies': 4, 'pars': 10, 'bogeys': 3, 'double_bogeys': 0, 'other_scores': 0, 'holes_in_one': 0, 'sequence': 2}, {'score': -4, 'strokes': 68, 'thru': 18, 'eagles': 0, 'birdies': 6, 'pars': 10, 'bogeys': 2, 'double_bogeys': 0, 'other_scores': 0, 'holes_in_one': 0, 'sequence': 3}, {'score': -4, 'strokes': 68, 'thru': 18, 'eagles': 0, 'birdies': 5, 'pars': 12, 'bogeys': 1, 'double_bogeys': 0, 'other_scores': 0, 'holes_in_one': 0, 'sequence': 4}]}",2021-07-22,2021-07-25,2.0,-6.0,,600000.0,,,
c5e9d36b-c66f-41ce-9207-9577293d0709,Utah Championship,stroke,USD,America/Denver,full,closed,stroke,"[{'id': 'b3d51450-0493-411d-89b3-25b6c217c67e', 'year': 2021, 'tour': {'id': '6ccf9f48-82ca-41d7-a649-99393a2aa0b1', 'alias': 'PGAD', 'name': 'Korn Ferry Tour'}}]","{'position': 13, 'tied': True, 'money': 11175.0, 'points': 0.0, 'score': -18, 'strokes': 266, 'rounds': [{'score': -6, 'strokes': 65, 'thru': 18, 'eagles': 0, 'birdies': 8, 'pars': 8, 'bogeys': 2, 'double_bogeys': 0, 'other_scores': 0, 'holes_in_one': 0, 'sequence': 1}, {'score': -4, 'strokes': 67, 'thru': 18, 'eagles': 0, 'birdies': 4, 'pars': 14, 'bogeys': 0, 'double_bogeys': 0, 'other_scores': 0, 'holes_in_one': 0, 'sequence': 2}, {'score': -5, 'strokes': 66, 'thru': 18, 'eagles': 1, 'birdies': 3, 'pars': 14, 'bogeys': 0, 'double_bogeys': 0, 'other_scores': 0, 'holes_in_one': 0, 'sequence': 3}, {'score': -3, 'strokes': 68, 'thru': 18, 'eagles': 0, 'birdies': 6, 'pars': 10, 'bogeys': 1, 'double_bogeys': 1, 'other_scores': 0, 'holes_in_one': 0, 'sequence': 4}]}",2021-08-05,2021-08-08,2.0,-5.0,,600000.0,,,
c8e3c08b-97b5-4997-8d10-703c17a89dcf,Pinnacle Bank Championship,stroke,USD,America/Chicago,full,closed,stroke,"[{'id': 'b3d51450-0493-411d-89b3-25b6c217c67e', 'year': 2021, 'tour': {'id': '6ccf9f48-82ca-41d7-a649-99393a2aa0b1', 'alias': 'PGAD', 'name': 'Korn Ferry Tour'}}]","{'position': 142, 'tied': True, 'score': 8, 'strokes': 150, 'status': 'CUT', 'rounds': [{'score': 5, 'strokes': 76, 'thru': 18, 'eagles': 1, 'birdies': 1, 'pars': 8, 'bogeys': 8, 'double_bogeys': 0, 'other_scores': 0, 'holes_in_one': 0, 'sequence': 1}, {'score': 3, 'strokes': 74, 'thru': 18, 'eagles': 0, 'birdies': 1, 'pars': 14, 'bogeys': 2, 'double_bogeys': 1, 'other_scores': 0, 'holes_in_one': 0, 'sequence': 2}]}",2021-08-12,2021-08-15,2.0,-2.0,,750000.0,,,
2859b1be-4db0-4054-8a88-a5e2656bd140,The Bahamas Great Exuma Classic,stroke,USD,America/Nassau,full,closed,stroke,"[{'id': '1a559ec3-8bfb-4170-a893-c1b43565151c', 'year': 2022, 'tour': {'id': '6ccf9f48-82ca-41d7-a649-99393a2aa0b1', 'alias': 'PGAD', 'name': 'Korn Ferry Tour'}}]","{'position': 43, 'tied': True, 'money': 3191.0, 'points': 0.0, 'score': 0, 'strokes': 288, 'rounds': [{'score': 3, 'strokes': 75, 'thru': 18, 'eagles': 0, 'birdies': 2, 'pars': 12, 'bogeys': 3, 'double_bogeys': 1, 'other_scores': 0, 'holes_in_one': 0, 'sequence': 1}, {'score': -4, 'strokes': 68, 'thru': 18, 'eagles': 0, 'birdies': 7, 'pars': 9, 'bogeys': 1, 'double_bogeys': 1, 'other_scores': 0, 'holes_in_one': 0, 'sequence': 2}, {'score': -5, 'strokes': 67, 'thru': 18, 'eagles': 0, 'birdies': 6, 'pars': 11, 'bogeys': 1, 'double_bogeys': 0, 'other_scores': 0, 'holes_in_one': 0, 'sequence': 3}, {'score': 6, 'strokes': 78, 'thru': 18, 'eagles': 0, 'birdies': 3, 'pars': 8, 'bogeys': 6, 'double_bogeys': 0, 'other_scores': 1, 'holes_in_one': 0, 'sequence': 4}]}",2022-01-16,2022-01-19,2.0,2.0,,750000.0,,,
20fc64de-d06b-4fd9-9623-84ffe6224678,The Bahamas Great Abaco Classic,stroke,USD,America/Nassau,full,closed,stroke,"[{'id': '1a559ec3-8bfb-4170-a893-c1b43565151c', 'year': 2022, 'tour': {'id': '6ccf9f48-82ca-41d7-a649-99393a2aa0b1', 'alias': 'PGAD', 'name': 'Korn Ferry Tour'}}]","{'position': 7, 'tied': True, 'money': 20723.0, 'points': 0.0, 'score': -12, 'strokes': 276, 'rounds': [{'score': -5, 'strokes': 67, 'thru': 18, 'eagles': 1, 'birdies': 3, 'pars': 14, 'bogeys': 0, 'double_bogeys': 0, 'other_scores': 0, 'holes_in_one': 0, 'sequence': 1}, {'score': -2, 'strokes': 70, 'thru': 18, 'eagles': 0, 'birdies': 3, 'pars': 14, 'bogeys': 1, 'double_bogeys': 0, 'other_scores': 0, 'holes_in_one': 0, 'sequence': 2}, {'score': -5, 'strokes': 67, 'thru': 18, 'eagles': 0, 'birdies': 7, 'pars': 9, 'bogeys': 2, 'double_bogeys': 0, 'other_scores': 0, 'holes_in_one': 0, 'sequence': 3}, {'score': 0, 'strokes': 72, 'thru': 18, 'eagles': 0, 'birdies': 5, 'pars': 8, 'bogeys': 5, 'double_bogeys': 0, 'other_scores': 0, 'holes_in_one': 0, 'sequence': 4}]}",2022-01-23,2022-01-26,2.0,-1.0,,750000.0,,,
04544d06-8375-4e58-8d9f-60866b43be7c,Panama Championship,stroke,USD,America/Panama,full,closed,stroke,"[{'id': '1a559ec3-8bfb-4170-a893-c1b43565151c', 'year': 2022, 'tour': {'id': '6ccf9f48-82ca-41d7-a649-99393a2aa0b1', 'alias': 'PGAD', 'name': 'Korn Ferry Tour'}}]","{'position': 10, 'tied': True, 'money': 16598.0, 'points': 0.0, 'score': -3, 'strokes': 277, 'rounds': [{'score': -2, 'strokes': 68, 'thru': 18, 'eagles': 0, 'birdies': 5, 'pars': 11, 'bogeys': 1, 'double_bogeys': 1, 'other_scores': 0, 'holes_in_one': 0, 'sequence': 1}, {'score': 0, 'strokes': 70, 'thru': 18, 'eagles': 0, 'birdies': 2, 'pars': 14, 'bogeys': 2, 'double_bogeys': 0, 'other_scores': 0, 'holes_in_one': 0, 'sequence': 2}, {'score': -1, 'strokes': 69, 'thru': 18, 'eagles': 0, 'birdies': 3, 'pars': 13, 'bogeys': 2, 'double_bogeys': 0, 'other_scores': 0, 'holes_in_one': 0, 'sequence': 3}, {'score': 0, 'strokes': 70, 'thru': 18, 'eagles': 0, 'birdies': 3, 'pars': 12, 'bogeys': 3, 'double_bogeys': 0, 'other_scores': 0, 'holes_in_one': 0, 'sequence': 4}]}",2022-02-03,2022-02-06,2.0,0.0,,750000.0,,,
19128557-9424-4a0a-b836-6b4e84479ac1,Country Club de Bogota Championship,stroke,USD,America/Bogota,full,closed,stroke,"[{'id': '1a559ec3-8bfb-4170-a893-c1b43565151c', 'year': 2022, 'tour': {'id': '6ccf9f48-82ca-41d7-a649-99393a2aa0b1', 'alias': 'PGAD', 'name': 'Korn Ferry Tour'}}]","{'position': 7, 'tied': True, 'money': 23063.0, 'points': 0.0, 'score': -14, 'strokes': 269, 'rounds': [{'score': -3, 'strokes': 68, 'thru': 18, 'eagles': 0, 'birdies': 4, 'pars': 13, 'bogeys': 1, 'double_bogeys': 0, 'other_scores': 0, 'holes_in_one': 0, 'sequence': 1}, {'score': -5, 'strokes': 65, 'thru': 18, 'eagles': 1, 'birdies': 6, 'pars': 8, 'bogeys': 3, 'double_bogeys': 0, 'other_scores': 0, 'holes_in_one': 0, 'sequence': 2}, {'score': 0, 'strokes': 71, 'thru': 18, 'eagles': 0, 'birdies': 2, 'pars': 14, 'bogeys': 2, 'double_bogeys': 0, 'other_scores': 0, 'holes_in_one': 0, 'sequence': 3}, {'score': -6, 'strokes': 65, 'thru': 18, 'eagles': 0, 'birdies': 6, 'pars': 12, 'bogeys': 0, 'double_bogeys': 0, 'other_scores': 0, 'holes_in_one': 0, 'sequence': 4}]}",2022-02-10,2022-02-13,2.0,-4.0,,750000.0,,,
76d0a9ee-d69d-46a4-bb13-d23ea171ec87,LECOM Suncoast Classic,stroke,USD,America/New_York,full,closed,stroke,"[{'id': '1a559ec3-8bfb-4170-a893-c1b43565151c', 'year': 2022, 'tour': {'id': '6ccf9f48-82ca-41d7-a649-99393a2aa0b1', 'alias': 'PGAD', 'name': 'Korn Ferry Tour'}}]","{'position': 14, 'tied': True, 'money': 13500.0, 'points': 0.0, 'score': -14, 'strokes': 270, 'rounds': [{'score': -2, 'strokes': 69, 'thru': 18, 'eagles': 0, 'birdies': 6, 'pars': 8, 'bogeys': 4, 'double_bogeys': 0, 'other_scores': 0, 'holes_in_one': 0, 'sequence': 1}, {'score': -9, 'strokes': 62, 'thru': 18, 'eagles': 1, 'birdies': 9, 'pars': 6, 'bogeys': 2, 'double_bogeys': 0, 'other_scores': 0, 'holes_in_one': 0, 'sequence': 2}, {'score': -2, 'strokes': 69, 'thru': 18, 'eagles': 0, 'birdies': 3, 'pars': 14, 'bogeys': 1, 'double_bogeys': 0, 'other_scores': 0, 'holes_in_one': 0, 'sequence': 3}, {'score': -1, 'strokes': 70, 'thru': 18, 'eagles': 0, 'birdies': 6, 'pars': 7, 'bogeys': 5, 'double_bogeys': 0, 'other_scores': 0, 'holes_in_one': 0, 'sequence': 4}]}",2022-02-17,2022-02-20,2.0,-6.0,,750000.0,,,
3d8eb194-39ee-4f02-bb05-7668b5df411a,Chitimacha Louisiana Open,stroke,USD,America/Chicago,full,closed,stroke,"[{'id': '1a559ec3-8bfb-4170-a893-c1b43565151c', 'year': 2022, 'tour': {'id': '6ccf9f48-82ca-41d7-a649-99393a2aa0b1', 'alias': 'PGAD', 'name': 'Korn Ferry Tour'}}]","{'position': 75, 'tied': True, 'score': -1, 'strokes': 141, 'status': 'CUT', 'rounds': [{'score': 1, 'strokes': 72, 'thru': 18, 'eagles': 0, 'birdies': 6, 'pars': 7, 'bogeys': 3, 'double_bogeys': 2, 'other_scores': 0, 'holes_in_one': 0, 'sequence': 1}, {'score': -2, 'strokes': 69, 'thru': 18, 'eagles': 0, 'birdies': 3, 'pars': 14, 'bogeys': 1, 'double_bogeys': 0, 'other_scores': 0, 'holes_in_one': 0, 'sequence': 2}]}",2022-03-17,2022-03-20,2.0,-2.0,,750000.0,,,
e53e678b-8264-458f-92ea-5f2b47fc07d3,Lake Charles Championship,stroke,USD,America/Chicago,full,closed,stroke,"[{'id': '1a559ec3-8bfb-4170-a893-c1b43565151c', 'year': 2022, 'tour': {'id': '6ccf9f48-82ca-41d7-a649-99393a2aa0b1', 'alias': 'PGAD', 'name': 'Korn Ferry Tour'}}]","{'position': 3, 'tied': False, 'money': 45000.0, 'points': 0.0, 'score': -15, 'strokes': 269, 'rounds': [{'score': -2, 'strokes': 69, 'thru': 18, 'eagles': 1, 'birdies': 6, 'pars': 5, 'bogeys': 6, 'double_bogeys': 0, 'other_scores': 0, 'holes_in_one': 1, 'sequence': 1}, {'score': -4, 'strokes': 67, 'thru': 18, 'eagles': 0, 'birdies': 5, 'pars': 12, 'bogeys': 1, 'double_bogeys': 0, 'other_scores': 0, 'holes_in_one': 0, 'sequence': 2}, {'score': -5, 'strokes': 66, 'thru': 18, 'eagles': 0, 'birdies': 5, 'pars': 13, 'bogeys': 0, 'double_bogeys': 0, 'other_scores': 0, 'holes_in_one': 0, 'sequence': 3}, {'score': -4, 'strokes': 67, 'thru': 18, 'eagles': 0, 'birdies': 5, 'pars': 12, 'bogeys': 1, 'double_bogeys': 0, 'other_scores': 0, 'holes_in_one': 0, 'sequence': 4}]}",2022-03-24,2022-03-27,2.0,-2.0,,750000.0,,,
89feb37a-6c7e-4c7d-aeb5-e33135005117,Club Car Championship at The Landings Club,stroke,USD,America/New_York,full,closed,stroke,"[{'id': '1a559ec3-8bfb-4170-a893-c1b43565151c', 'year': 2022, 'tour': {'id': '6ccf9f48-82ca-41d7-a649-99393a2aa0b1', 'alias': 'PGAD', 'name': 'Korn Ferry Tour'}}]","{'position': 20, 'tied': True, 'money': 8225.0, 'points': 0.0, 'score': -6, 'strokes': 282, 'rounds': [{'score': 3, 'strokes': 75, 'thru': 18, 'eagles': 0, 'birdies': 4, 'pars': 7, 'bogeys': 7, 'double_bogeys': 0, 'other_scores': 0, 'holes_in_one': 0, 'sequence': 1}, {'score': -9, 'strokes': 63, 'thru': 18, 'eagles': 1, 'birdies': 8, 'pars': 8, 'bogeys': 1, 'double_bogeys': 0, 'other_scores': 0, 'holes_in_one': 0, 'sequence': 2}, {'score': 0, 'strokes': 72, 'thru': 18, 'eagles': 0, 'birdies': 4, 'pars': 11, 'bogeys': 2, 'double_bogeys': 1, 'other_scores': 0, 'holes_in_one': 0, 'sequence': 3}, {'score': 0, 'strokes': 72, 'thru': 18, 'eagles': 0, 'birdies': 3, 'pars': 12, 'bogeys': 3, 'double_bogeys': 0, 'other_scores': 0, 'holes_in_one': 0, 'sequence': 4}]}",2022-03-31,2022-04-03,2.0,-2.0,,750000.0,,,
952a38d6-5fbf-491e-8395-5259a1b1d57a,Veritex Bank Championship,stroke,USD,America/Chicago,full,closed,stroke,"[{'id': '1a559ec3-8bfb-4170-a893-c1b43565151c', 'year': 2022, 'tour': {'id': '6ccf9f48-82ca-41d7-a649-99393a2aa0b1', 'alias': 'PGAD', 'name': 'Korn Ferry Tour'}}]","{'position': 26, 'tied': True, 'money': 5079.0, 'points': 0.0, 'score': -15, 'strokes': 269, 'rounds': [{'score': 1, 'strokes': 72, 'thru': 18, 'eagles': 0, 'birdies': 4, 'pars': 9, 'bogeys': 5, 'double_bogeys': 0, 'other_scores': 0, 'holes_in_one': 0, 'sequence': 1}, {'score': -6, 'strokes': 65, 'thru': 18, 'eagles': 1, 'birdies': 6, 'pars': 9, 'bogeys': 2, 'double_bogeys': 0, 'other_scores': 0, 'holes_in_one': 0, 'sequence': 2}, {'score': -6, 'strokes': 65, 'thru': 18, 'eagles': 0, 'birdies': 7, 'pars': 10, 'bogeys': 1, 'double_bogeys': 0, 'other_scores': 0, 'holes_in_one': 0, 'sequence': 3}, {'score': -4, 'strokes': 67, 'thru': 18, 'eagles': 1, 'birdies': 4, 'pars': 12, 'bogeys': 0, 'double_bogeys': 1, 'other_scores': 0, 'holes_in_one': 0, 'sequence': 4}]}",2022-04-13,2022-04-16,2.0,-5.0,-5.0,750000.0,,,
64bb1d20-ad74-4ee5-aae7-40b06c3734e9,Huntsville Championship,stroke,USD,America/Chicago,full,closed,stroke,"[{'id': '1a559ec3-8bfb-4170-a893-c1b43565151c', 'year': 2022, 'tour': {'id': '6ccf9f48-82ca-41d7-a649-99393a2aa0b1', 'alias': 'PGAD', 'name': 'Korn Ferry Tour'}}]","{'position': 131, 'tied': True, 'score': 6, 'strokes': 146, 'status': 'CUT', 'rounds': [{'score': 4, 'strokes': 74, 'thru': 18, 'eagles': 0, 'birdies': 4, 'pars': 8, 'bogeys': 5, 'double_bogeys': 0, 'other_scores': 1, 'holes_in_one': 0, 'sequence': 1}, {'score': 2, 'strokes': 72, 'thru': 18, 'eagles': 0, 'birdies': 3, 'pars': 11, 'bogeys': 3, 'double_bogeys': 1, 'other_scores': 0, 'holes_in_one': 0, 'sequence': 2}]}",2022-04-28,2022-05-01,2.0,0.0,,750000.0,,,
971e060e-ffb0-44b0-90ed-0b99d966002a,Simmons Bank Open for the Snedeker Foundation,stroke,USD,America/Chicago,full,closed,stroke,"[{'id': '1a559ec3-8bfb-4170-a893-c1b43565151c', 'year': 2022, 'tour': {'id': '6ccf9f48-82ca-41d7-a649-99393a2aa0b1', 'alias': 'PGAD', 'name': 'Korn Ferry Tour'}}]","{'position': 100, 'tied': True, 'score': 0, 'strokes': 144, 'status': 'CUT', 'rounds': [{'score': -1, 'strokes': 71, 'thru': 18, 'eagles': 0, 'birdies': 3, 'pars': 13, 'bogeys': 2, 'double_bogeys': 0, 'other_scores': 0, 'holes_in_one': 0, 'sequence': 1}, {'score': 1, 'strokes': 73, 'thru': 18, 'eagles': 0, 'birdies': 2, 'pars': 14, 'bogeys': 1, 'double_bogeys': 1, 'other_scores': 0, 'holes_in_one': 0, 'sequence': 2}]}",2022-05-05,2022-05-08,2.0,-3.0,-3.0,750000.0,,,
757659c1-1c23-4022-a69e-8d934d2022d2,Visit Knoxville Open,stroke,USD,America/New_York,full,closed,stroke,"[{'id': '1a559ec3-8bfb-4170-a893-c1b43565151c', 'year': 2022, 'tour': {'id': '6ccf9f48-82ca-41d7-a649-99393a2aa0b1', 'alias': 'PGAD', 'name': 'Korn Ferry Tour'}}]","{'position': 54, 'tied': True, 'money': 3128.0, 'points': 0.0, 'score': -5, 'strokes': 275, 'rounds': [{'score': -5, 'strokes': 65, 'thru': 18, 'eagles': 1, 'birdies': 3, 'pars': 14, 'bogeys': 0, 'double_bogeys': 0, 'other_scores': 0, 'holes_in_one': 0, 'sequence': 1}, {'score': -4, 'strokes': 66, 'thru': 18, 'eagles': 0, 'birdies': 6, 'pars': 10, 'bogeys': 2, 'double_bogeys': 0, 'other_scores': 0, 'holes_in_one': 0, 'sequence': 2}, {'score': -1, 'strokes': 69, 'thru': 18, 'eagles': 0, 'birdies': 3, 'pars': 13, 'bogeys': 2, 'double_bogeys': 0, 'other_scores': 0, 'holes_in_one': 0, 'sequence': 3}, {'score': 5, 'strokes': 75, 'thru': 18, 'eagles': 0, 'birdies': 2, 'pars': 10, 'bogeys': 5, 'double_bogeys': 1, 'other_scores': 0, 'holes_in_one': 0, 'sequence': 4}]}",2022-05-12,2022-05-15,2.0,-2.0,,750000.0,,,
e462ed10-816b-4402-a594-487545601821,REX Hospital Open,stroke,USD,America/New_York,full,closed,stroke,"[{'id': '1a559ec3-8bfb-4170-a893-c1b43565151c', 'year': 2022, 'tour': {'id': '6ccf9f48-82ca-41d7-a649-99393a2aa0b1', 'alias': 'PGAD', 'name': 'Korn Ferry Tour'}}]","{'position': 29, 'tied': True, 'money': 4931.0, 'points': 0.0, 'score': -7, 'strokes': 277, 'rounds': [{'score': -5, 'strokes': 66, 'thru': 18, 'eagles': 0, 'birdies': 5, 'pars': 13, 'bogeys': 0, 'double_bogeys': 0, 'other_scores': 0, 'holes_in_one': 0, 'sequence': 1}, {'score': -5, 'strokes': 66, 'thru': 18, 'eagles': 0, 'birdies': 5, 'pars': 13, 'bogeys': 0, 'double_bogeys': 0, 'other_scores': 0, 'holes_in_one': 0, 'sequence': 2}, {'score': 4, 'strokes': 75, 'thru': 18, 'eagles': 0, 'birdies': 2, 'pars': 10, 'bogeys': 6, 'double_bogeys': 0, 'other_scores': 0, 'holes_in_one': 0, 'sequence': 3}, {'score': -1, 'strokes': 70, 'thru': 18, 'eagles': 0, 'birdies': 7, 'pars': 6, 'bogeys': 4, 'double_bogeys': 1, 'other_scores': 0, 'holes_in_one': 0, 'sequence': 4}]}",2022-06-02,2022-06-05,2.0,-3.0,,750000.0,,,
1a04cdb9-00c7-4a0c-957b-2bd80950dccc,BMW Charity Pro-Am,stroke,USD,America/New_York,full,closed,stroke,"[{'id': '1a559ec3-8bfb-4170-a893-c1b43565151c', 'year': 2022, 'tour': {'id': '6ccf9f48-82ca-41d7-a649-99393a2aa0b1', 'alias': 'PGAD', 'name': 'Korn Ferry Tour'}}]","{'position': 140, 'tied': True, 'score': 2, 'strokes': 145, 'status': 'CUT', 'rounds': [{'score': 1, 'strokes': 72, 'thru': 18, 'eagles': 1, 'birdies': 3, 'pars': 10, 'bogeys': 2, 'double_bogeys': 2, 'other_scores': 0, 'holes_in_one': 1, 'sequence': 1}, {'score': 1, 'strokes': 73, 'thru': 18, 'eagles': 0, 'birdies': 4, 'pars': 9, 'bogeys': 5, 'double_bogeys': 0, 'other_scores': 0, 'holes_in_one': 0, 'sequence': 2}]}",2022-06-09,2022-06-12,2.0,-4.0,,750000.0,,,
36fabe70-7532-4f5e-bf4a-a2e10b3cc38a,Wichita Open,stroke,USD,America/Chicago,full,closed,stroke,"[{'id': '1a559ec3-8bfb-4170-a893-c1b43565151c', 'year': 2022, 'tour': {'id': '6ccf9f48-82ca-41d7-a649-99393a2aa0b1', 'alias': 'PGAD', 'name': 'Korn Ferry Tour'}}]","{'position': 40, 'tied': True, 'money': 3675.0, 'points': 0.0, 'score': -8, 'strokes': 272, 'rounds': [{'score': -3, 'strokes': 67, 'thru': 18, 'eagles': 1, 'birdies': 4, 'pars': 11, 'bogeys': 1, 'double_bogeys': 1, 'other_scores': 0, 'holes_in_one': 0, 'sequence': 1}, {'score': -2, 'strokes': 68, 'thru': 18, 'eagles': 0, 'birdies': 7, 'pars': 6, 'bogeys': 5, 'double_bogeys': 0, 'other_scores': 0, 'holes_in_one': 0, 'sequence': 2}, {'score': -4, 'strokes': 66, 'thru': 18, 'eagles': 0, 'birdies': 4, 'pars': 14, 'bogeys': 0, 'double_bogeys': 0, 'other_scores': 0, 'holes_in_one': 0, 'sequence': 3}, {'score': 1, 'strokes': 71, 'thru': 18, 'eagles': 0, 'birdies': 4, 'pars': 9, 'bogeys': 5, 'double_bogeys': 0, 'other_scores': 0, 'holes_in_one': 0, 'sequence': 4}]}",2022-06-16,2022-06-19,2.0,-4.0,,750000.0,,,
38e9c512-f1a7-4c8e-bcf5-4877bce4d088,Live and Work in Maine Open,stroke,USD,America/New_York,full,closed,stroke,"[{'id': '1a559ec3-8bfb-4170-a893-c1b43565151c', 'year': 2022, 'tour': {'id': '6ccf9f48-82ca-41d7-a649-99393a2aa0b1', 'alias': 'PGAD', 'name': 'Korn Ferry Tour'}}]","{'position': 146, 'tied': True, 'score': 10, 'strokes': 152, 'status': 'CUT', 'rounds': [{'score': 6, 'strokes': 77, 'thru': 18, 'eagles': 0, 'birdies': 3, 'pars': 9, 'bogeys': 3, 'double_bogeys': 3, 'other_scores': 0, 'holes_in_one': 0, 'sequence': 1}, {'score': 4, 'strokes': 75, 'thru': 18, 'eagles': 0, 'birdies': 3, 'pars': 9, 'bogeys': 5, 'double_bogeys': 1, 'other_scores': 0, 'holes_in_one': 0, 'sequence': 2}]}",2022-06-23,2022-06-26,2.0,-1.0,,750000.0,,,
6734a54a-3dbb-4ef1-b1eb-d3c1d295449f,The Ascendant,stroke,USD,America/Denver,full,closed,stroke,"[{'id': '1a559ec3-8bfb-4170-a893-c1b43565151c', 'year': 2022, 'tour': {'id': '6ccf9f48-82ca-41d7-a649-99393a2aa0b1', 'alias': 'PGAD', 'name': 'Korn Ferry Tour'}}]","{'position': 50, 'tied': True, 'money': 3155.0, 'points': 0.0, 'score': -4, 'strokes': 284, 'rounds': [{'score': -2, 'strokes': 70, 'thru': 18, 'eagles': 0, 'birdies': 3, 'pars': 14, 'bogeys': 1, 'double_bogeys': 0, 'other_scores': 0, 'holes_in_one': 0, 'sequence': 1}, {'score': -3, 'strokes': 69, 'thru': 18, 'eagles': 0, 'birdies': 5, 'pars': 11, 'bogeys': 2, 'double_bogeys': 0, 'other_scores': 0, 'holes_in_one': 0, 'sequence': 2}, {'score': 0, 'strokes': 72, 'thru': 18, 'eagles': 0, 'birdies': 3, 'pars': 12, 'bogeys': 3, 'double_bogeys': 0, 'other_scores': 0, 'holes_in_one': 0, 'sequence': 3}, {'score': 1, 'strokes': 73, 'thru': 18, 'eagles': 0, 'birdies': 4, 'pars': 10, 'bogeys': 3, 'double_bogeys': 1, 'other_scores': 0, 'holes_in_one': 0, 'sequence': 4}]}",2022-06-30,2022-07-03,2.0,-1.0,,750000.0,,,
014c5f04-f8dd-4bb4-b92a-5cac873e93b0,Memorial Health Championship,stroke,USD,America/Chicago,full,closed,stroke,"[{'id': '1a559ec3-8bfb-4170-a893-c1b43565151c', 'year': 2022, 'tour': {'id': '6ccf9f48-82ca-41d7-a649-99393a2aa0b1', 'alias': 'PGAD', 'name': 'Korn Ferry Tour'}}]","{'position': 137, 'tied': True, 'score': 1, 'strokes': 143, 'status': 'CUT', 'rounds': [{'score': -3, 'strokes': 68, 'thru': 18, 'eagles': 0, 'birdies': 6, 'pars': 10, 'bogeys': 1, 'double_bogeys': 1, 'other_scores': 0, 'holes_in_one': 0, 'sequence': 1}, {'score': 4, 'strokes': 75, 'thru': 18, 'eagles': 0, 'birdies': 4, 'pars': 9, 'bogeys': 2, 'double_bogeys': 3, 'other_scores': 0, 'holes_in_one': 0, 'sequence': 2}]}",2022-07-14,2022-07-17,2.0,-5.0,,750000.0,,,
da7f3b15-a2cd-4f08-b80b-1c932e971bcf,Price Cutter Charity Championship,stroke,USD,America/Chicago,full,closed,stroke,"[{'id': '1a559ec3-8bfb-4170-a893-c1b43565151c', 'year': 2022, 'tour': {'id': '6ccf9f48-82ca-41d7-a649-99393a2aa0b1', 'alias': 'PGAD', 'name': 'Korn Ferry Tour'}}]","{'position': 25, 'tied': True, 'money': 5979.0, 'points': 0.0, 'score': -13, 'strokes': 275, 'rounds': [{'score': -3, 'strokes': 69, 'thru': 18, 'eagles': 0, 'birdies': 6, 'pars': 10, 'bogeys': 1, 'double_bogeys': 1, 'other_scores': 0, 'holes_in_one': 0, 'sequence': 1}, {'score': -3, 'strokes': 69, 'thru': 18, 'eagles': 0, 'birdies': 5, 'pars': 11, 'bogeys': 2, 'double_bogeys': 0, 'other_scores': 0, 'holes_in_one': 0, 'sequence': 2}, {'score': -3, 'strokes': 69, 'thru': 18, 'eagles': 0, 'birdies': 6, 'pars': 10, 'bogeys': 1, 'double_bogeys': 1, 'other_scores': 0, 'holes_in_one': 0, 'sequence': 3}, {'score': -4, 'strokes': 68, 'thru': 18, 'eagles': 1, 'birdies': 5, 'pars': 10, 'bogeys': 1, 'double_bogeys': 1, 'other_scores': 0, 'holes_in_one': 0, 'sequence': 4}]}",2022-07-21,2022-07-24,2.0,-5.0,,750000.0,,,
0a8b8f33-58f7-4270-95a2-50cc64400422,Utah Championship,stroke,USD,America/Denver,full,closed,stroke,"[{'id': '1a559ec3-8bfb-4170-a893-c1b43565151c', 'year': 2022, 'tour': {'id': '6ccf9f48-82ca-41d7-a649-99393a2aa0b1', 'alias': 'PGAD', 'name': 'Korn Ferry Tour'}}]","{'position': 78, 'tied': True, 'score': -4, 'strokes': 138, 'status': 'CUT', 'rounds': [{'score': -1, 'strokes': 70, 'thru': 18, 'eagles': 0, 'birdies': 5, 'pars': 9, 'bogeys': 4, 'double_bogeys': 0, 'other_scores': 0, 'holes_in_one': 0, 'sequence': 1}, {'score': -3, 'strokes': 68, 'thru': 18, 'eagles': 0, 'birdies': 5, 'pars': 11, 'bogeys': 2, 'double_bogeys': 0, 'other_scores': 0, 'holes_in_one': 0, 'sequence': 2}]}",2022-08-04,2022-08-07,2.0,-5.0,,750000.0,,,
1b40d893-e8b5-4db8-a265-3771759d25e1,Pinnacle Bank Championship,stroke,USD,America/Chicago,full,closed,stroke,"[{'id': '1a559ec3-8bfb-4170-a893-c1b43565151c', 'year': 2022, 'tour': {'id': '6ccf9f48-82ca-41d7-a649-99393a2aa0b1', 'alias': 'PGAD', 'name': 'Korn Ferry Tour'}}]","{'position': 64, 'tied': False, 'money': 3417.0, 'points': 0.0, 'score': 3, 'strokes': 287, 'rounds': [{'score': 1, 'strokes': 72, 'thru': 18, 'eagles': 0, 'birdies': 4, 'pars': 11, 'bogeys': 1, 'double_bogeys': 2, 'other_scores': 0, 'holes_in_one': 0, 'sequence': 1}, {'score': -2, 'strokes': 69, 'thru': 18, 'eagles': 0, 'birdies': 5, 'pars': 11, 'bogeys': 1, 'double_bogeys': 1, 'other_scores': 0, 'holes_in_one': 0, 'sequence': 2}, {'score': 2, 'strokes': 73, 'thru': 18, 'eagles': 0, 'birdies': 3, 'pars': 11, 'bogeys': 3, 'double_bogeys': 1, 'other_scores': 0, 'holes_in_one': 0, 'sequence': 3}, {'score': 2, 'strokes': 73, 'thru': 18, 'eagles': 0, 'birdies': 4, 'pars': 8, 'bogeys': 6, 'double_bogeys': 0, 'other_scores': 0, 'holes_in_one': 0, 'sequence': 4}]}",2022-08-11,2022-08-14,2.0,-1.0,-1.0,850000.0,,,
fadf3f90-5e29-4258-aa6e-8cdac0321c34,Albertsons Boise Open,stroke,USD,America/Boise,full,closed,stroke,"[{'id': '1a559ec3-8bfb-4170-a893-c1b43565151c', 'year': 2022, 'tour': {'id': '6ccf9f48-82ca-41d7-a649-99393a2aa0b1', 'alias': 'PGAD', 'name': 'Korn Ferry Tour'}}]","{'position': 56, 'tied': True, 'money': 4150.0, 'points': 0.0, 'score': -11, 'strokes': 273, 'rounds': [{'score': -6, 'strokes': 65, 'thru': 18, 'eagles': 1, 'birdies': 5, 'pars': 11, 'bogeys': 1, 'double_bogeys': 0, 'other_scores': 0, 'holes_in_one': 0, 'sequence': 1}, {'score': -2, 'strokes': 69, 'thru': 18, 'eagles': 1, 'birdies': 2, 'pars': 13, 'bogeys': 2, 'double_bogeys': 0, 'other_scores': 0, 'holes_in_one': 0, 'sequence': 2}, {'score': -3, 'strokes': 68, 'thru': 18, 'eagles': 0, 'birdies': 3, 'pars': 15, 'bogeys': 0, 'double_bogeys': 0, 'other_scores': 0, 'holes_in_one': 0, 'sequence': 3}, {'score': 0, 'strokes': 71, 'thru': 18, 'eagles': 0, 'birdies': 2, 'pars': 14, 'bogeys': 2, 'double_bogeys': 0, 'other_scores': 0, 'holes_in_one': 0, 'sequence': 4}]}",2022-08-18,2022-08-21,2.0,-5.0,,1000000.0,,,
6ed0e9e0-93eb-4543-891e-f4536ac5c839,Nationwide Children's Hospital Championship,stroke,USD,America/New_York,full,closed,stroke,"[{'id': '1a559ec3-8bfb-4170-a893-c1b43565151c', 'year': 2022, 'tour': {'id': '6ccf9f48-82ca-41d7-a649-99393a2aa0b1', 'alias': 'PGAD', 'name': 'Korn Ferry Tour'}}]","{'position': 34, 'tied': True, 'money': 5325.0, 'points': 0.0, 'score': -5, 'strokes': 279, 'rounds': [{'score': -1, 'strokes': 70, 'thru': 18, 'eagles': 0, 'birdies': 3, 'pars': 13, 'bogeys': 2, 'double_bogeys': 0, 'other_scores': 0, 'holes_in_one': 0, 'sequence': 1}, {'score': -2, 'strokes': 69, 'thru': 18, 'eagles': 0, 'birdies': 5, 'pars': 10, 'bogeys': 3, 'double_bogeys': 0, 'other_scores': 0, 'holes_in_one': 0, 'sequence': 2}, {'score': -2, 'strokes': 69, 'thru': 18, 'eagles': 0, 'birdies': 4, 'pars': 12, 'bogeys': 2, 'double_bogeys': 0, 'other_scores': 0, 'holes_in_one': 0, 'sequence': 3}, {'score': 0, 'strokes': 71, 'thru': 18, 'eagles': 0, 'birdies': 3, 'pars': 12, 'bogeys': 3, 'double_bogeys': 0, 'other_scores': 0, 'holes_in_one': 0, 'sequence': 4}]}",2022-08-25,2022-08-28,2.0,-1.0,,1000000.0,,,
f0f9cd21-1864-4616-aec0-8ba637d4df4c,Korn Ferry Tour Championship,stroke,USD,America/Chicago,full,closed,stroke,"[{'id': '1a559ec3-8bfb-4170-a893-c1b43565151c', 'year': 2022, 'tour': {'id': '6ccf9f48-82ca-41d7-a649-99393a2aa0b1', 'alias': 'PGAD', 'name': 'Korn Ferry Tour'}}]","{'position': 3, 'tied': True, 'money': 52500.0, 'points': 0.0, 'score': -18, 'strokes': 270, 'rounds': [{'score': -6, 'strokes': 66, 'thru': 18, 'eagles': 1, 'birdies': 5, 'pars': 11, 'bogeys': 1, 'double_bogeys': 0, 'other_scores': 0, 'holes_in_one': 0, 'sequence': 1}, {'score': -4, 'strokes': 68, 'thru': 18, 'eagles': 1, 'birdies': 4, 'pars': 11, 'bogeys': 2, 'double_bogeys': 0, 'other_scores': 0, 'holes_in_one': 0, 'sequence': 2}, {'score': -4, 'strokes': 68, 'thru': 18, 'eagles': 0, 'birdies': 8, 'pars': 7, 'bogeys': 2, 'double_bogeys': 1, 'other_scores': 0, 'holes_in_one': 0, 'sequence': 3}, {'score': -4, 'strokes': 68, 'thru': 18, 'eagles': 0, 'birdies': 4, 'pars': 14, 'bogeys': 0, 'double_bogeys': 0, 'other_scores': 0, 'holes_in_one': 0, 'sequence': 4}]}",2022-09-01,2022-09-04,2.0,-2.0,,1000000.0,,,
40ef66e7-2c3e-4102-9132-2c6d828acdb6,Fortinet Championship,stroke,USD,America/Los_Angeles,full,closed,stroke,"[{'id': 'ece9907c-6fe3-4944-8cb9-bb1033270259', 'year': 2023, 'tour': {'id': 'b52068af-28e4-4e91-bdbb-037591b0ff84', 'alias': 'pga', 'name': 'PGA Tour'}}]","{'position': 131, 'tied': True, 'score': 4, 'strokes': 148, 'status': 'CUT', 'rounds': [{'score': 1, 'strokes': 73, 'thru': 18, 'eagles': 0, 'birdies': 3, 'pars': 12, 'bogeys': 2, 'double_bogeys': 1, 'other_scores': 0, 'holes_in_one': 0, 'sequence': 1}, {'score': 3, 'strokes': 75, 'thru': 18, 'eagles': 0, 'birdies': 3, 'pars': 11, 'bogeys': 2, 'double_bogeys': 2, 'other_scores': 0, 'holes_in_one': 0, 'sequence': 2}]}",2022-09-15,2022-09-18,2.0,-2.0,-2.0,8000000.0,500.0,Golf Channel,
80f07484-b938-4054-bb8f-1dee801f371d,Sanderson Farms Championship,stroke,USD,America/Chicago,full,closed,stroke,"[{'id': 'ece9907c-6fe3-4944-8cb9-bb1033270259', 'year': 2023, 'tour': {'id': 'b52068af-28e4-4e91-bdbb-037591b0ff84', 'alias': 'pga', 'name': 'PGA Tour'}}]","{'position': 98, 'tied': True, 'score': 2, 'strokes': 146, 'status': 'CUT', 'rounds': [{'score': 6, 'strokes': 78, 'thru': 18, 'eagles': 0, 'birdies': 1, 'pars': 11, 'bogeys': 5, 'double_bogeys': 1, 'other_scores': 0, 'holes_in_one': 0, 'sequence': 1}, {'score': -4, 'strokes': 68, 'thru': 18, 'eagles': 0, 'birdies': 5, 'pars': 12, 'bogeys': 1, 'double_bogeys': 0, 'other_scores': 0, 'holes_in_one': 0, 'sequence': 2}]}",2022-09-29,2022-10-02,2.0,-2.0,-2.0,7900000.0,500.0,Golf Channel,
930073f3-a6ca-4501-97ee-54140730dba0,Shriners Children's Open,stroke,USD,America/Los_Angeles,full,closed,stroke,"[{'id': 'ece9907c-6fe3-4944-8cb9-bb1033270259', 'year': 2023, 'tour': {'id': 'b52068af-28e4-4e91-bdbb-037591b0ff84', 'alias': 'pga', 'name': 'PGA Tour'}}]","{'position': 78, 'tied': True, 'score': -3, 'strokes': 139, 'status': 'CUT', 'rounds': [{'score': -4, 'strokes': 67, 'thru': 18, 'eagles': 0, 'birdies': 6, 'pars': 10, 'bogeys': 2, 'double_bogeys': 0, 'other_scores': 0, 'holes_in_one': 0, 'sequence': 1}, {'score': 1, 'strokes': 72, 'thru': 18, 'eagles': 0, 'birdies': 6, 'pars': 5, 'bogeys': 7, 'double_bogeys': 0, 'other_scores': 0, 'holes_in_one': 0, 'sequence': 2}]}",2022-10-06,2022-10-09,2.0,-4.0,-4.0,8000000.0,500.0,Golf Channel,
97c8e78f-d903-4fea-ac5e-7513e91faf37,Butterfield Bermuda Championship,stroke,USD,America/Nassau,full,closed,stroke,"[{'id': 'ece9907c-6fe3-4944-8cb9-bb1033270259', 'year': 2023, 'tour': {'id': 'b52068af-28e4-4e91-bdbb-037591b0ff84', 'alias': 'pga', 'name': 'PGA Tour'}}]","{'position': 68, 'tied': True, 'score': -5, 'strokes': 137, 'status': 'CUT', 'rounds': [{'score': -5, 'strokes': 66, 'thru': 18, 'eagles': 1, 'birdies': 5, 'pars': 11, 'bogeys': 0, 'double_bogeys': 1, 'other_scores': 0, 'holes_in_one': 0, 'sequence': 1}, {'score': 0, 'strokes': 71, 'thru': 18, 'eagles': 0, 'birdies': 4, 'pars': 10, 'bogeys': 4, 'double_bogeys': 0, 'other_scores': 0, 'holes_in_one': 0, 'sequence': 2}]}",2022-10-27,2022-10-30,2.0,-6.0,-6.0,6500000.0,500.0,Golf Channel,
bfed5fed-40d9-4d0c-a6be-a689ba25a7ec,World Wide Technology Championship at Mayakoba,stroke,USD,America/Cancun,full,closed,stroke,"[{'id': 'ece9907c-6fe3-4944-8cb9-bb1033270259', 'year': 2023, 'tour': {'id': 'b52068af-28e4-4e91-bdbb-037591b0ff84', 'alias': 'pga', 'name': 'PGA Tour'}}]","{'position': 27, 'tied': True, 'money': 58630.0, 'points': 30.0, 'score': -13, 'strokes': 271, 'rounds': [{'score': -1, 'strokes': 70, 'thru': 18, 'eagles': 0, 'birdies': 5, 'pars': 10, 'bogeys': 2, 'double_bogeys': 1, 'other_scores': 0, 'holes_in_one': 0, 'sequence': 1}, {'score': -3, 'strokes': 68, 'thru': 18, 'eagles': 0, 'birdies': 5, 'pars': 11, 'bogeys': 2, 'double_bogeys': 0, 'other_scores': 0, 'holes_in_one': 0, 'sequence': 2}, {'score': -5, 'strokes': 66, 'thru': 18, 'eagles': 0, 'birdies': 7, 'pars': 9, 'bogeys': 2, 'double_bogeys': 0, 'other_scores': 0, 'holes_in_one': 0, 'sequence': 3}, {'score': -4, 'strokes': 67, 'thru': 18, 'eagles': 0, 'birdies': 6, 'pars': 10, 'bogeys': 2, 'double_bogeys': 0, 'other_scores': 0, 'holes_in_one': 0, 'sequence': 4}]}",2022-11-03,2022-11-06,2.0,-4.0,-4.0,8200000.0,500.0,Golf Channel,
d2c4a455-0ed4-4543-878a-440de91c4a20,Cadence Bank Houston Open,stroke,USD,America/Chicago,full,closed,stroke,"[{'id': 'ece9907c-6fe3-4944-8cb9-bb1033270259', 'year': 2023, 'tour': {'id': 'b52068af-28e4-4e91-bdbb-037591b0ff84', 'alias': 'pga', 'name': 'PGA Tour'}}]","{'position': 35, 'tied': True, 'money': 42735.0, 'points': 20.0, 'score': -1, 'strokes': 279, 'rounds': [{'score': 1, 'strokes': 71, 'thru': 18, 'eagles': 0, 'birdies': 3, 'pars': 12, 'bogeys': 2, 'double_bogeys': 1, 'other_scores': 0, 'holes_in_one': 0, 'sequence': 1}, {'score': -2, 'strokes': 68, 'thru': 18, 'eagles': 1, 'birdies': 4, 'pars': 9, 'bogeys': 4, 'double_bogeys': 0, 'other_scores': 0, 'holes_in_one': 0, 'sequence': 2}, {'score': -1, 'strokes': 69, 'thru': 18, 'eagles': 0, 'birdies': 1, 'pars': 17, 'bogeys': 0, 'double_bogeys': 0, 'other_scores': 0, 'holes_in_one': 0, 'sequence': 3}, {'score': 1, 'strokes': 71, 'thru': 18, 'eagles': 0, 'birdies': 3, 'pars': 11, 'bogeys': 4, 'double_bogeys': 0, 'other_scores': 0, 'holes_in_one': 0, 'sequence': 4}]}",2022-11-10,2022-11-13,2.0,0.0,0.0,8400000.0,500.0,Golf Channel,
0a23f93c-dc78-4059-a453-a2bb9b6faa46,The RSM Classic,stroke,USD,America/New_York,full,closed,stroke,"[{'id': 'ece9907c-6fe3-4944-8cb9-bb1033270259', 'year': 2023, 'tour': {'id': 'b52068af-28e4-4e91-bdbb-037591b0ff84', 'alias': 'pga', 'name': 'PGA Tour'}}]","{'position': 39, 'tied': True, 'money': 32805.0, 'points': 15.0, 'score': -9, 'strokes': 273, 'rounds': [{'score': -3, 'strokes': 69, 'thru': 18, 'eagles': 0, 'birdies': 5, 'pars': 12, 'bogeys': 0, 'double_bogeys': 1, 'other_scores': 0, 'holes_in_one': 0, 'sequence': 1}, {'score': -2, 'strokes': 68, 'thru': 18, 'eagles': 0, 'birdies': 2, 'pars': 16, 'bogeys': 0, 'double_bogeys': 0, 'other_scores': 0, 'holes_in_one': 0, 'sequence': 2}, {'score': 0, 'strokes': 70, 'thru': 18, 'eagles': 0, 'birdies': 4, 'pars': 11, 'bogeys': 2, 'double_bogeys': 1, 'other_scores': 0, 'holes_in_one': 0, 'sequence': 3}, {'score': -4, 'strokes': 66, 'thru': 18, 'eagles': 0, 'birdies': 6, 'pars': 10, 'bogeys': 2, 'double_bogeys': 0, 'other_scores': 0, 'holes_in_one': 0, 'sequence': 4}]}",2022-11-17,2022-11-20,2.0,-4.0,-4.0,8100000.0,500.0,Golf Channel,
890b3b99-9b4a-451a-90cf-9db4908e142b,Sony Open in Hawaii,stroke,USD,Pacific/Honolulu,full,closed,stroke,"[{'id': 'ece9907c-6fe3-4944-8cb9-bb1033270259', 'year': 2023, 'tour': {'id': 'b52068af-28e4-4e91-bdbb-037591b0ff84', 'alias': 'pga', 'name': 'PGA Tour'}}]","{'position': 61, 'tied': True, 'money': 17380.0, 'points': 5.0, 'score': -5, 'strokes': 275, 'rounds': [{'score': -1, 'strokes': 69, 'thru': 18, 'eagles': 0, 'birdies': 4, 'pars': 11, 'bogeys': 3, 'double_bogeys': 0, 'other_scores': 0, 'holes_in_one': 0, 'sequence': 1}, {'score': -3, 'strokes': 67, 'thru': 18, 'eagles': 0, 'birdies': 4, 'pars': 13, 'bogeys': 1, 'double_bogeys': 0, 'other_scores': 0, 'holes_in_one': 0, 'sequence': 2}, {'score': -1, 'strokes': 69, 'thru': 18, 'eagles': 0, 'birdies': 2, 'pars': 15, 'bogeys': 1, 'double_bogeys': 0, 'other_scores': 0, 'holes_in_one': 0, 'sequence': 3}, {'score': 0, 'strokes': 70, 'thru': 18, 'eagles': 0, 'birdies': 3, 'pars': 12, 'bogeys': 3, 'double_bogeys': 0, 'other_scores': 0, 'holes_in_one': 0, 'sequence': 4}]}",2023-01-12,2023-01-15,2.0,-2.0,-2.0,7900000.0,500.0,Golf Channel,1422000.0
bc61b9e3-e054-496b-bcb7-4756a0490c51,The American Express,stroke,USD,America/Los_Angeles,full,closed,stroke,"[{'id': 'ece9907c-6fe3-4944-8cb9-bb1033270259', 'year': 2023, 'tour': {'id': 'b52068af-28e4-4e91-bdbb-037591b0ff84', 'alias': 'pga', 'name': 'PGA Tour'}}]","{'position': 36, 'tied': True, 'money': 38080.0, 'points': 18.0, 'score': -16, 'strokes': 272, 'rounds': [{'score': -7, 'strokes': 65, 'thru': 18, 'eagles': 0, 'birdies': 7, 'pars': 11, 'bogeys': 0, 'double_bogeys': 0, 'other_scores': 0, 'holes_in_one': 0, 'sequence': 1}, {'score': -2, 'strokes': 70, 'thru': 18, 'eagles': 0, 'birdies': 6, 'pars': 9, 'bogeys': 2, 'double_bogeys': 1, 'other_scores': 0, 'holes_in_one': 0, 'sequence': 2}, {'score': -3, 'strokes': 69, 'thru': 18, 'eagles': 0, 'birdies': 3, 'pars': 15, 'bogeys': 0, 'double_bogeys': 0, 'other_scores': 0, 'holes_in_one': 0, 'sequence': 3}, {'score': -4, 'strokes': 68, 'thru': 18, 'eagles': 1, 'birdies': 3, 'pars': 13, 'bogeys': 1, 'double_bogeys': 0, 'other_scores': 0, 'holes_in_one': 0, 'sequence': 4}]}",2023-01-19,2023-01-22,3.0,-10.0,,8000000.0,500.0,Golf Channel,1440000.0
dad58e15-9fab-49a5-a1e3-ea520f764698,Farmers Insurance Open,stroke,USD,America/Los_Angeles,full,closed,stroke,"[{'id': 'ece9907c-6fe3-4944-8cb9-bb1033270259', 'year': 2023, 'tour': {'id': 'b52068af-28e4-4e91-bdbb-037591b0ff84', 'alias': 'pga', 'name': 'PGA Tour'}}]","{'position': 87, 'tied': True, 'score': 2, 'strokes': 146, 'status': 'CUT', 'rounds': [{'score': 0, 'strokes': 72, 'thru': 18, 'eagles': 0, 'birdies': 3, 'pars': 12, 'bogeys': 3, 'double_bogeys': 0, 'other_scores': 0, 'holes_in_one': 0, 'sequence': 1}, {'score': 2, 'strokes': 74, 'thru': 18, 'eagles': 0, 'birdies': 4, 'pars': 9, 'bogeys': 4, 'double_bogeys': 1, 'other_scores': 0, 'holes_in_one': 0, 'sequence': 2}]}",2023-01-25,2023-01-28,,0.0,0.0,8700000.0,500.0,"Golf Channel, CBS",1566000.0
1fe9a678-6558-495c-a7b4-0734274964a3,AT&T Pebble Beach Pro-Am,stroke,USD,America/Los_Angeles,full,closed,stroke,"[{'id': 'ece9907c-6fe3-4944-8cb9-bb1033270259', 'year': 2023, 'tour': {'id': 'b52068af-28e4-4e91-bdbb-037591b0ff84', 'alias': 'pga', 'name': 'PGA Tour'}}]","{'position': 15, 'tied': True, 'money': 146250.0, 'points': 51.0, 'score': -9, 'strokes': 278, 'rounds': [{'score': -6, 'strokes': 65, 'thru': 18, 'eagles': 0, 'birdies': 7, 'pars': 10, 'bogeys': 1, 'double_bogeys': 0, 'other_scores': 0, 'holes_in_one': 0, 'sequence': 1}, {'score': -1, 'strokes': 71, 'thru': 18, 'eagles': 0, 'birdies': 2, 'pars': 15, 'bogeys': 1, 'double_bogeys': 0, 'other_scores': 0, 'holes_in_one': 0, 'sequence': 2}, {'score': 1, 'strokes': 73, 'thru': 18, 'eagles': 0, 'birdies': 0, 'pars': 17, 'bogeys': 1, 'double_bogeys': 0, 'other_scores': 0, 'holes_in_one': 0, 'sequence': 3}, {'score': -3, 'strokes': 69, 'thru': 18, 'eagles': 0, 'birdies': 4, 'pars': 13, 'bogeys': 1, 'double_bogeys': 0, 'other_scores': 0, 'holes_in_one': 0, 'sequence': 4}]}",2023-02-02,2023-02-06,,-1.0,-1.0,9000000.0,500.0,"Golf Channel, CBS",1620000.0
30a39a35-d177-40e9-b9bc-a9f902c684e3,The Honda Classic,stroke,USD,America/New_York,full,closed,stroke,"[{'id': 'ece9907c-6fe3-4944-8cb9-bb1033270259', 'year': 2023, 'tour': {'id': 'b52068af-28e4-4e91-bdbb-037591b0ff84', 'alias': 'pga', 'name': 'PGA Tour'}}]","{'position': 2, 'tied': False, 'money': 915600.0, 'points': 300.0, 'score': -14, 'strokes': 266, 'rounds': [{'score': -3, 'strokes': 67, 'thru': 18, 'eagles': 1, 'birdies': 3, 'pars': 12, 'bogeys': 2, 'double_bogeys': 0, 'other_scores': 0, 'holes_in_one': 0, 'sequence': 1}, {'score': -4, 'strokes': 66, 'thru': 18, 'eagles': 0, 'birdies': 5, 'pars': 12, 'bogeys': 1, 'double_bogeys': 0, 'other_scores': 0, 'holes_in_one': 0, 'sequence': 2}, {'score': -4, 'strokes': 66, 'thru': 18, 'eagles': 0, 'birdies': 5, 'pars': 12, 'bogeys': 1, 'double_bogeys': 0, 'other_scores': 0, 'holes_in_one': 0, 'sequence': 3}, {'score': -3, 'strokes': 67, 'thru': 18, 'eagles': 0, 'birdies': 5, 'pars': 11, 'bogeys': 2, 'double_bogeys': 0, 'other_scores': 0, 'holes_in_one': 0, 'sequence': 4}]}",2023-02-23,2023-02-26,,1.0,1.0,8400000.0,500.0,"Golf Channel, NBC",1512000.0
701e3304-03f1-4b18-94fc-a63fca77cb9d,Arnold Palmer Invitational presented by Mastercard,stroke,USD,America/New_York,full,closed,stroke,"[{'id': 'ece9907c-6fe3-4944-8cb9-bb1033270259', 'year': 2023, 'tour': {'id': 'b52068af-28e4-4e91-bdbb-037591b0ff84', 'alias': 'pga', 'name': 'PGA Tour'}}]","{'position': 105, 'tied': True, 'score': 8, 'strokes': 152, 'status': 'CUT', 'rounds': [{'score': 0, 'strokes': 72, 'thru': 18, 'eagles': 0, 'birdies': 3, 'pars': 12, 'bogeys': 3, 'double_bogeys': 0, 'other_scores': 0, 'holes_in_one': 0, 'sequence': 1}, {'score': 8, 'strokes': 80, 'thru': 18, 'eagles': 0, 'birdies': 0, 'pars': 10, 'bogeys': 8, 'double_bogeys': 0, 'other_scores': 0, 'holes_in_one': 0, 'sequence': 2}]}",2023-03-02,2023-03-05,2.0,2.0,2.0,20000000.0,550.0,"Golf Channel, NBC",3600000.0
c3588c5e-505e-4248-a70a-9f941d5681b5,THE PLAYERS Championship,stroke,USD,America/New_York,full,closed,stroke,"[{'id': 'ece9907c-6fe3-4944-8cb9-bb1033270259', 'year': 2023, 'tour': {'id': 'b52068af-28e4-4e91-bdbb-037591b0ff84', 'alias': 'pga', 'name': 'PGA Tour'}}]","{'position': 27, 'tied': True, 'money': 167656.0, 'points': 31.0, 'score': -5, 'strokes': 283, 'rounds': [{'score': 1, 'strokes': 73, 'thru': 18, 'eagles': 0, 'birdies': 5, 'pars': 8, 'bogeys': 4, 'double_bogeys': 1, 'other_scores': 0, 'holes_in_one': 0, 'sequence': 1}, {'score': 1, 'strokes': 73, 'thru': 18, 'eagles': 1, 'birdies': 2, 'pars': 11, 'bogeys': 3, 'double_bogeys': 1, 'other_scores': 0, 'holes_in_one': 0, 'sequence': 2}, {'score': -3, 'strokes': 69, 'thru': 18, 'eagles': 0, 'birdies': 5, 'pars': 11, 'bogeys': 2, 'double_bogeys': 0, 'other_scores': 0, 'holes_in_one': 0, 'sequence': 3}, {'score': -4, 'strokes': 68, 'thru': 18, 'eagles': 0, 'birdies': 6, 'pars': 10, 'bogeys': 2, 'double_bogeys': 0, 'other_scores': 0, 'holes_in_one': 0, 'sequence': 4}]}",2023-03-09,2023-03-12,,2.0,2.0,25000000.0,600.0,"Golf Channel, NBC",4500000.0
4fb997a4-9ccb-41df-8309-cdd1f2a7d271,Valspar Championship,stroke,USD,America/New_York,full,closed,stroke,"[{'id': 'ece9907c-6fe3-4944-8cb9-bb1033270259', 'year': 2023, 'tour': {'id': 'b52068af-28e4-4e91-bdbb-037591b0ff84', 'alias': 'pga', 'name': 'PGA Tour'}}]","{'position': 73, 'tied': True, 'score': 2, 'strokes': 144, 'status': 'CUT', 'rounds': [{'score': 3, 'strokes': 74, 'thru': 18, 'eagles': 0, 'birdies': 2, 'pars': 12, 'bogeys': 3, 'double_bogeys': 1, 'other_scores': 0, 'holes_in_one': 0, 'sequence': 1}, {'score': -1, 'strokes': 70, 'thru': 18, 'eagles': 0, 'birdies': 3, 'pars': 13, 'bogeys': 2, 'double_bogeys': 0, 'other_scores': 0, 'holes_in_one': 0, 'sequence': 2}]}",2023-03-16,2023-03-19,2.0,1.0,1.0,8100000.0,500.0,"Golf Channel, NBC",1458000.0
1d34d2bd-dda8-4734-a622-4c92efb18420,Valero Texas Open,stroke,USD,America/Chicago,full,closed,stroke,"[{'id': 'ece9907c-6fe3-4944-8cb9-bb1033270259', 'year': 2023, 'tour': {'id': 'b52068af-28e4-4e91-bdbb-037591b0ff84', 'alias': 'pga', 'name': 'PGA Tour'}}]","{'position': 39, 'tied': True, 'money': 36045.0, 'points': 15.0, 'score': -3, 'strokes': 285, 'rounds': [{'score': -1, 'strokes': 71, 'thru': 18, 'eagles': 0, 'birdies': 4, 'pars': 11, 'bogeys': 3, 'double_bogeys': 0, 'other_scores': 0, 'holes_in_one': 0, 'sequence': 1}, {'score': -5, 'strokes': 67, 'thru': 18, 'eagles': 0, 'birdies': 5, 'pars': 13, 'bogeys': 0, 'double_bogeys': 0, 'other_scores': 0, 'holes_in_one': 0, 'sequence': 2}, {'score': 3, 'strokes': 75, 'thru': 18, 'eagles': 0, 'birdies': 2, 'pars': 13, 'bogeys': 1, 'double_bogeys': 2, 'other_scores': 0, 'holes_in_one': 0, 'sequence': 3}, {'score': 0, 'strokes': 72, 'thru': 18, 'eagles': 0, 'birdies': 5, 'pars': 9, 'bogeys': 3, 'double_bogeys': 1, 'other_scores': 0, 'holes_in_one': 0, 'sequence': 4}]}",2023-03-30,2023-04-02,2.0,0.0,0.0,8900000.0,500.0,"Golf Channel, NBC",1602000.0
f7e6a93f-83c8-4cde-a062-977ef7baa109,Veritex Bank Championship,stroke,USD,America/Chicago,full,closed,stroke,"[{'id': '4de32a7b-0518-4506-afea-818c39a66840', 'year': 2023, 'tour': {'id': '6ccf9f48-82ca-41d7-a649-99393a2aa0b1', 'alias': 'PGAD', 'name': 'Korn Ferry Tour'}}]","{'position': 76, 'tied': True, 'score': -2, 'strokes': 140, 'status': 'CUT', 'rounds': [{'score': -1, 'strokes': 70, 'thru': 18, 'eagles': 0, 'birdies': 4, 'pars': 12, 'bogeys': 1, 'double_bogeys': 1, 'other_scores': 0, 'holes_in_one': 0, 'sequence': 1}, {'score': -1, 'strokes': 70, 'thru': 18, 'eagles': 0, 'birdies': 4, 'pars': 11, 'bogeys': 3, 'double_bogeys': 0, 'other_scores': 0, 'holes_in_one': 0, 'sequence': 2}]}",2023-04-13,2023-04-16,2.0,-3.0,,1000000.0,,,
345ed680-a65e-44af-ac40-73cadb889171,Mexico Open at Vidanta,stroke,USD,America/Chicago,full,closed,stroke,"[{'id': 'ece9907c-6fe3-4944-8cb9-bb1033270259', 'year': 2023, 'tour': {'id': 'b52068af-28e4-4e91-bdbb-037591b0ff84', 'alias': 'pga', 'name': 'PGA Tour'}}]","{'position': 5, 'tied': True, 'money': 284900.0, 'points': 100.0, 'score': -16, 'strokes': 268, 'rounds': [{'score': -6, 'strokes': 65, 'thru': 18, 'eagles': 0, 'birdies': 7, 'pars': 10, 'bogeys': 1, 'double_bogeys': 0, 'other_scores': 0, 'holes_in_one': 0, 'sequence': 1}, {'score': -3, 'strokes': 68, 'thru': 18, 'eagles': 0, 'birdies': 4, 'pars': 13, 'bogeys': 1, 'double_bogeys': 0, 'other_scores': 0, 'holes_in_one': 0, 'sequence': 2}, {'score': -2, 'strokes': 69, 'thru': 18, 'eagles': 0, 'birdies': 6, 'pars': 8, 'bogeys': 4, 'double_bogeys': 0, 'other_scores': 0, 'holes_in_one': 0, 'sequence': 3}, {'score': -5, 'strokes': 66, 'thru': 18, 'eagles': 0, 'birdies': 5, 'pars': 13, 'bogeys': 0, 'double_bogeys': 0, 'other_scores': 0, 'holes_in_one': 0, 'sequence': 4}]}",2023-04-27,2023-04-30,2.0,-2.0,-2.0,7700000.0,500.0,"Golf Channel, CBS",1386000.0
b9a5a65b-f098-48e7-b9a3-a3fbd1d47b72,Wells Fargo Championship,stroke,USD,America/New_York,full,closed,stroke,"[{'id': 'ece9907c-6fe3-4944-8cb9-bb1033270259', 'year': 2023, 'tour': {'id': 'b52068af-28e4-4e91-bdbb-037591b0ff84', 'alias': 'pga', 'name': 'PGA Tour'}}]","{'position': 81, 'tied': True, 'score': 1, 'strokes': 143, 'status': 'CUT', 'rounds': [{'score': 0, 'strokes': 71, 'thru': 18, 'eagles': 0, 'birdies': 3, 'pars': 12, 'bogeys': 3, 'double_bogeys': 0, 'other_scores': 0, 'holes_in_one': 0, 'sequence': 1}, {'score': 1, 'strokes': 72, 'thru': 18, 'eagles': 0, 'birdies': 2, 'pars': 14, 'bogeys': 1, 'double_bogeys': 1, 'other_scores': 0, 'holes_in_one': 0, 'sequence': 2}]}",2023-05-04,2023-05-07,2.0,-1.0,-1.0,20000000.0,500.0,"Golf Channel, CBS",3600000.0
5d65bd76-7547-4693-99cd-33e2dc3c30f2,AT&T Byron Nelson,stroke,USD,America/Chicago,full,closed,stroke,"[{'id': 'ece9907c-6fe3-4944-8cb9-bb1033270259', 'year': 2023, 'tour': {'id': 'b52068af-28e4-4e91-bdbb-037591b0ff84', 'alias': 'pga', 'name': 'PGA Tour'}}]","{'position': 23, 'tied': True, 'money': 80546.0, 'points': 34.0, 'score': -15, 'strokes': 269, 'rounds': [{'score': -5, 'strokes': 66, 'thru': 18, 'eagles': 0, 'birdies': 7, 'pars': 9, 'bogeys': 2, 'double_bogeys': 0, 'other_scores': 0, 'holes_in_one': 0, 'sequence': 1}, {'score': -3, 'strokes': 68, 'thru': 18, 'eagles': 0, 'birdies': 4, 'pars': 13, 'bogeys': 1, 'double_bogeys': 0, 'other_scores': 0, 'holes_in_one': 0, 'sequence': 2}, {'score': -1, 'strokes': 70, 'thru': 18, 'eagles': 0, 'birdies': 4, 'pars': 11, 'bogeys': 3, 'double_bogeys': 0, 'other_scores': 0, 'holes_in_one': 0, 'sequence': 3}, {'score': -6, 'strokes': 65, 'thru': 18, 'eagles': 1, 'birdies': 5, 'pars': 11, 'bogeys': 1, 'double_bogeys': 0, 'other_scores': 0, 'holes_in_one': 0, 'sequence': 4}]}",2023-05-11,2023-05-14,2.0,-4.0,-4.0,9500000.0,500.0,"Golf Channel, CBS",1710000.0
0262529f-2ea5-4f77-b1ed-42c4d81e09ea,PGA Championship,stroke,USD,America/New_York,full,closed,stroke,"[{'id': 'ece9907c-6fe3-4944-8cb9-bb1033270259', 'year': 2023, 'tour': {'id': 'b52068af-28e4-4e91-bdbb-037591b0ff84', 'alias': 'pga', 'name': 'PGA Tour'}}, {'id': 'af999c48-6103-40fc-a84b-062841252cc7', 'year': 2023, 'tour': {'id': 'e97bb87a-6347-40d0-8c8c-3d0f54a41043', 'alias': 'EURO', 'name': 'DP World Tour'}}]","{'position': 15, 'tied': True, 'money': 288333.0, 'points': 59.0, 'score': 1, 'strokes': 281, 'rounds': [{'score': -3, 'strokes': 67, 'thru': 18, 'eagles': 0, 'birdies': 6, 'pars': 10, 'bogeys': 1, 'double_bogeys': 1, 'other_scores': 0, 'holes_in_one': 0, 'sequence': 1}, {'score': 4, 'strokes': 74, 'thru': 18, 'eagles': 0, 'birdies': 0, 'pars': 15, 'bogeys': 2, 'double_bogeys': 1, 'other_scores': 0, 'holes_in_one': 0, 'sequence': 2}, {'score': 0, 'strokes': 70, 'thru': 18, 'eagles': 0, 'birdies': 2, 'pars': 14, 'bogeys': 2, 'double_bogeys': 0, 'other_scores': 0, 'holes_in_one': 0, 'sequence': 3}, {'score': 0, 'strokes': 70, 'thru': 18, 'eagles': 0, 'birdies': 2, 'pars': 14, 'bogeys': 2, 'double_bogeys': 0, 'other_scores': 0, 'holes_in_one': 0, 'sequence': 4}]}",2023-05-18,2023-05-21,2.0,5.0,5.0,17500000.0,600.0,"ESPN, CBS",2700000.0
a674a0a9-1288-40b0-9bf7-c1ade28006da,Charles Schwab Challenge,stroke,USD,America/Chicago,full,closed,stroke,"[{'id': 'ece9907c-6fe3-4944-8cb9-bb1033270259', 'year': 2023, 'tour': {'id': 'b52068af-28e4-4e91-bdbb-037591b0ff84', 'alias': 'pga', 'name': 'PGA Tour'}}]","{'position': 83, 'tied': True, 'score': 3, 'strokes': 143, 'status': 'CUT', 'rounds': [{'score': -1, 'strokes': 69, 'thru': 18, 'eagles': 0, 'birdies': 3, 'pars': 13, 'bogeys': 2, 'double_bogeys': 0, 'other_scores': 0, 'holes_in_one': 0, 'sequence': 1}, {'score': 4, 'strokes': 74, 'thru': 18, 'eagles': 0, 'birdies': 2, 'pars': 10, 'bogeys': 6, 'double_bogeys': 0, 'other_scores': 0, 'holes_in_one': 0, 'sequence': 2}]}",2023-05-25,2023-05-28,2.0,1.0,1.0,8700000.0,500.0,"Golf Channel, CBS",1566000.0
b5623c1f-0c5e-4ec8-baf6-7e8a1a35fea0,the Memorial Tournament presented by Workday,stroke,USD,America/New_York,full,closed,stroke,"[{'id': 'ece9907c-6fe3-4944-8cb9-bb1033270259', 'year': 2023, 'tour': {'id': 'b52068af-28e4-4e91-bdbb-037591b0ff84', 'alias': 'pga', 'name': 'PGA Tour'}}]","{'position': 24, 'tied': True, 'money': 163000.0, 'points': 37.68, 'score': 1, 'strokes': 289, 'rounds': [{'score': 3, 'strokes': 75, 'thru': 18, 'eagles': 1, 'birdies': 3, 'pars': 8, 'bogeys': 4, 'double_bogeys': 2, 'other_scores': 0, 'holes_in_one': 0, 'sequence': 1}, {'score': -2, 'strokes': 70, 'thru': 18, 'eagles': 0, 'birdies': 5, 'pars': 10, 'bogeys': 3, 'double_bogeys': 0, 'other_scores': 0, 'holes_in_one': 0, 'sequence': 2}, {'score': -2, 'strokes': 70, 'thru': 18, 'eagles': 0, 'birdies': 6, 'pars': 8, 'bogeys': 4, 'double_bogeys': 0, 'other_scores': 0, 'holes_in_one': 0, 'sequence': 3}, {'score': 2, 'strokes': 74, 'thru': 18, 'eagles': 0, 'birdies': 4, 'pars': 9, 'bogeys': 4, 'double_bogeys': 1, 'other_scores': 0, 'holes_in_one': 0, 'sequence': 4}]}",2023-06-01,2023-06-04,2.0,3.0,3.0,20000000.0,550.0,"Golf Channel, CBS",3600000.0
2cb99584-0bb2-487f-a050-b05fa9502107,RBC Canadian Open,stroke,USD,America/Toronto,full,closed,stroke,"[{'id': 'ece9907c-6fe3-4944-8cb9-bb1033270259', 'year': 2023, 'tour': {'id': 'b52068af-28e4-4e91-bdbb-037591b0ff84', 'alias': 'pga', 'name': 'PGA Tour'}}]","{'position': 6, 'tied': True, 'money': 315000.0, 'points': 95.0, 'score': -14, 'strokes': 274, 'rounds': [{'score': -3, 'strokes': 69, 'thru': 18, 'eagles': 0, 'birdies': 6, 'pars': 10, 'bogeys': 1, 'double_bogeys': 1, 'other_scores': 0, 'holes_in_one': 0, 'sequence': 1}, {'score': 1, 'strokes': 73, 'thru': 18, 'eagles': 0, 'birdies': 3, 'pars': 12, 'bogeys': 2, 'double_bogeys': 1, 'other_scores': 0, 'holes_in_one': 0, 'sequence': 2}, {'score': -3, 'strokes': 69, 'thru': 18, 'eagles': 0, 'birdies': 6, 'pars': 9, 'bogeys': 3, 'double_bogeys': 0, 'other_scores': 0, 'holes_in_one': 0, 'sequence': 3}, {'score': -9, 'strokes': 63, 'thru': 18, 'eagles': 0, 'birdies': 9, 'pars': 9, 'bogeys': 0, 'double_bogeys': 0, 'other_scores': 0, 'holes_in_one': 0, 'sequence': 4}]}",2023-06-08,2023-06-11,2.0,-1.0,-1.0,9000000.0,500.0,"Golf Channel, CBS",1620000.0
2e80d5ad-468e-4833-aeda-85fb86c1098a,U.S. Open,stroke,USD,America/Los_Angeles,full,closed,stroke,"[{'id': 'ece9907c-6fe3-4944-8cb9-bb1033270259', 'year': 2023, 'tour': {'id': 'b52068af-28e4-4e91-bdbb-037591b0ff84', 'alias': 'pga', 'name': 'PGA Tour'}}, {'id': 'af999c48-6103-40fc-a84b-062841252cc7', 'year': 2023, 'tour': {'id': 'e97bb87a-6347-40d0-8c8c-3d0f54a41043', 'alias': 'EURO', 'name': 'DP World Tour'}}]","{'position': 39, 'tied': True, 'money': 85441.0, 'points': 18.0, 'score': 4, 'strokes': 284, 'rounds': [{'score': -1, 'strokes': 69, 'thru': 18, 'eagles': 0, 'birdies': 5, 'pars': 10, 'bogeys': 2, 'double_bogeys': 1, 'other_scores': 0, 'holes_in_one': 0, 'sequence': 1}, {'score': 0, 'strokes': 70, 'thru': 18, 'eagles': 0, 'birdies': 3, 'pars': 12, 'bogeys': 3, 'double_bogeys': 0, 'other_scores': 0, 'holes_in_one': 0, 'sequence': 2}, {'score': 1, 'strokes': 71, 'thru': 18, 'eagles': 0, 'birdies': 4, 'pars': 11, 'bogeys': 1, 'double_bogeys': 2, 'other_scores': 0, 'holes_in_one': 0, 'sequence': 3}, {'score': 4, 'strokes': 74, 'thru': 18, 'eagles': 0, 'birdies': 3, 'pars': 10, 'bogeys': 4, 'double_bogeys': 0, 'other_scores': 1, 'holes_in_one': 0, 'sequence': 4}]}",2023-06-15,2023-06-18,2.0,2.0,2.0,20000000.0,600.0,"NBC, USA",2700000.0
e9f28105-17b5-41d2-9067-0ce874138e3c,Travelers Championship,stroke,USD,America/New_York,full,closed,stroke,"[{'id': 'ece9907c-6fe3-4944-8cb9-bb1033270259', 'year': 2023, 'tour': {'id': 'b52068af-28e4-4e91-bdbb-037591b0ff84', 'alias': 'pga', 'name': 'PGA Tour'}}]","{'position': 24, 'tied': True, 'money': 167000.0, 'points': 34.0, 'score': -13, 'strokes': 267, 'rounds': [{'score': -6, 'strokes': 64, 'thru': 18, 'eagles': 0, 'birdies': 6, 'pars': 12, 'bogeys': 0, 'double_bogeys': 0, 'other_scores': 0, 'holes_in_one': 0, 'sequence': 1}, {'score': -5, 'strokes': 65, 'thru': 18, 'eagles': 0, 'birdies': 6, 'pars': 11, 'bogeys': 1, 'double_bogeys': 0, 'other_scores': 0, 'holes_in_one': 0, 'sequence': 2}, {'score': 3, 'strokes': 73, 'thru': 18, 'eagles': 0, 'birdies': 3, 'pars': 12, 'bogeys': 2, 'double_bogeys': 0, 'other_scores': 1, 'holes_in_one': 0, 'sequence': 3}, {'score': -5, 'strokes': 65, 'thru': 18, 'eagles': 0, 'birdies': 5, 'pars': 13, 'bogeys': 0, 'double_bogeys': 0, 'other_scores': 0, 'holes_in_one': 0, 'sequence': 4}]}",2023-06-22,2023-06-25,2.0,-4.0,-4.0,20000000.0,500.0,"Golf Channel, CBS",3600000.0
a84c6b54-ff8d-450d-863b-6727c1fb049c,John Deere Classic,stroke,USD,America/Chicago,full,closed,stroke,"[{'id': 'ece9907c-6fe3-4944-8cb9-bb1033270259', 'year': 2023, 'tour': {'id': 'b52068af-28e4-4e91-bdbb-037591b0ff84', 'alias': 'pga', 'name': 'PGA Tour'}}]","{'position': 42, 'tied': True, 'money': 24905.0, 'points': 11.0, 'score': -9, 'strokes': 275, 'rounds': [{'score': -2, 'strokes': 69, 'thru': 18, 'eagles': 0, 'birdies': 3, 'pars': 14, 'bogeys': 1, 'double_bogeys': 0, 'other_scores': 0, 'holes_in_one': 0, 'sequence': 1}, {'score': -4, 'strokes': 67, 'thru': 18, 'eagles': 0, 'birdies': 7, 'pars': 8, 'bogeys': 3, 'double_bogeys': 0, 'other_scores': 0, 'holes_in_one': 0, 'sequence': 2}, {'score': -3, 'strokes': 68, 'thru': 18, 'eagles': 0, 'birdies': 5, 'pars': 11, 'bogeys': 2, 'double_bogeys': 0, 'other_scores': 0, 'holes_in_one': 0, 'sequence': 3}, {'score': 0, 'strokes': 71, 'thru': 18, 'eagles': 0, 'birdies': 4, 'pars': 10, 'bogeys': 4, 'double_bogeys': 0, 'other_scores': 0, 'holes_in_one': 0, 'sequence': 4}]}",2023-07-06,2023-07-09,2.0,-4.0,-4.0,7400000.0,500.0,"Golf Channel, CBS",1332000.0
f1bc9969-5e4c-4f06-8e8e-0a08a9ef387a,Genesis Scottish Open,stroke,USD,Europe/London,full,closed,stroke,"[{'id': 'ece9907c-6fe3-4944-8cb9-bb1033270259', 'year': 2023, 'tour': {'id': 'b52068af-28e4-4e91-bdbb-037591b0ff84', 'alias': 'pga', 'name': 'PGA Tour'}}, {'id': 'af999c48-6103-40fc-a84b-062841252cc7', 'year': 2023, 'tour': {'id': 'e97bb87a-6347-40d0-8c8c-3d0f54a41043', 'alias': 'EURO', 'name': 'DP World Tour'}}]","{'position': 60, 'tied': True, 'money': 23220.0, 'points': 5.0, 'score': -1, 'strokes': 279, 'rounds': [{'score': -3, 'strokes': 67, 'thru': 18, 'eagles': 0, 'birdies': 5, 'pars': 11, 'bogeys': 2, 'double_bogeys': 0, 'other_scores': 0, 'holes_in_one': 0, 'sequence': 1}, {'score': -1, 'strokes': 69, 'thru': 18, 'eagles': 0, 'birdies': 2, 'pars': 15, 'bogeys': 1, 'double_bogeys': 0, 'other_scores': 0, 'holes_in_one': 0, 'sequence': 2}, {'score': -6, 'strokes': 64, 'thru': 18, 'eagles': 0, 'birdies': 7, 'pars': 10, 'bogeys': 1, 'double_bogeys': 0, 'other_scores': 0, 'holes_in_one': 0, 'sequence': 3}, {'score': 9, 'strokes': 79, 'thru': 18, 'eagles': 0, 'birdies': 1, 'pars': 8, 'bogeys': 8, 'double_bogeys': 1, 'other_scores': 0, 'holes_in_one': 0, 'sequence': 4}]}",2023-07-13,2023-07-16,2.0,-2.0,-2.0,9000000.0,500.0,"Golf Channel, CBS",1620000.0
704576a7-e3be-4958-984d-0c5784af55b7,3M Open,stroke,USD,America/Chicago,full,closed,stroke,"[{'id': 'ece9907c-6fe3-4944-8cb9-bb1033270259', 'year': 2023, 'tour': {'id': 'b52068af-28e4-4e91-bdbb-037591b0ff84', 'alias': 'pga', 'name': 'PGA Tour'}}]","{'position': 30, 'tied': True, 'money': 46744.0, 'points': 24.0, 'score': -10, 'strokes': 274, 'rounds': [{'score': -1, 'strokes': 70, 'thru': 18, 'eagles': 0, 'birdies': 2, 'pars': 15, 'bogeys': 1, 'double_bogeys': 0, 'other_scores': 0, 'holes_in_one': 0, 'sequence': 1}, {'score': -5, 'strokes': 66, 'thru': 18, 'eagles': 1, 'birdies': 6, 'pars': 8, 'bogeys': 3, 'double_bogeys': 0, 'other_scores': 0, 'holes_in_one': 0, 'sequence': 2}, {'score': -3, 'strokes': 68, 'thru': 18, 'eagles': 0, 'birdies': 5, 'pars': 11, 'bogeys': 2, 'double_bogeys': 0, 'other_scores': 0, 'holes_in_one': 0, 'sequence': 3}, {'score': -1, 'strokes': 70, 'thru': 18, 'eagles': 0, 'birdies': 3, 'pars': 13, 'bogeys': 2, 'double_bogeys': 0, 'other_scores': 0, 'holes_in_one': 0, 'sequence': 4}]}",2023-07-27,2023-07-30,2.0,-4.0,-4.0,7800000.0,500.0,"Golf Channel, CBS",1404000.0
ba485e45-67e1-42bd-832f-4178fba750cc,Wyndham Championship,stroke,USD,America/New_York,full,closed,stroke,"[{'id': 'ece9907c-6fe3-4944-8cb9-bb1033270259', 'year': 2023, 'tour': {'id': 'b52068af-28e4-4e91-bdbb-037591b0ff84', 'alias': 'pga', 'name': 'PGA Tour'}}]","{'position': 14, 'tied': True, 'money': 123500.0, 'points': 51.0, 'score': -10, 'strokes': 270, 'rounds': [{'score': -1, 'strokes': 69, 'thru': 18, 'eagles': 0, 'birdies': 6, 'pars': 9, 'bogeys': 2, 'double_bogeys': 0, 'other_scores': 1, 'holes_in_one': 0, 'sequence': 1}, {'score': -5, 'strokes': 65, 'thru': 18, 'eagles': 1, 'birdies': 4, 'pars': 12, 'bogeys': 1, 'double_bogeys': 0, 'other_scores': 0, 'holes_in_one': 0, 'sequence': 2}, {'score': -4, 'strokes': 66, 'thru': 18, 'eagles': 1, 'birdies': 5, 'pars': 9, 'bogeys': 3, 'double_bogeys': 0, 'other_scores': 0, 'holes_in_one': 0, 'sequence': 3}, {'score': 0, 'strokes': 70, 'thru': 18, 'eagles': 0, 'birdies': 3, 'pars': 13, 'bogeys': 1, 'double_bogeys': 1, 'other_scores': 0, 'holes_in_one': 0, 'sequence': 4}]}",2023-08-03,2023-08-06,2.0,-2.0,-2.0,7600000.0,500.0,"Golf Channel, CBS",1368000.0
97540454-f4b7-41a6-9a0d-d3c5bcc09442,FedEx St. Jude Championship,stroke,USD,America/Chicago,full,closed,stroke,"[{'id': 'ece9907c-6fe3-4944-8cb9-bb1033270259', 'year': 2023, 'tour': {'id': 'b52068af-28e4-4e91-bdbb-037591b0ff84', 'alias': 'pga', 'name': 'PGA Tour'}}]","{'position': 31, 'tied': True, 'money': 116000.0, 'points': 92.0, 'score': -6, 'strokes': 274, 'rounds': [{'score': -4, 'strokes': 66, 'thru': 18, 'eagles': 0, 'birdies': 5, 'pars': 12, 'bogeys': 1, 'double_bogeys': 0, 'other_scores': 0, 'holes_in_one': 0, 'sequence': 1}, {'score': 0, 'strokes': 70, 'thru': 18, 'eagles': 0, 'birdies': 4, 'pars': 10, 'bogeys': 4, 'double_bogeys': 0, 'other_scores': 0, 'holes_in_one': 0, 'sequence': 2}, {'score': -2, 'strokes': 68, 'thru': 18, 'eagles': 0, 'birdies': 4, 'pars': 12, 'bogeys': 2, 'double_bogeys': 0, 'other_scores': 0, 'holes_in_one': 0, 'sequence': 3}, {'score': 0, 'strokes': 70, 'thru': 18, 'eagles': 0, 'birdies': 3, 'pars': 12, 'bogeys': 3, 'double_bogeys': 0, 'other_scores': 0, 'holes_in_one': 0, 'sequence': 4}]}",2023-08-10,2023-08-13,,,,20000000.0,2000.0,"Golf Channel, CBS",3600000.0
62335a36-7fd7-41d7-a729-30ded11fcd9c,BMW Championship,stroke,USD,America/Chicago,full,closed,stroke,"[{'id': 'ece9907c-6fe3-4944-8cb9-bb1033270259', 'year': 2023, 'tour': {'id': 'b52068af-28e4-4e91-bdbb-037591b0ff84', 'alias': 'pga', 'name': 'PGA Tour'}}]","{'position': 25, 'tied': True, 'money': 179750.0, 'points': 133.0, 'score': -3, 'strokes': 277, 'rounds': [{'score': 2, 'strokes': 72, 'thru': 18, 'eagles': 0, 'birdies': 2, 'pars': 12, 'bogeys': 4, 'double_bogeys': 0, 'other_scores': 0, 'holes_in_one': 0, 'sequence': 1}, {'score': -2, 'strokes': 68, 'thru': 18, 'eagles': 0, 'birdies': 7, 'pars': 7, 'bogeys': 3, 'double_bogeys': 1, 'other_scores': 0, 'holes_in_one': 0, 'sequence': 2}, {'score': -2, 'strokes': 68, 'thru': 18, 'eagles': 0, 'birdies': 5, 'pars': 10, 'bogeys': 3, 'double_bogeys': 0, 'other_scores': 0, 'holes_in_one': 0, 'sequence': 3}, {'score': -1, 'strokes': 69, 'thru': 18, 'eagles': 0, 'birdies': 5, 'pars': 9, 'bogeys': 4, 'double_bogeys': 0, 'other_scores': 0, 'holes_in_one': 0, 'sequence': 4}]}",2023-08-17,2023-08-20,,,,20000000.0,2000.0,"Golf Channel, CBS",3600000.0
8700aba2-5e41-44cf-9178-91a8a990fd4e,Fortinet Championship,stroke,USD,America/Los_Angeles,full,closed,stroke,"[{'id': 'ece9907c-6fe3-4944-8cb9-bb1033270259', 'year': 2023, 'tour': {'id': 'b52068af-28e4-4e91-bdbb-037591b0ff84', 'alias': 'pga', 'name': 'PGA Tour'}}]","{'position': 4, 'tied': False, 'money': 411600.0, 'points': 0.0, 'score': -16, 'strokes': 272, 'rounds': [{'score': -4, 'strokes': 68, 'thru': 18, 'eagles': 0, 'birdies': 7, 'pars': 8, 'bogeys': 3, 'double_bogeys': 0, 'other_scores': 0, 'holes_in_one': 0, 'sequence': 1}, {'score': -6, 'strokes': 66, 'thru': 18, 'eagles': 0, 'birdies': 7, 'pars': 10, 'bogeys': 1, 'double_bogeys': 0, 'other_scores': 0, 'holes_in_one': 0, 'sequence': 2}, {'score': -4, 'strokes': 68, 'thru': 18, 'eagles': 0, 'birdies': 5, 'pars': 12, 'bogeys': 1, 'double_bogeys': 0, 'other_scores': 0, 'holes_in_one': 0, 'sequence': 3}, {'score': -2, 'strokes': 70, 'thru': 18, 'eagles': 0, 'birdies': 4, 'pars': 12, 'bogeys': 2, 'double_bogeys': 0, 'other_scores': 0, 'holes_in_one': 0, 'sequence': 4}]}",2023-09-14,2023-09-17,2.0,-3.0,-3.0,8400000.0,,,
11630794-9c9a-4b3d-b15f-ce85bad28315,Sanderson Farms Championship,stroke,USD,America/Chicago,full,closed,stroke,"[{'id': 'ece9907c-6fe3-4944-8cb9-bb1033270259', 'year': 2023, 'tour': {'id': 'b52068af-28e4-4e91-bdbb-037591b0ff84', 'alias': 'pga', 'name': 'PGA Tour'}}]","{'position': 35, 'tied': True, 'money': 38284.0, 'points': 0.0, 'score': -9, 'strokes': 279, 'rounds': [{'score': -1, 'strokes': 71, 'thru': 18, 'eagles': 0, 'birdies': 3, 'pars': 13, 'bogeys': 2, 'double_bogeys': 0, 'other_scores': 0, 'holes_in_one': 0, 'sequence': 1}, {'score': -4, 'strokes': 68, 'thru': 18, 'eagles': 0, 'birdies': 6, 'pars': 10, 'bogeys': 2, 'double_bogeys': 0, 'other_scores': 0, 'holes_in_one': 0, 'sequence': 2}, {'score': -1, 'strokes': 71, 'thru': 18, 'eagles': 0, 'birdies': 5, 'pars': 10, 'bogeys': 2, 'double_bogeys': 1, 'other_scores': 0, 'holes_in_one': 0, 'sequence': 3}, {'score': -3, 'strokes': 69, 'thru': 18, 'eagles': 0, 'birdies': 5, 'pars': 11, 'bogeys': 2, 'double_bogeys': 0, 'other_scores': 0, 'holes_in_one': 0, 'sequence': 4}]}",2023-10-05,2023-10-08,2.0,-5.0,-5.0,8200000.0,,,
693585bf-7e97-4179-83d6-ee3c512d22cf,Shriners Children's Open,stroke,USD,America/Los_Angeles,full,closed,stroke,"[{'id': 'ece9907c-6fe3-4944-8cb9-bb1033270259', 'year': 2023, 'tour': {'id': 'b52068af-28e4-4e91-bdbb-037591b0ff84', 'alias': 'pga', 'name': 'PGA Tour'}}]","{'position': 3, 'tied': True, 'money': 410025.0, 'points': 0.0, 'score': -18, 'strokes': 266, 'rounds': [{'score': 0, 'strokes': 71, 'thru': 18, 'eagles': 0, 'birdies': 3, 'pars': 12, 'bogeys': 3, 'double_bogeys': 0, 'other_scores': 0, 'holes_in_one': 0, 'sequence': 1}, {'score': -5, 'strokes': 66, 'thru': 18, 'eagles': 1, 'birdies': 7, 'pars': 7, 'bogeys': 2, 'double_bogeys': 1, 'other_scores': 0, 'holes_in_one': 0, 'sequence': 2}, {'score': -4, 'strokes': 67, 'thru': 18, 'eagles': 0, 'birdies': 7, 'pars': 8, 'bogeys': 3, 'double_bogeys': 0, 'other_scores': 0, 'holes_in_one': 0, 'sequence': 3}, {'score': -9, 'strokes': 62, 'thru': 18, 'eagles': 0, 'birdies': 9, 'pars': 9, 'bogeys': 0, 'double_bogeys': 0, 'other_scores': 0, 'holes_in_one': 0, 'sequence': 4}]}",2023-10-12,2023-10-15,2.0,-3.0,-3.0,8400000.0,,,
