id,name,event_type,purse,currency,points,start_date,end_date,course_timezone,network,winning_share,coverage,status,scoring_system,seasons,leaderboard,cutline,projected_cutline,cut_round
b35f9d88-881b-418f-baea-dda2a1b1879b,Genesis Open,stroke,7000000.0,USD,500.0,2017-02-16,2017-02-19,America/Los_Angeles,"The Golf Channel, CBS",1260000.0,full,closed,stroke,"[{'id': '001d94a9-e37d-4242-955b-0c69453e1438', 'year': 2017, 'tour': {'id': 'b52068af-28e4-4e91-bdbb-037591b0ff84', 'alias': 'pga', 'name': 'PGA Tour'}}]","{'position': 49, 'tied': True, 'money': 0.0, 'points': 0.0, 'score': -2, 'strokes': 282, 'rounds': [{'score': -4, 'strokes': 67, 'thru': 18, 'eagles': 1, 'birdies': 5, 'pars': 9, 'bogeys': 3, 'double_bogeys': 0, 'other_scores': 0, 'holes_in_one': 0, 'sequence': 1}, {'score': 2, 'strokes': 73, 'thru': 18, 'eagles': 0, 'birdies': 0, 'pars': 16, 'bogeys': 2, 'double_bogeys': 0, 'other_scores': 0, 'holes_in_one': 0, 'sequence': 2}, {'score': 0, 'strokes': 71, 'thru': 18, 'eagles': 0, 'birdies': 4, 'pars': 10, 'bogeys': 4, 'double_bogeys': 0, 'other_scores': 0, 'holes_in_one': 0, 'sequence': 3}, {'score': 0, 'strokes': 71, 'thru': 18, 'eagles': 0, 'birdies': 3, 'pars': 12, 'bogeys': 3, 'double_bogeys': 0, 'other_scores': 0, 'holes_in_one': 0, 'sequence': 4}]}",,,
d866bfe3-ec29-4e60-965d-77eb6a9c4abb,U.S. Open,stroke,12000000.0,USD,600.0,2017-06-15,2017-06-18,America/Chicago,"FOX, Fox Sports 1",2160000.0,full,closed,stroke,"[{'id': '001d94a9-e37d-4242-955b-0c69453e1438', 'year': 2017, 'tour': {'id': 'b52068af-28e4-4e91-bdbb-037591b0ff84', 'alias': 'pga', 'name': 'PGA Tour'}}, {'id': '21205993-9d28-4c1d-9262-c6fbcffbef64', 'year': 2017, 'tour': {'id': 'e97bb87a-6347-40d0-8c8c-3d0f54a41043', 'alias': 'EURO', 'name': 'DP World Tour'}}]","{'position': 132, 'tied': True, 'money': 0.0, 'points': 0.0, 'score': 8, 'strokes': 152, 'status': 'CUT', 'rounds': [{'score': 5, 'strokes': 77, 'thru': 18, 'eagles': 0, 'birdies': 3, 'pars': 10, 'bogeys': 3, 'double_bogeys': 1, 'other_scores': 1, 'holes_in_one': 0, 'sequence': 1}, {'score': 3, 'strokes': 75, 'thru': 18, 'eagles': 0, 'birdies': 2, 'pars': 11, 'bogeys': 5, 'double_bogeys': 0, 'other_scores': 0, 'holes_in_one': 0, 'sequence': 2}]}",,,
ea983f1d-5379-4c79-a0f1-39f29f0aa870,U.S. Amateur,mix,,USD,,2019-08-12,2019-08-18,America/New_York,Fox Sports 1,,full,closed,stroke,"[{'id': '92a326ca-87bf-463d-ac57-786082e9058e', 'year': 2019, 'tour': {'id': '3a822763-7118-42c5-a2a8-d298038e88e7', 'alias': 'USGA', 'name': 'United States Golf Association'}}]","{'position': 28, 'tied': True, 'score': 3, 'strokes': 143, 'rounds': [{'score': 1, 'strokes': 71, 'thru': 18, 'eagles': 0, 'birdies': 3, 'pars': 11, 'bogeys': 4, 'double_bogeys': 0, 'other_scores': 0, 'holes_in_one': 0, 'sequence': 1}, {'score': 2, 'strokes': 72, 'thru': 18, 'eagles': 0, 'birdies': 3, 'pars': 11, 'bogeys': 3, 'double_bogeys': 1, 'other_scores': 0, 'holes_in_one': 0, 'sequence': 2}]}",,,
a4009c5b-97eb-454d-a634-a62f50d294d5,Travelers Championship,stroke,7400000.0,USD,500.0,2020-06-25,2020-06-28,America/New_York,"The Golf Channel, CBS",1332000.0,full,closed,stroke,"[{'id': '83eb0a3a-dd69-40d3-a9ba-f49e398fdb61', 'year': 2020, 'tour': {'id': 'b52068af-28e4-4e91-bdbb-037591b0ff84', 'alias': 'pga', 'name': 'PGA Tour'}}]","{'position': 109, 'tied': True, 'score': 0, 'strokes': 140, 'status': 'CUT', 'rounds': [{'score': -1, 'strokes': 69, 'thru': 18, 'eagles': 0, 'birdies': 4, 'pars': 11, 'bogeys': 3, 'double_bogeys': 0, 'other_scores': 0, 'holes_in_one': 0, 'sequence': 1}, {'score': 1, 'strokes': 71, 'thru': 18, 'eagles': 0, 'birdies': 3, 'pars': 11, 'bogeys': 4, 'double_bogeys': 0, 'other_scores': 0, 'holes_in_one': 0, 'sequence': 2}]}",-4.0,-4.0,2.0
9f589ec1-5e41-4cf6-a983-7dd4d43800a9,Rocket Mortgage Classic,stroke,7500000.0,USD,500.0,2020-07-02,2020-07-05,America/Detroit,"The Golf Channel, CBS",1350000.0,full,closed,stroke,"[{'id': '83eb0a3a-dd69-40d3-a9ba-f49e398fdb61', 'year': 2020, 'tour': {'id': 'b52068af-28e4-4e91-bdbb-037591b0ff84', 'alias': 'pga', 'name': 'PGA Tour'}}]","{'position': 98, 'tied': True, 'score': -2, 'strokes': 142, 'status': 'CUT', 'rounds': [{'score': 1, 'strokes': 73, 'thru': 18, 'eagles': 0, 'birdies': 3, 'pars': 11, 'bogeys': 4, 'double_bogeys': 0, 'other_scores': 0, 'holes_in_one': 0, 'sequence': 1}, {'score': -3, 'strokes': 69, 'thru': 18, 'eagles': 0, 'birdies': 6, 'pars': 9, 'bogeys': 3, 'double_bogeys': 0, 'other_scores': 0, 'holes_in_one': 0, 'sequence': 2}]}",-5.0,-5.0,2.0
9abefcdd-10ff-4aad-8a62-e62eb74667ea,3M Open,stroke,6600000.0,USD,500.0,2020-07-23,2020-07-26,America/Chicago,"The Golf Channel, CBS",1188000.0,full,closed,stroke,"[{'id': '83eb0a3a-dd69-40d3-a9ba-f49e398fdb61', 'year': 2020, 'tour': {'id': 'b52068af-28e4-4e91-bdbb-037591b0ff84', 'alias': 'pga', 'name': 'PGA Tour'}}]","{'position': 115, 'tied': True, 'score': 2, 'strokes': 144, 'status': 'CUT', 'rounds': [{'score': 1, 'strokes': 72, 'thru': 18, 'eagles': 0, 'birdies': 3, 'pars': 11, 'bogeys': 4, 'double_bogeys': 0, 'other_scores': 0, 'holes_in_one': 0, 'sequence': 1}, {'score': 1, 'strokes': 72, 'thru': 18, 'eagles': 0, 'birdies': 2, 'pars': 13, 'bogeys': 3, 'double_bogeys': 0, 'other_scores': 0, 'holes_in_one': 0, 'sequence': 2}]}",-2.0,-2.0,2.0
88579011-8f40-4d5c-af9e-48102483e66b,Barracuda Championship,stroke,3500000.0,USD,300.0,2020-07-30,2020-08-02,America/Los_Angeles,The Golf Channel,630000.0,full,closed,stableford,"[{'id': '83eb0a3a-dd69-40d3-a9ba-f49e398fdb61', 'year': 2020, 'tour': {'id': 'b52068af-28e4-4e91-bdbb-037591b0ff84', 'alias': 'pga', 'name': 'PGA Tour'}}]","{'position': 41, 'tied': True, 'money': 12425.0, 'points': 0.0, 'stableford_points': 20, 'score': -6, 'strokes': 278, 'rounds': [{'score': -3, 'strokes': 68, 'thru': 18, 'stableford_points': 7, 'eagles': 0, 'birdies': 4, 'pars': 13, 'bogeys': 1, 'double_bogeys': 0, 'other_scores': 0, 'holes_in_one': 0, 'sequence': 1}, {'score': -2, 'strokes': 69, 'thru': 18, 'stableford_points': 6, 'eagles': 0, 'birdies': 4, 'pars': 12, 'bogeys': 2, 'double_bogeys': 0, 'other_scores': 0, 'holes_in_one': 0, 'sequence': 2}, {'score': 2, 'strokes': 73, 'thru': 18, 'stableford_points': 0, 'eagles': 0, 'birdies': 3, 'pars': 11, 'bogeys': 3, 'double_bogeys': 1, 'other_scores': 0, 'holes_in_one': 0, 'sequence': 3}, {'score': -3, 'strokes': 68, 'thru': 18, 'stableford_points': 7, 'eagles': 0, 'birdies': 5, 'pars': 12, 'bogeys': 0, 'double_bogeys': 1, 'other_scores': 0, 'holes_in_one': 0, 'sequence': 4}]}",,6.0,2.0
6ba4893c-c82e-4269-a0ab-c99a05c854a8,Safeway Open,stroke,,USD,500.0,2020-09-10,2020-09-13,America/Los_Angeles,The Golf Channel,,full,closed,stroke,"[{'id': '2d6bebeb-a384-463c-9baf-c2064340acfd', 'year': 2021, 'tour': {'id': 'b52068af-28e4-4e91-bdbb-037591b0ff84', 'alias': 'pga', 'name': 'PGA Tour'}}]","{'position': 14, 'tied': True, 'money': 100650.0, 'points': 0.0, 'score': -15, 'strokes': 273, 'rounds': [{'score': -1, 'strokes': 71, 'thru': 18, 'eagles': 0, 'birdies': 4, 'pars': 12, 'bogeys': 1, 'double_bogeys': 1, 'other_scores': 0, 'holes_in_one': 0, 'sequence': 1}, {'score': -4, 'strokes': 68, 'thru': 18, 'eagles': 0, 'birdies': 5, 'pars': 12, 'bogeys': 1, 'double_bogeys': 0, 'other_scores': 0, 'holes_in_one': 0, 'sequence': 2}, {'score': -8, 'strokes': 64, 'thru': 18, 'eagles': 0, 'birdies': 8, 'pars': 10, 'bogeys': 0, 'double_bogeys': 0, 'other_scores': 0, 'holes_in_one': 0, 'sequence': 3}, {'score': -2, 'strokes': 70, 'thru': 18, 'eagles': 0, 'birdies': 4, 'pars': 12, 'bogeys': 2, 'double_bogeys': 0, 'other_scores': 0, 'holes_in_one': 0, 'sequence': 4}]}",-5.0,-5.0,2.0
c1ecfe2c-bc88-46a5-9f45-f2afb948ebf4,Sanderson Farms Championship,stroke,6600000.0,USD,500.0,2020-10-01,2020-10-04,America/Chicago,The Golf Channel,1188000.0,full,closed,stroke,"[{'id': '2d6bebeb-a384-463c-9baf-c2064340acfd', 'year': 2021, 'tour': {'id': 'b52068af-28e4-4e91-bdbb-037591b0ff84', 'alias': 'pga', 'name': 'PGA Tour'}}]","{'position': 77, 'tied': True, 'score': -1, 'strokes': 143, 'status': 'CUT', 'rounds': [{'score': -1, 'strokes': 71, 'thru': 18, 'eagles': 0, 'birdies': 4, 'pars': 11, 'bogeys': 3, 'double_bogeys': 0, 'other_scores': 0, 'holes_in_one': 0, 'sequence': 1}, {'score': 0, 'strokes': 72, 'thru': 18, 'eagles': 0, 'birdies': 1, 'pars': 16, 'bogeys': 1, 'double_bogeys': 0, 'other_scores': 0, 'holes_in_one': 0, 'sequence': 2}]}",-3.0,-3.0,2.0
cbc634db-38e0-4666-a411-c70c88c3207e,Chitimacha Louisiana Open,stroke,,USD,,2021-03-18,2021-03-21,America/Chicago,,,full,closed,stroke,"[{'id': 'b3d51450-0493-411d-89b3-25b6c217c67e', 'year': 2021, 'tour': {'id': '6ccf9f48-82ca-41d7-a649-99393a2aa0b1', 'alias': 'PGAD', 'name': 'Korn Ferry Tour'}}]","{'position': 19, 'tied': True, 'money': 7575.0, 'points': 0.0, 'score': -9, 'strokes': 275, 'rounds': [{'score': 3, 'strokes': 74, 'thru': 18, 'eagles': 0, 'birdies': 4, 'pars': 8, 'bogeys': 5, 'double_bogeys': 1, 'other_scores': 0, 'holes_in_one': 0, 'sequence': 1}, {'score': -2, 'strokes': 69, 'thru': 18, 'eagles': 0, 'birdies': 6, 'pars': 8, 'bogeys': 4, 'double_bogeys': 0, 'other_scores': 0, 'holes_in_one': 0, 'sequence': 2}, {'score': -5, 'strokes': 66, 'thru': 18, 'eagles': 0, 'birdies': 5, 'pars': 13, 'bogeys': 0, 'double_bogeys': 0, 'other_scores': 0, 'holes_in_one': 0, 'sequence': 3}, {'score': -5, 'strokes': 66, 'thru': 18, 'eagles': 0, 'birdies': 6, 'pars': 11, 'bogeys': 1, 'double_bogeys': 0, 'other_scores': 0, 'holes_in_one': 0, 'sequence': 4}]}",2.0,,2.0
d9a5ea6e-b1bb-4539-9e7b-7a717c511893,Club Car Championship at The Landings Club,stroke,,USD,,2021-03-25,2021-03-28,America/New_York,,,full,closed,stroke,"[{'id': 'b3d51450-0493-411d-89b3-25b6c217c67e', 'year': 2021, 'tour': {'id': '6ccf9f48-82ca-41d7-a649-99393a2aa0b1', 'alias': 'PGAD', 'name': 'Korn Ferry Tour'}}]","{'position': 46, 'tied': True, 'money': 2618.0, 'points': 0.0, 'score': -7, 'strokes': 281, 'rounds': [{'score': -3, 'strokes': 69, 'thru': 18, 'eagles': 0, 'birdies': 3, 'pars': 15, 'bogeys': 0, 'double_bogeys': 0, 'other_scores': 0, 'holes_in_one': 0, 'sequence': 1}, {'score': -3, 'strokes': 69, 'thru': 18, 'eagles': 0, 'birdies': 4, 'pars': 13, 'bogeys': 1, 'double_bogeys': 0, 'other_scores': 0, 'holes_in_one': 0, 'sequence': 2}, {'score': 3, 'strokes': 75, 'thru': 18, 'eagles': 1, 'birdies': 3, 'pars': 8, 'bogeys': 4, 'double_bogeys': 2, 'other_scores': 0, 'holes_in_one': 0, 'sequence': 3}, {'score': -4, 'strokes': 68, 'thru': 18, 'eagles': 1, 'birdies': 4, 'pars': 11, 'bogeys': 2, 'double_bogeys': 0, 'other_scores': 0, 'holes_in_one': 0, 'sequence': 4}]}",-2.0,0.0,2.0
98ee3a3f-c28c-48ec-9fb3-8c79386285a7,Paiute Las Vegas Championship,stroke,,USD,,2021-04-15,2021-04-18,America/Los_Angeles,,,full,closed,stroke,"[{'id': 'b3d51450-0493-411d-89b3-25b6c217c67e', 'year': 2021, 'tour': {'id': '6ccf9f48-82ca-41d7-a649-99393a2aa0b1', 'alias': 'PGAD', 'name': 'Korn Ferry Tour'}}]","{'position': 9, 'tied': True, 'money': 12986.0, 'points': 0.0, 'score': -8, 'strokes': 280, 'rounds': [{'score': -2, 'strokes': 70, 'thru': 18, 'eagles': 0, 'birdies': 4, 'pars': 12, 'bogeys': 2, 'double_bogeys': 0, 'other_scores': 0, 'holes_in_one': 0, 'sequence': 1}, {'score': -3, 'strokes': 69, 'thru': 18, 'eagles': 1, 'birdies': 4, 'pars': 10, 'bogeys': 3, 'double_bogeys': 0, 'other_scores': 0, 'holes_in_one': 0, 'sequence': 2}, {'score': -2, 'strokes': 70, 'thru': 18, 'eagles': 0, 'birdies': 3, 'pars': 14, 'bogeys': 1, 'double_bogeys': 0, 'other_scores': 0, 'holes_in_one': 0, 'sequence': 3}, {'score': -1, 'strokes': 71, 'thru': 18, 'eagles': 0, 'birdies': 5, 'pars': 9, 'bogeys': 4, 'double_bogeys': 0, 'other_scores': 0, 'holes_in_one': 0, 'sequence': 4}]}",-3.0,,2.0
39dc69b1-a660-4bf4-817c-a1e614a99d33,Veritex Bank Championship,stroke,,USD,,2021-04-22,2021-04-25,America/Chicago,,,full,closed,stroke,"[{'id': 'b3d51450-0493-411d-89b3-25b6c217c67e', 'year': 2021, 'tour': {'id': '6ccf9f48-82ca-41d7-a649-99393a2aa0b1', 'alias': 'PGAD', 'name': 'Korn Ferry Tour'}}]","{'position': 43, 'tied': True, 'money': 2850.0, 'points': 0.0, 'score': -12, 'strokes': 272, 'rounds': [{'score': -2, 'strokes': 69, 'thru': 18, 'eagles': 0, 'birdies': 6, 'pars': 8, 'bogeys': 4, 'double_bogeys': 0, 'other_scores': 0, 'holes_in_one': 0, 'sequence': 1}, {'score': -5, 'strokes': 66, 'thru': 18, 'eagles': 0, 'birdies': 6, 'pars': 11, 'bogeys': 1, 'double_bogeys': 0, 'other_scores': 0, 'holes_in_one': 0, 'sequence': 2}, {'score': -5, 'strokes': 66, 'thru': 18, 'eagles': 0, 'birdies': 8, 'pars': 7, 'bogeys': 3, 'double_bogeys': 0, 'other_scores': 0, 'holes_in_one': 0, 'sequence': 3}, {'score': 0, 'strokes': 71, 'thru': 18, 'eagles': 0, 'birdies': 3, 'pars': 12, 'bogeys': 3, 'double_bogeys': 0, 'other_scores': 0, 'holes_in_one': 0, 'sequence': 4}]}",-6.0,,2.0
56309554-95dc-492e-946b-93b76b9c03a4,Huntsville Championship,stroke,,USD,,2021-04-29,2021-05-02,America/Chicago,,,full,closed,stroke,"[{'id': 'b3d51450-0493-411d-89b3-25b6c217c67e', 'year': 2021, 'tour': {'id': '6ccf9f48-82ca-41d7-a649-99393a2aa0b1', 'alias': 'PGAD', 'name': 'Korn Ferry Tour'}}]","{'position': 21, 'tied': True, 'money': 5498.0, 'points': 0.0, 'score': -6, 'strokes': 274, 'rounds': [{'score': -1, 'strokes': 69, 'thru': 18, 'eagles': 0, 'birdies': 6, 'pars': 9, 'bogeys': 2, 'double_bogeys': 0, 'other_scores': 1, 'holes_in_one': 0, 'sequence': 1}, {'score': -4, 'strokes': 66, 'thru': 18, 'eagles': 0, 'birdies': 7, 'pars': 8, 'bogeys': 3, 'double_bogeys': 0, 'other_scores': 0, 'holes_in_one': 0, 'sequence': 2}, {'score': 2, 'strokes': 72, 'thru': 18, 'eagles': 0, 'birdies': 3, 'pars': 13, 'bogeys': 1, 'double_bogeys': 0, 'other_scores': 1, 'holes_in_one': 0, 'sequence': 3}, {'score': -3, 'strokes': 67, 'thru': 18, 'eagles': 0, 'birdies': 4, 'pars': 13, 'bogeys': 1, 'double_bogeys': 0, 'other_scores': 0, 'holes_in_one': 0, 'sequence': 4}]}",-1.0,,2.0
94246dd6-7a39-4072-9fde-495f65b697b4,Simmons Bank Open for the Snedeker Foundation,stroke,,USD,,2021-05-06,2021-05-09,America/Chicago,,,full,closed,stroke,"[{'id': 'b3d51450-0493-411d-89b3-25b6c217c67e', 'year': 2021, 'tour': {'id': '6ccf9f48-82ca-41d7-a649-99393a2aa0b1', 'alias': 'PGAD', 'name': 'Korn Ferry Tour'}}]","{'position': 47, 'tied': True, 'money': 2626.0, 'points': 0.0, 'score': -1, 'strokes': 287, 'rounds': [{'score': -2, 'strokes': 70, 'thru': 18, 'eagles': 2, 'birdies': 2, 'pars': 11, 'bogeys': 2, 'double_bogeys': 1, 'other_scores': 0, 'holes_in_one': 0, 'sequence': 1}, {'score': 0, 'strokes': 72, 'thru': 18, 'eagles': 0, 'birdies': 3, 'pars': 12, 'bogeys': 3, 'double_bogeys': 0, 'other_scores': 0, 'holes_in_one': 0, 'sequence': 2}, {'score': -4, 'strokes': 68, 'thru': 18, 'eagles': 0, 'birdies': 5, 'pars': 12, 'bogeys': 1, 'double_bogeys': 0, 'other_scores': 0, 'holes_in_one': 0, 'sequence': 3}, {'score': 5, 'strokes': 77, 'thru': 18, 'eagles': 0, 'birdies': 2, 'pars': 10, 'bogeys': 5, 'double_bogeys': 1, 'other_scores': 0, 'holes_in_one': 0, 'sequence': 4}]}",0.0,,2.0
a29937b5-6c59-4df1-b76a-960472ed99f2,Charles Schwab Challenge,stroke,7500000.0,USD,500.0,2021-05-27,2021-05-30,America/Chicago,"The Golf Channel, CBS",1350000.0,full,closed,stroke,"[{'id': '2d6bebeb-a384-463c-9baf-c2064340acfd', 'year': 2021, 'tour': {'id': 'b52068af-28e4-4e91-bdbb-037591b0ff84', 'alias': 'pga', 'name': 'PGA Tour'}}]","{'position': 96, 'tied': True, 'score': 4, 'strokes': 144, 'status': 'CUT', 'rounds': [{'score': 3, 'strokes': 73, 'thru': 18, 'eagles': 0, 'birdies': 3, 'pars': 10, 'bogeys': 4, 'double_bogeys': 1, 'other_scores': 0, 'holes_in_one': 0, 'sequence': 1}, {'score': 1, 'strokes': 71, 'thru': 18, 'eagles': 0, 'birdies': 1, 'pars': 15, 'bogeys': 2, 'double_bogeys': 0, 'other_scores': 0, 'holes_in_one': 0, 'sequence': 2}]}",1.0,1.0,2.0
79b00955-02a9-44d5-9b77-a5b32931914e,the Memorial Tournament presented by Nationwide,stroke,9300000.0,USD,550.0,2021-06-03,2021-06-06,America/New_York,"The Golf Channel, CBS",1674000.0,full,closed,stroke,"[{'id': '2d6bebeb-a384-463c-9baf-c2064340acfd', 'year': 2021, 'tour': {'id': 'b52068af-28e4-4e91-bdbb-037591b0ff84', 'alias': 'pga', 'name': 'PGA Tour'}}]","{'position': 32, 'tied': True, 'money': 53103.0, 'points': 0.0, 'score': 1, 'strokes': 289, 'rounds': [{'score': -3, 'strokes': 69, 'thru': 18, 'eagles': 0, 'birdies': 7, 'pars': 7, 'bogeys': 4, 'double_bogeys': 0, 'other_scores': 0, 'holes_in_one': 0, 'sequence': 1}, {'score': 4, 'strokes': 76, 'thru': 18, 'eagles': 0, 'birdies': 2, 'pars': 10, 'bogeys': 6, 'double_bogeys': 0, 'other_scores': 0, 'holes_in_one': 0, 'sequence': 2}, {'score': 1, 'strokes': 73, 'thru': 18, 'eagles': 0, 'birdies': 3, 'pars': 12, 'bogeys': 2, 'double_bogeys': 1, 'other_scores': 0, 'holes_in_one': 0, 'sequence': 3}, {'score': -1, 'strokes': 71, 'thru': 18, 'eagles': 0, 'birdies': 3, 'pars': 13, 'bogeys': 2, 'double_bogeys': 0, 'other_scores': 0, 'holes_in_one': 0, 'sequence': 4}]}",2.0,2.0,2.0
0a4373fe-a2b9-4a9d-ad84-d342dea6b61a,U.S. Open ,stroke,12500000.0,USD,600.0,2021-06-17,2021-06-20,America/Los_Angeles,"The Golf Channel, NBC",,full,closed,stroke,"[{'id': '2d6bebeb-a384-463c-9baf-c2064340acfd', 'year': 2021, 'tour': {'id': 'b52068af-28e4-4e91-bdbb-037591b0ff84', 'alias': 'pga', 'name': 'PGA Tour'}}, {'id': '45f997ac-9b7e-41e3-8af3-564eaa21d248', 'year': 2021, 'tour': {'id': 'e97bb87a-6347-40d0-8c8c-3d0f54a41043', 'alias': 'EURO', 'name': 'DP World Tour'}}]","{'position': 95, 'tied': True, 'score': 7, 'strokes': 149, 'status': 'CUT', 'rounds': [{'score': 5, 'strokes': 76, 'thru': 18, 'eagles': 0, 'birdies': 4, 'pars': 8, 'bogeys': 4, 'double_bogeys': 1, 'other_scores': 1, 'holes_in_one': 0, 'sequence': 1}, {'score': 2, 'strokes': 73, 'thru': 18, 'eagles': 0, 'birdies': 3, 'pars': 11, 'bogeys': 3, 'double_bogeys': 1, 'other_scores': 0, 'holes_in_one': 0, 'sequence': 2}]}",4.0,4.0,2.0
00598f99-acc4-41a7-875c-f9ccadb409a5,Live and Work in Maine Open,stroke,600000.0,USD,,2021-06-24,2021-06-27,America/New_York,,,full,closed,stroke,"[{'id': 'b3d51450-0493-411d-89b3-25b6c217c67e', 'year': 2021, 'tour': {'id': '6ccf9f48-82ca-41d7-a649-99393a2aa0b1', 'alias': 'PGAD', 'name': 'Korn Ferry Tour'}}]","{'position': 67, 'tied': True, 'score': -1, 'strokes': 141, 'status': 'CUT', 'rounds': [{'score': 4, 'strokes': 75, 'thru': 18, 'eagles': 0, 'birdies': 2, 'pars': 11, 'bogeys': 4, 'double_bogeys': 1, 'other_scores': 0, 'holes_in_one': 0, 'sequence': 1}, {'score': -5, 'strokes': 66, 'thru': 18, 'eagles': 0, 'birdies': 6, 'pars': 11, 'bogeys': 1, 'double_bogeys': 0, 'other_scores': 0, 'holes_in_one': 0, 'sequence': 2}]}",-2.0,,2.0
744207d7-4fe4-4bcf-aec6-3a9a55522fac,Barbasol Championship,stroke,3500000.0,USD,300.0,2021-07-15,2021-07-18,America/New_York,The Golf Channel,630000.0,full,closed,stroke,"[{'id': '2d6bebeb-a384-463c-9baf-c2064340acfd', 'year': 2021, 'tour': {'id': 'b52068af-28e4-4e91-bdbb-037591b0ff84', 'alias': 'pga', 'name': 'PGA Tour'}}]","{'position': 37, 'tied': True, 'money': 16625.0, 'points': 0.0, 'score': -12, 'strokes': 276, 'rounds': [{'score': -3, 'strokes': 69, 'thru': 18, 'eagles': 0, 'birdies': 6, 'pars': 10, 'bogeys': 1, 'double_bogeys': 1, 'other_scores': 0, 'holes_in_one': 0, 'sequence': 1}, {'score': -1, 'strokes': 71, 'thru': 18, 'eagles': 0, 'birdies': 4, 'pars': 12, 'bogeys': 1, 'double_bogeys': 1, 'other_scores': 0, 'holes_in_one': 0, 'sequence': 2}, {'score': -2, 'strokes': 70, 'thru': 18, 'eagles': 0, 'birdies': 4, 'pars': 12, 'bogeys': 2, 'double_bogeys': 0, 'other_scores': 0, 'holes_in_one': 0, 'sequence': 3}, {'score': -6, 'strokes': 66, 'thru': 18, 'eagles': 1, 'birdies': 6, 'pars': 9, 'bogeys': 2, 'double_bogeys': 0, 'other_scores': 0, 'holes_in_one': 0, 'sequence': 4}]}",-4.0,-4.0,2.0
1860e75b-c7c3-43bf-aebd-70ee94d52c03,Barracuda Championship,stroke,3500000.0,USD,300.0,2021-08-05,2021-08-08,America/Los_Angeles,The Golf Channel,630000.0,full,closed,stableford,"[{'id': '2d6bebeb-a384-463c-9baf-c2064340acfd', 'year': 2021, 'tour': {'id': 'b52068af-28e4-4e91-bdbb-037591b0ff84', 'alias': 'pga', 'name': 'PGA Tour'}}]","{'position': 34, 'tied': True, 'money': 18235.0, 'points': 0.0, 'stableford_points': 27, 'score': -8, 'strokes': 276, 'rounds': [{'score': -3, 'strokes': 68, 'thru': 18, 'stableford_points': 10, 'eagles': 0, 'birdies': 7, 'pars': 7, 'bogeys': 4, 'double_bogeys': 0, 'other_scores': 0, 'holes_in_one': 0, 'sequence': 1}, {'score': -3, 'strokes': 68, 'thru': 18, 'stableford_points': 7, 'eagles': 0, 'birdies': 4, 'pars': 13, 'bogeys': 1, 'double_bogeys': 0, 'other_scores': 0, 'holes_in_one': 0, 'sequence': 2}, {'score': 1, 'strokes': 72, 'thru': 18, 'stableford_points': 2, 'eagles': 0, 'birdies': 3, 'pars': 11, 'bogeys': 4, 'double_bogeys': 0, 'other_scores': 0, 'holes_in_one': 0, 'sequence': 3}, {'score': -3, 'strokes': 68, 'thru': 18, 'stableford_points': 8, 'eagles': 0, 'birdies': 5, 'pars': 11, 'bogeys': 2, 'double_bogeys': 0, 'other_scores': 0, 'holes_in_one': 0, 'sequence': 4}]}",10.0,9.0,2.0
c8e3c08b-97b5-4997-8d10-703c17a89dcf,Pinnacle Bank Championship,stroke,750000.0,USD,,2021-08-12,2021-08-15,America/Chicago,,,full,closed,stroke,"[{'id': 'b3d51450-0493-411d-89b3-25b6c217c67e', 'year': 2021, 'tour': {'id': '6ccf9f48-82ca-41d7-a649-99393a2aa0b1', 'alias': 'PGAD', 'name': 'Korn Ferry Tour'}}]","{'position': 66, 'tied': True, 'score': -1, 'strokes': 141, 'status': 'CUT', 'rounds': [{'score': 1, 'strokes': 72, 'thru': 18, 'eagles': 0, 'birdies': 2, 'pars': 13, 'bogeys': 3, 'double_bogeys': 0, 'other_scores': 0, 'holes_in_one': 0, 'sequence': 1}, {'score': -2, 'strokes': 69, 'thru': 18, 'eagles': 0, 'birdies': 4, 'pars': 12, 'bogeys': 2, 'double_bogeys': 0, 'other_scores': 0, 'holes_in_one': 0, 'sequence': 2}]}",-2.0,,2.0
5a5e268f-53e2-4321-b52e-e8e150eeeed7,Albertsons Boise Open,stroke,1000000.0,USD,,2021-08-19,2021-08-22,America/Boise,,,full,closed,stroke,"[{'id': 'b3d51450-0493-411d-89b3-25b6c217c67e', 'year': 2021, 'tour': {'id': '6ccf9f48-82ca-41d7-a649-99393a2aa0b1', 'alias': 'PGAD', 'name': 'Korn Ferry Tour'}}]","{'position': 91, 'tied': True, 'score': -1, 'strokes': 141, 'status': 'CUT', 'rounds': [{'score': -3, 'strokes': 68, 'thru': 18, 'eagles': 0, 'birdies': 6, 'pars': 9, 'bogeys': 3, 'double_bogeys': 0, 'other_scores': 0, 'holes_in_one': 0, 'sequence': 1}, {'score': 2, 'strokes': 73, 'thru': 18, 'eagles': 0, 'birdies': 3, 'pars': 11, 'bogeys': 3, 'double_bogeys': 1, 'other_scores': 0, 'holes_in_one': 0, 'sequence': 2}]}",-3.0,,2.0
5912f383-07ec-4f84-8f39-c0c4690e418e,Nationwide Children's Hospital Championship,stroke,1000000.0,USD,,2021-08-26,2021-08-29,America/New_York,,,full,closed,stroke,"[{'id': 'b3d51450-0493-411d-89b3-25b6c217c67e', 'year': 2021, 'tour': {'id': '6ccf9f48-82ca-41d7-a649-99393a2aa0b1', 'alias': 'PGAD', 'name': 'Korn Ferry Tour'}}]","{'position': 4, 'tied': True, 'money': 34417.0, 'points': 0.0, 'score': -14, 'strokes': 270, 'rounds': [{'score': -4, 'strokes': 67, 'thru': 18, 'eagles': 0, 'birdies': 7, 'pars': 8, 'bogeys': 3, 'double_bogeys': 0, 'other_scores': 0, 'holes_in_one': 0, 'sequence': 1}, {'score': 0, 'strokes': 71, 'thru': 18, 'eagles': 0, 'birdies': 3, 'pars': 12, 'bogeys': 3, 'double_bogeys': 0, 'other_scores': 0, 'holes_in_one': 0, 'sequence': 2}, {'score': -5, 'strokes': 66, 'thru': 18, 'eagles': 0, 'birdies': 7, 'pars': 9, 'bogeys': 2, 'double_bogeys': 0, 'other_scores': 0, 'holes_in_one': 0, 'sequence': 3}, {'score': -5, 'strokes': 66, 'thru': 18, 'eagles': 0, 'birdies': 8, 'pars': 7, 'bogeys': 3, 'double_bogeys': 0, 'other_scores': 0, 'holes_in_one': 0, 'sequence': 4}]}",-3.0,,2.0
df1b3ef8-a13a-472d-a8a8-d8696e29814d,Korn Ferry Tour Championship,stroke,1000000.0,USD,,2021-09-02,2021-09-05,America/Chicago,,,full,closed,stroke,"[{'id': 'b3d51450-0493-411d-89b3-25b6c217c67e', 'year': 2021, 'tour': {'id': '6ccf9f48-82ca-41d7-a649-99393a2aa0b1', 'alias': 'PGAD', 'name': 'Korn Ferry Tour'}}]","{'position': 6, 'tied': False, 'money': 34500.0, 'points': 0.0, 'score': -13, 'strokes': 275, 'rounds': [{'score': -3, 'strokes': 69, 'thru': 18, 'eagles': 0, 'birdies': 4, 'pars': 13, 'bogeys': 1, 'double_bogeys': 0, 'other_scores': 0, 'holes_in_one': 0, 'sequence': 1}, {'score': -1, 'strokes': 71, 'thru': 18, 'eagles': 0, 'birdies': 5, 'pars': 10, 'bogeys': 2, 'double_bogeys': 1, 'other_scores': 0, 'holes_in_one': 0, 'sequence': 2}, {'score': -4, 'strokes': 68, 'thru': 18, 'eagles': 0, 'birdies': 5, 'pars': 12, 'bogeys': 1, 'double_bogeys': 0, 'other_scores': 0, 'holes_in_one': 0, 'sequence': 3}, {'score': -5, 'strokes': 67, 'thru': 18, 'eagles': 0, 'birdies': 8, 'pars': 8, 'bogeys': 1, 'double_bogeys': 1, 'other_scores': 0, 'holes_in_one': 0, 'sequence': 4}]}",0.0,,2.0
e45317f1-7d56-46a2-b36b-15a9ffce7812,Fortinet Championship,stroke,7000000.0,USD,500.0,2021-09-16,2021-09-19,America/Los_Angeles,The Golf Channel,,full,closed,stroke,"[{'id': '133720bb-8653-4d8e-9f49-b9f4fe41a161', 'year': 2022, 'tour': {'id': 'b52068af-28e4-4e91-bdbb-037591b0ff84', 'alias': 'pga', 'name': 'PGA Tour'}}]","{'position': 47, 'tied': True, 'money': 19180.0, 'points': 9.0, 'score': -5, 'strokes': 283, 'rounds': [{'score': -3, 'strokes': 69, 'thru': 18, 'eagles': 0, 'birdies': 4, 'pars': 13, 'bogeys': 1, 'double_bogeys': 0, 'other_scores': 0, 'holes_in_one': 0, 'sequence': 1}, {'score': -2, 'strokes': 70, 'thru': 18, 'eagles': 0, 'birdies': 3, 'pars': 14, 'bogeys': 1, 'double_bogeys': 0, 'other_scores': 0, 'holes_in_one': 0, 'sequence': 2}, {'score': -3, 'strokes': 69, 'thru': 18, 'eagles': 0, 'birdies': 3, 'pars': 15, 'bogeys': 0, 'double_bogeys': 0, 'other_scores': 0, 'holes_in_one': 0, 'sequence': 3}, {'score': 3, 'strokes': 75, 'thru': 18, 'eagles': 0, 'birdies': 1, 'pars': 14, 'bogeys': 2, 'double_bogeys': 1, 'other_scores': 0, 'holes_in_one': 0, 'sequence': 4}]}",-3.0,-3.0,2.0
e2a6fa8e-64fe-442d-9214-f7dc3a837d5e,Sanderson Farms Championship,stroke,7000000.0,USD,500.0,2021-09-30,2021-10-03,America/Chicago,The Golf Channel,1260000.0,full,closed,stroke,"[{'id': '133720bb-8653-4d8e-9f49-b9f4fe41a161', 'year': 2022, 'tour': {'id': 'b52068af-28e4-4e91-bdbb-037591b0ff84', 'alias': 'pga', 'name': 'PGA Tour'}}]","{'position': 8, 'tied': True, 'money': 204750.0, 'points': 80.0, 'score': -19, 'strokes': 269, 'rounds': [{'score': -8, 'strokes': 64, 'thru': 18, 'eagles': 0, 'birdies': 8, 'pars': 10, 'bogeys': 0, 'double_bogeys': 0, 'other_scores': 0, 'holes_in_one': 0, 'sequence': 1}, {'score': -5, 'strokes': 67, 'thru': 18, 'eagles': 1, 'birdies': 4, 'pars': 12, 'bogeys': 1, 'double_bogeys': 0, 'other_scores': 0, 'holes_in_one': 0, 'sequence': 2}, {'score': -5, 'strokes': 67, 'thru': 18, 'eagles': 0, 'birdies': 5, 'pars': 13, 'bogeys': 0, 'double_bogeys': 0, 'other_scores': 0, 'holes_in_one': 0, 'sequence': 3}, {'score': -1, 'strokes': 71, 'thru': 18, 'eagles': 0, 'birdies': 4, 'pars': 11, 'bogeys': 3, 'double_bogeys': 0, 'other_scores': 0, 'holes_in_one': 0, 'sequence': 4}]}",-5.0,-5.0,2.0
28af1e61-fbd8-484b-9203-3dfcab71b336,Shriners Children's Open,stroke,7000000.0,USD,500.0,2021-10-07,2021-10-10,America/Los_Angeles,The Golf Channel,1260000.0,full,closed,stroke,"[{'id': '133720bb-8653-4d8e-9f49-b9f4fe41a161', 'year': 2022, 'tour': {'id': 'b52068af-28e4-4e91-bdbb-037591b0ff84', 'alias': 'pga', 'name': 'PGA Tour'}}]","{'position': 73, 'tied': True, 'score': -4, 'strokes': 138, 'status': 'CUT', 'rounds': [{'score': -1, 'strokes': 70, 'thru': 18, 'eagles': 0, 'birdies': 4, 'pars': 11, 'bogeys': 3, 'double_bogeys': 0, 'other_scores': 0, 'holes_in_one': 0, 'sequence': 1}, {'score': -3, 'strokes': 68, 'thru': 18, 'eagles': 0, 'birdies': 4, 'pars': 13, 'bogeys': 1, 'double_bogeys': 0, 'other_scores': 0, 'holes_in_one': 0, 'sequence': 2}]}",-5.0,-5.0,2.0
91cf5556-9c9f-4854-9fb5-b46c977919cc,Butterfield Bermuda Championship,stroke,6500000.0,USD,500.0,2021-10-28,2021-10-31,America/Nassau,The Golf Channel,1170000.0,full,closed,stroke,"[{'id': '133720bb-8653-4d8e-9f49-b9f4fe41a161', 'year': 2022, 'tour': {'id': 'b52068af-28e4-4e91-bdbb-037591b0ff84', 'alias': 'pga', 'name': 'PGA Tour'}}]","{'position': 74, 'tied': False, 'money': 12935.0, 'points': 3.0, 'score': 8, 'strokes': 292, 'rounds': [{'score': 3, 'strokes': 74, 'thru': 18, 'eagles': 0, 'birdies': 1, 'pars': 13, 'bogeys': 4, 'double_bogeys': 0, 'other_scores': 0, 'holes_in_one': 0, 'sequence': 1}, {'score': -5, 'strokes': 66, 'thru': 18, 'eagles': 0, 'birdies': 7, 'pars': 9, 'bogeys': 2, 'double_bogeys': 0, 'other_scores': 0, 'holes_in_one': 0, 'sequence': 2}, {'score': 1, 'strokes': 72, 'thru': 18, 'eagles': 0, 'birdies': 2, 'pars': 14, 'bogeys': 1, 'double_bogeys': 1, 'other_scores': 0, 'holes_in_one': 0, 'sequence': 3}, {'score': 9, 'strokes': 80, 'thru': 18, 'eagles': 0, 'birdies': 1, 'pars': 14, 'bogeys': 1, 'double_bogeys': 0, 'other_scores': 2, 'holes_in_one': 0, 'sequence': 4}]}",0.0,0.0,2.0
5b20cde6-915b-486c-b8b6-e8fa53ad3835,Houston Open,stroke,7500000.0,USD,500.0,2021-11-11,2021-11-14,America/Chicago,The Golf Channel,1350000.0,full,closed,stroke,"[{'id': '133720bb-8653-4d8e-9f49-b9f4fe41a161', 'year': 2022, 'tour': {'id': 'b52068af-28e4-4e91-bdbb-037591b0ff84', 'alias': 'pga', 'name': 'PGA Tour'}}]","{'position': 61, 'tied': True, 'money': 16575.0, 'points': 5.0, 'score': 7, 'strokes': 287, 'rounds': [{'score': 0, 'strokes': 70, 'thru': 18, 'eagles': 0, 'birdies': 4, 'pars': 11, 'bogeys': 2, 'double_bogeys': 1, 'other_scores': 0, 'holes_in_one': 0, 'sequence': 1}, {'score': 1, 'strokes': 71, 'thru': 18, 'eagles': 0, 'birdies': 1, 'pars': 15, 'bogeys': 2, 'double_bogeys': 0, 'other_scores': 0, 'holes_in_one': 0, 'sequence': 2}, {'score': 0, 'strokes': 70, 'thru': 18, 'eagles': 0, 'birdies': 5, 'pars': 8, 'bogeys': 5, 'double_bogeys': 0, 'other_scores': 0, 'holes_in_one': 0, 'sequence': 3}, {'score': 6, 'strokes': 76, 'thru': 18, 'eagles': 0, 'birdies': 1, 'pars': 11, 'bogeys': 5, 'double_bogeys': 1, 'other_scores': 0, 'holes_in_one': 0, 'sequence': 4}]}",1.0,1.0,2.0
91c1dfd8-de1c-4fc5-8c01-444196e2d77d,The RSM Classic,stroke,7200000.0,USD,500.0,2021-11-18,2021-11-21,America/New_York,The Golf Channel,1296000.0,full,closed,stroke,"[{'id': '133720bb-8653-4d8e-9f49-b9f4fe41a161', 'year': 2022, 'tour': {'id': 'b52068af-28e4-4e91-bdbb-037591b0ff84', 'alias': 'pga', 'name': 'PGA Tour'}}]","{'position': 95, 'tied': True, 'score': -1, 'strokes': 141, 'status': 'CUT', 'rounds': [{'score': -2, 'strokes': 70, 'thru': 18, 'eagles': 0, 'birdies': 3, 'pars': 14, 'bogeys': 1, 'double_bogeys': 0, 'other_scores': 0, 'holes_in_one': 0, 'sequence': 1}, {'score': 1, 'strokes': 71, 'thru': 18, 'eagles': 0, 'birdies': 3, 'pars': 12, 'bogeys': 2, 'double_bogeys': 1, 'other_scores': 0, 'holes_in_one': 0, 'sequence': 2}]}",-4.0,-4.0,2.0
01fcec41-a01a-4112-812f-330306255c4a,Sony Open in Hawaii,stroke,7500000.0,USD,500.0,2022-01-13,2022-01-16,Pacific/Honolulu,The Golf Channel,1350000.0,full,closed,stroke,"[{'id': '133720bb-8653-4d8e-9f49-b9f4fe41a161', 'year': 2022, 'tour': {'id': 'b52068af-28e4-4e91-bdbb-037591b0ff84', 'alias': 'pga', 'name': 'PGA Tour'}}]","{'position': 48, 'tied': True, 'money': 19639.0, 'points': 8.0, 'score': -8, 'strokes': 272, 'rounds': [{'score': -5, 'strokes': 65, 'thru': 18, 'eagles': 0, 'birdies': 5, 'pars': 13, 'bogeys': 0, 'double_bogeys': 0, 'other_scores': 0, 'holes_in_one': 0, 'sequence': 1}, {'score': -1, 'strokes': 69, 'thru': 18, 'eagles': 0, 'birdies': 5, 'pars': 9, 'bogeys': 4, 'double_bogeys': 0, 'other_scores': 0, 'holes_in_one': 0, 'sequence': 2}, {'score': -1, 'strokes': 69, 'thru': 18, 'eagles': 0, 'birdies': 5, 'pars': 10, 'bogeys': 2, 'double_bogeys': 1, 'other_scores': 0, 'holes_in_one': 0, 'sequence': 3}, {'score': -1, 'strokes': 69, 'thru': 18, 'eagles': 1, 'birdies': 1, 'pars': 14, 'bogeys': 2, 'double_bogeys': 0, 'other_scores': 0, 'holes_in_one': 0, 'sequence': 4}]}",-5.0,-5.0,2.0
03027bc8-3d01-4159-a14d-dfb3fb2b1acd,The American Express,stroke,7600000.0,USD,500.0,2022-01-20,2022-01-23,America/Los_Angeles,The Golf Channel,1368000.0,full,closed,stroke,"[{'id': '133720bb-8653-4d8e-9f49-b9f4fe41a161', 'year': 2022, 'tour': {'id': 'b52068af-28e4-4e91-bdbb-037591b0ff84', 'alias': 'pga', 'name': 'PGA Tour'}}]","{'position': 33, 'tied': True, 'money': 39683.0, 'points': 20.0, 'score': -11, 'strokes': 277, 'rounds': [{'score': 0, 'strokes': 72, 'thru': 18, 'eagles': 0, 'birdies': 3, 'pars': 12, 'bogeys': 3, 'double_bogeys': 0, 'other_scores': 0, 'holes_in_one': 0, 'sequence': 1}, {'score': -10, 'strokes': 62, 'thru': 18, 'eagles': 1, 'birdies': 8, 'pars': 9, 'bogeys': 0, 'double_bogeys': 0, 'other_scores': 0, 'holes_in_one': 0, 'sequence': 2}, {'score': -4, 'strokes': 68, 'thru': 18, 'eagles': 0, 'birdies': 5, 'pars': 12, 'bogeys': 1, 'double_bogeys': 0, 'other_scores': 0, 'holes_in_one': 0, 'sequence': 3}, {'score': 3, 'strokes': 75, 'thru': 18, 'eagles': 0, 'birdies': 1, 'pars': 14, 'bogeys': 2, 'double_bogeys': 1, 'other_scores': 0, 'holes_in_one': 0, 'sequence': 4}]}",-7.0,-7.0,3.0
7c9025a0-021c-4bf6-8375-c1c3639e2862,Farmers Insurance Open,stroke,8400000.0,USD,500.0,2022-01-26,2022-01-29,America/Los_Angeles,"The Golf Channel, CBS",1512000.0,full,closed,stroke,"[{'id': '133720bb-8653-4d8e-9f49-b9f4fe41a161', 'year': 2022, 'tour': {'id': 'b52068af-28e4-4e91-bdbb-037591b0ff84', 'alias': 'pga', 'name': 'PGA Tour'}}]","{'position': 25, 'tied': True, 'money': 65940.0, 'points': 33.0, 'score': -9, 'strokes': 279, 'rounds': [{'score': -5, 'strokes': 67, 'thru': 18, 'eagles': 1, 'birdies': 4, 'pars': 12, 'bogeys': 1, 'double_bogeys': 0, 'other_scores': 0, 'holes_in_one': 0, 'sequence': 1}, {'score': -4, 'strokes': 68, 'thru': 18, 'eagles': 0, 'birdies': 5, 'pars': 12, 'bogeys': 1, 'double_bogeys': 0, 'other_scores': 0, 'holes_in_one': 0, 'sequence': 2}, {'score': 1, 'strokes': 73, 'thru': 18, 'eagles': 1, 'birdies': 2, 'pars': 10, 'bogeys': 5, 'double_bogeys': 0, 'other_scores': 0, 'holes_in_one': 0, 'sequence': 3}, {'score': -1, 'strokes': 71, 'thru': 18, 'eagles': 0, 'birdies': 4, 'pars': 11, 'bogeys': 3, 'double_bogeys': 0, 'other_scores': 0, 'holes_in_one': 0, 'sequence': 4}]}",-3.0,-3.0,2.0
ff676a42-ed4f-4937-8eaa-3b5de660e9fa,AT&T Pebble Beach Pro-Am,stroke,8700000.0,USD,500.0,2022-02-03,2022-02-06,America/Los_Angeles,"The Golf Channel, CBS",1566000.0,full,closed,stroke,"[{'id': '133720bb-8653-4d8e-9f49-b9f4fe41a161', 'year': 2022, 'tour': {'id': 'b52068af-28e4-4e91-bdbb-037591b0ff84', 'alias': 'pga', 'name': 'PGA Tour'}}]","{'position': 64, 'tied': True, 'money': 17661.0, 'points': 3.0, 'score': -4, 'strokes': 211, 'status': 'MDF', 'rounds': [{'score': -2, 'strokes': 69, 'thru': 18, 'eagles': 0, 'birdies': 2, 'pars': 16, 'bogeys': 0, 'double_bogeys': 0, 'other_scores': 0, 'holes_in_one': 0, 'sequence': 1}, {'score': -4, 'strokes': 68, 'thru': 18, 'eagles': 0, 'birdies': 5, 'pars': 12, 'bogeys': 1, 'double_bogeys': 0, 'other_scores': 0, 'holes_in_one': 0, 'sequence': 2}, {'score': 2, 'strokes': 74, 'thru': 18, 'eagles': 0, 'birdies': 2, 'pars': 12, 'bogeys': 4, 'double_bogeys': 0, 'other_scores': 0, 'holes_in_one': 0, 'sequence': 3}]}",-4.0,-4.0,3.0
2cb222b0-dc8f-4746-a133-a26b32b8d394,Waste Management Phoenix Open,stroke,8200000.0,USD,500.0,2022-02-10,2022-02-13,America/Phoenix,"The Golf Channel, NBC",1476000.0,full,closed,stroke,"[{'id': '133720bb-8653-4d8e-9f49-b9f4fe41a161', 'year': 2022, 'tour': {'id': 'b52068af-28e4-4e91-bdbb-037591b0ff84', 'alias': 'pga', 'name': 'PGA Tour'}}]","{'position': 3, 'tied': True, 'money': 434600.0, 'points': 145.0, 'score': -15, 'strokes': 269, 'rounds': [{'score': -5, 'strokes': 66, 'thru': 18, 'eagles': 0, 'birdies': 7, 'pars': 9, 'bogeys': 2, 'double_bogeys': 0, 'other_scores': 0, 'holes_in_one': 0, 'sequence': 1}, {'score': -7, 'strokes': 64, 'thru': 18, 'eagles': 0, 'birdies': 8, 'pars': 9, 'bogeys': 1, 'double_bogeys': 0, 'other_scores': 0, 'holes_in_one': 0, 'sequence': 2}, {'score': -2, 'strokes': 69, 'thru': 18, 'eagles': 0, 'birdies': 5, 'pars': 11, 'bogeys': 1, 'double_bogeys': 1, 'other_scores': 0, 'holes_in_one': 0, 'sequence': 3}, {'score': -1, 'strokes': 70, 'thru': 18, 'eagles': 0, 'birdies': 4, 'pars': 11, 'bogeys': 3, 'double_bogeys': 0, 'other_scores': 0, 'holes_in_one': 0, 'sequence': 4}]}",-2.0,-2.0,2.0
0ac3efed-6933-4158-b68b-2e56c4098367,The Genesis Invitational,stroke,12000000.0,USD,550.0,2022-02-17,2022-02-20,America/Los_Angeles,"The Golf Channel, CBS",2160000.0,full,closed,stroke,"[{'id': '133720bb-8653-4d8e-9f49-b9f4fe41a161', 'year': 2022, 'tour': {'id': 'b52068af-28e4-4e91-bdbb-037591b0ff84', 'alias': 'pga', 'name': 'PGA Tour'}}]","{'position': 48, 'tied': True, 'money': 30429.0, 'points': 9.0, 'score': -3, 'strokes': 281, 'rounds': [{'score': -2, 'strokes': 69, 'thru': 18, 'eagles': 0, 'birdies': 5, 'pars': 10, 'bogeys': 3, 'double_bogeys': 0, 'other_scores': 0, 'holes_in_one': 0, 'sequence': 1}, {'score': 1, 'strokes': 72, 'thru': 18, 'eagles': 0, 'birdies': 4, 'pars': 10, 'bogeys': 3, 'double_bogeys': 1, 'other_scores': 0, 'holes_in_one': 0, 'sequence': 2}, {'score': -2, 'strokes': 69, 'thru': 18, 'eagles': 0, 'birdies': 5, 'pars': 10, 'bogeys': 3, 'double_bogeys': 0, 'other_scores': 0, 'holes_in_one': 0, 'sequence': 3}, {'score': 0, 'strokes': 71, 'thru': 18, 'eagles': 1, 'birdies': 2, 'pars': 11, 'bogeys': 4, 'double_bogeys': 0, 'other_scores': 0, 'holes_in_one': 0, 'sequence': 4}]}",0.0,0.0,2.0
5510f8b8-5e56-4050-83d9-92ac2a432e5a,Arnold Palmer Invitational presented by Mastercard,stroke,12000000.0,USD,550.0,2022-03-03,2022-03-06,America/New_York,"The Golf Channel, NBC",2160000.0,full,closed,stroke,"[{'id': '133720bb-8653-4d8e-9f49-b9f4fe41a161', 'year': 2022, 'tour': {'id': 'b52068af-28e4-4e91-bdbb-037591b0ff84', 'alias': 'pga', 'name': 'PGA Tour'}}]","{'position': 103, 'tied': True, 'score': 8, 'strokes': 152, 'status': 'CUT', 'rounds': [{'score': 1, 'strokes': 73, 'thru': 18, 'eagles': 0, 'birdies': 3, 'pars': 11, 'bogeys': 4, 'double_bogeys': 0, 'other_scores': 0, 'holes_in_one': 0, 'sequence': 1}, {'score': 7, 'strokes': 79, 'thru': 18, 'eagles': 0, 'birdies': 3, 'pars': 7, 'bogeys': 6, 'double_bogeys': 2, 'other_scores': 0, 'holes_in_one': 0, 'sequence': 2}]}",3.0,3.0,2.0
5a45a8cc-28b2-40b1-8675-16d736b7f48d,THE PLAYERS Championship,stroke,20000000.0,USD,600.0,2022-03-10,2022-03-14,America/New_York,"The Golf Channel, NBC",3600000.0,full,closed,stroke,"[{'id': '133720bb-8653-4d8e-9f49-b9f4fe41a161', 'year': 2022, 'tour': {'id': 'b52068af-28e4-4e91-bdbb-037591b0ff84', 'alias': 'pga', 'name': 'PGA Tour'}}]","{'position': 125, 'tied': True, 'score': 9, 'strokes': 153, 'status': 'CUT', 'rounds': [{'score': 2, 'strokes': 74, 'thru': 18, 'eagles': 1, 'birdies': 3, 'pars': 9, 'bogeys': 3, 'double_bogeys': 2, 'other_scores': 0, 'holes_in_one': 0, 'sequence': 1}, {'score': 7, 'strokes': 79, 'thru': 18, 'eagles': 0, 'birdies': 2, 'pars': 7, 'bogeys': 9, 'double_bogeys': 0, 'other_scores': 0, 'holes_in_one': 0, 'sequence': 2}]}",2.0,2.0,2.0
d69b148c-d2d9-4cbf-aa71-7ffa4a02c479,Valspar Championship,stroke,7800000.0,USD,500.0,2022-03-17,2022-03-20,America/New_York,"The Golf Channel, CBS",1404000.0,full,closed,stroke,"[{'id': '133720bb-8653-4d8e-9f49-b9f4fe41a161', 'year': 2022, 'tour': {'id': 'b52068af-28e4-4e91-bdbb-037591b0ff84', 'alias': 'pga', 'name': 'PGA Tour'}}]","{'position': 7, 'tied': True, 'money': 228930.0, 'points': 80.0, 'score': -12, 'strokes': 272, 'rounds': [{'score': -4, 'strokes': 67, 'thru': 18, 'eagles': 0, 'birdies': 5, 'pars': 12, 'bogeys': 1, 'double_bogeys': 0, 'other_scores': 0, 'holes_in_one': 0, 'sequence': 1}, {'score': 0, 'strokes': 71, 'thru': 18, 'eagles': 0, 'birdies': 3, 'pars': 12, 'bogeys': 3, 'double_bogeys': 0, 'other_scores': 0, 'holes_in_one': 0, 'sequence': 2}, {'score': -4, 'strokes': 67, 'thru': 18, 'eagles': 0, 'birdies': 5, 'pars': 12, 'bogeys': 1, 'double_bogeys': 0, 'other_scores': 0, 'holes_in_one': 0, 'sequence': 3}, {'score': -4, 'strokes': 67, 'thru': 18, 'eagles': 1, 'birdies': 4, 'pars': 11, 'bogeys': 2, 'double_bogeys': 0, 'other_scores': 0, 'holes_in_one': 0, 'sequence': 4}]}",-3.0,-3.0,2.0
eb000485-dfaf-4c6b-a131-e7e17f56062a,Corales Puntacana Championship,stroke,3700000.0,USD,300.0,2022-03-24,2022-03-27,America/Santo_Domingo,The Golf Channel,666000.0,full,closed,stroke,"[{'id': '133720bb-8653-4d8e-9f49-b9f4fe41a161', 'year': 2022, 'tour': {'id': 'b52068af-28e4-4e91-bdbb-037591b0ff84', 'alias': 'pga', 'name': 'PGA Tour'}}]","{'position': 22, 'tied': True, 'money': 38665.0, 'points': 24.0, 'score': -9, 'strokes': 279, 'rounds': [{'score': -1, 'strokes': 71, 'thru': 18, 'eagles': 0, 'birdies': 4, 'pars': 11, 'bogeys': 3, 'double_bogeys': 0, 'other_scores': 0, 'holes_in_one': 0, 'sequence': 1}, {'score': -4, 'strokes': 68, 'thru': 18, 'eagles': 0, 'birdies': 4, 'pars': 14, 'bogeys': 0, 'double_bogeys': 0, 'other_scores': 0, 'holes_in_one': 0, 'sequence': 2}, {'score': -1, 'strokes': 71, 'thru': 18, 'eagles': 0, 'birdies': 6, 'pars': 7, 'bogeys': 5, 'double_bogeys': 0, 'other_scores': 0, 'holes_in_one': 0, 'sequence': 3}, {'score': -3, 'strokes': 69, 'thru': 18, 'eagles': 0, 'birdies': 6, 'pars': 9, 'bogeys': 3, 'double_bogeys': 0, 'other_scores': 0, 'holes_in_one': 0, 'sequence': 4}]}",-1.0,-1.0,2.0
75e1f4f4-54c4-4ae2-b5d8-d8980a91370c,Valero Texas Open,stroke,8600000.0,USD,500.0,2022-03-31,2022-04-03,America/Chicago,"The Golf Channel, NBC",1548000.0,full,closed,stroke,"[{'id': '133720bb-8653-4d8e-9f49-b9f4fe41a161', 'year': 2022, 'tour': {'id': 'b52068af-28e4-4e91-bdbb-037591b0ff84', 'alias': 'pga', 'name': 'PGA Tour'}}]","{'position': 67, 'tied': True, 'money': 18060.0, 'points': 4.0, 'score': 2, 'strokes': 290, 'rounds': [{'score': 5, 'strokes': 77, 'thru': 18, 'eagles': 0, 'birdies': 2, 'pars': 10, 'bogeys': 5, 'double_bogeys': 1, 'other_scores': 0, 'holes_in_one': 0, 'sequence': 1}, {'score': -6, 'strokes': 66, 'thru': 18, 'eagles': 1, 'birdies': 4, 'pars': 13, 'bogeys': 0, 'double_bogeys': 0, 'other_scores': 0, 'holes_in_one': 0, 'sequence': 2}, {'score': -1, 'strokes': 71, 'thru': 18, 'eagles': 0, 'birdies': 3, 'pars': 13, 'bogeys': 2, 'double_bogeys': 0, 'other_scores': 0, 'holes_in_one': 0, 'sequence': 3}, {'score': 4, 'strokes': 76, 'thru': 18, 'eagles': 0, 'birdies': 3, 'pars': 10, 'bogeys': 3, 'double_bogeys': 2, 'other_scores': 0, 'holes_in_one': 0, 'sequence': 4}]}",-1.0,-1.0,2.0
ce8005c3-78ec-4f14-a9a6-032940490ea4,RBC Heritage,stroke,8000000.0,USD,500.0,2022-04-14,2022-04-17,America/New_York,"The Golf Channel, CBS",,full,closed,stroke,"[{'id': '133720bb-8653-4d8e-9f49-b9f4fe41a161', 'year': 2022, 'tour': {'id': 'b52068af-28e4-4e91-bdbb-037591b0ff84', 'alias': 'pga', 'name': 'PGA Tour'}}]","{'position': 70, 'tied': True, 'money': 16320.0, 'points': 3.0, 'score': 6, 'strokes': 290, 'rounds': [{'score': 0, 'strokes': 71, 'thru': 18, 'eagles': 0, 'birdies': 2, 'pars': 14, 'bogeys': 2, 'double_bogeys': 0, 'other_scores': 0, 'holes_in_one': 0, 'sequence': 1}, {'score': -1, 'strokes': 70, 'thru': 18, 'eagles': 0, 'birdies': 5, 'pars': 9, 'bogeys': 4, 'double_bogeys': 0, 'other_scores': 0, 'holes_in_one': 0, 'sequence': 2}, {'score': -1, 'strokes': 70, 'thru': 18, 'eagles': 0, 'birdies': 4, 'pars': 11, 'bogeys': 3, 'double_bogeys': 0, 'other_scores': 0, 'holes_in_one': 0, 'sequence': 3}, {'score': 8, 'strokes': 79, 'thru': 18, 'eagles': 0, 'birdies': 1, 'pars': 10, 'bogeys': 5, 'double_bogeys': 2, 'other_scores': 0, 'holes_in_one': 0, 'sequence': 4}]}",0.0,0.0,2.0
23d21333-a33e-4094-8b27-3810039d68b0,Mexico Open at Vidanta,stroke,7300000.0,USD,500.0,2022-04-28,2022-05-01,America/Chicago,The Golf Channel,1314000.0,full,closed,stroke,"[{'id': '133720bb-8653-4d8e-9f49-b9f4fe41a161', 'year': 2022, 'tour': {'id': 'b52068af-28e4-4e91-bdbb-037591b0ff84', 'alias': 'pga', 'name': 'PGA Tour'}}]","{'position': 24, 'tied': True, 'money': 60955.0, 'points': 34.0, 'score': -9, 'strokes': 275, 'rounds': [{'score': -6, 'strokes': 65, 'thru': 18, 'eagles': 0, 'birdies': 7, 'pars': 10, 'bogeys': 1, 'double_bogeys': 0, 'other_scores': 0, 'holes_in_one': 0, 'sequence': 1}, {'score': 2, 'strokes': 73, 'thru': 18, 'eagles': 0, 'birdies': 3, 'pars': 11, 'bogeys': 3, 'double_bogeys': 1, 'other_scores': 0, 'holes_in_one': 0, 'sequence': 2}, {'score': -2, 'strokes': 69, 'thru': 18, 'eagles': 0, 'birdies': 3, 'pars': 14, 'bogeys': 1, 'double_bogeys': 0, 'other_scores': 0, 'holes_in_one': 0, 'sequence': 3}, {'score': -3, 'strokes': 68, 'thru': 18, 'eagles': 0, 'birdies': 4, 'pars': 13, 'bogeys': 1, 'double_bogeys': 0, 'other_scores': 0, 'holes_in_one': 0, 'sequence': 4}]}",-2.0,-2.0,2.0
94836c95-51bb-4e73-816b-f360cb64d221,AT&T Byron Nelson,stroke,9100000.0,USD,500.0,2022-05-12,2022-05-15,America/Chicago,"The Golf Channel, CBS",,full,closed,stroke,"[{'id': '133720bb-8653-4d8e-9f49-b9f4fe41a161', 'year': 2022, 'tour': {'id': 'b52068af-28e4-4e91-bdbb-037591b0ff84', 'alias': 'pga', 'name': 'PGA Tour'}}]","{'position': 79, 'tied': True, 'money': 16926.0, 'points': 2.0, 'score': -7, 'strokes': 281, 'rounds': [{'score': 0, 'strokes': 72, 'thru': 18, 'eagles': 0, 'birdies': 5, 'pars': 8, 'bogeys': 5, 'double_bogeys': 0, 'other_scores': 0, 'holes_in_one': 0, 'sequence': 1}, {'score': -5, 'strokes': 67, 'thru': 18, 'eagles': 0, 'birdies': 6, 'pars': 11, 'bogeys': 1, 'double_bogeys': 0, 'other_scores': 0, 'holes_in_one': 0, 'sequence': 2}, {'score': -2, 'strokes': 70, 'thru': 18, 'eagles': 0, 'birdies': 4, 'pars': 12, 'bogeys': 2, 'double_bogeys': 0, 'other_scores': 0, 'holes_in_one': 0, 'sequence': 3}, {'score': 0, 'strokes': 72, 'thru': 18, 'eagles': 0, 'birdies': 4, 'pars': 10, 'bogeys': 4, 'double_bogeys': 0, 'other_scores': 0, 'holes_in_one': 0, 'sequence': 4}]}",-5.0,-5.0,2.0
4fd5a8b9-3a56-4d8f-944f-d4c614b2f9e1,Charles Schwab Challenge,stroke,8400000.0,USD,500.0,2022-05-26,2022-05-29,America/Chicago,"The Golf Channel, CBS",1512000.0,full,closed,stroke,"[{'id': '133720bb-8653-4d8e-9f49-b9f4fe41a161', 'year': 2022, 'tour': {'id': 'b52068af-28e4-4e91-bdbb-037591b0ff84', 'alias': 'pga', 'name': 'PGA Tour'}}]","{'position': 57, 'tied': True, 'money': 18984.0, 'points': 5.0, 'score': 5, 'strokes': 285, 'rounds': [{'score': 0, 'strokes': 70, 'thru': 18, 'eagles': 0, 'birdies': 4, 'pars': 10, 'bogeys': 4, 'double_bogeys': 0, 'other_scores': 0, 'holes_in_one': 0, 'sequence': 1}, {'score': -1, 'strokes': 69, 'thru': 18, 'eagles': 1, 'birdies': 2, 'pars': 12, 'bogeys': 3, 'double_bogeys': 0, 'other_scores': 0, 'holes_in_one': 0, 'sequence': 2}, {'score': -3, 'strokes': 67, 'thru': 18, 'eagles': 0, 'birdies': 4, 'pars': 13, 'bogeys': 1, 'double_bogeys': 0, 'other_scores': 0, 'holes_in_one': 0, 'sequence': 3}, {'score': 9, 'strokes': 79, 'thru': 18, 'eagles': 0, 'birdies': 1, 'pars': 7, 'bogeys': 10, 'double_bogeys': 0, 'other_scores': 0, 'holes_in_one': 0, 'sequence': 4}]}",1.0,1.0,2.0
62ba1a0c-5aee-4ce5-ba50-56920c19b68a,the Memorial Tournament presented by Workday,stroke,12000000.0,USD,550.0,2022-06-02,2022-06-05,America/New_York,"The Golf Channel, CBS",,full,closed,stroke,"[{'id': '133720bb-8653-4d8e-9f49-b9f4fe41a161', 'year': 2022, 'tour': {'id': 'b52068af-28e4-4e91-bdbb-037591b0ff84', 'alias': 'pga', 'name': 'PGA Tour'}}]","{'position': 5, 'tied': True, 'money': 411600.0, 'points': 97.0, 'score': -6, 'strokes': 282, 'rounds': [{'score': -4, 'strokes': 68, 'thru': 18, 'eagles': 1, 'birdies': 5, 'pars': 9, 'bogeys': 3, 'double_bogeys': 0, 'other_scores': 0, 'holes_in_one': 0, 'sequence': 1}, {'score': 3, 'strokes': 75, 'thru': 18, 'eagles': 0, 'birdies': 1, 'pars': 13, 'bogeys': 4, 'double_bogeys': 0, 'other_scores': 0, 'holes_in_one': 0, 'sequence': 2}, {'score': -4, 'strokes': 68, 'thru': 18, 'eagles': 0, 'birdies': 5, 'pars': 12, 'bogeys': 1, 'double_bogeys': 0, 'other_scores': 0, 'holes_in_one': 0, 'sequence': 3}, {'score': -1, 'strokes': 71, 'thru': 18, 'eagles': 0, 'birdies': 3, 'pars': 13, 'bogeys': 2, 'double_bogeys': 0, 'other_scores': 0, 'holes_in_one': 0, 'sequence': 4}]}",2.0,2.0,2.0
df2161ab-bbcf-484d-904a-a004950558e3,RBC Canadian Open,stroke,8700000.0,USD,500.0,2022-06-09,2022-06-12,America/Toronto,"The Golf Channel, CBS",,full,closed,stroke,"[{'id': '133720bb-8653-4d8e-9f49-b9f4fe41a161', 'year': 2022, 'tour': {'id': 'b52068af-28e4-4e91-bdbb-037591b0ff84', 'alias': 'pga', 'name': 'PGA Tour'}}]","{'position': 53, 'tied': True, 'money': 20387.0, 'points': 6.0, 'score': 1, 'strokes': 281, 'rounds': [{'score': 1, 'strokes': 71, 'thru': 18, 'eagles': 0, 'birdies': 1, 'pars': 15, 'bogeys': 2, 'double_bogeys': 0, 'other_scores': 0, 'holes_in_one': 0, 'sequence': 1}, {'score': 0, 'strokes': 70, 'thru': 18, 'eagles': 0, 'birdies': 2, 'pars': 14, 'bogeys': 2, 'double_bogeys': 0, 'other_scores': 0, 'holes_in_one': 0, 'sequence': 2}, {'score': -3, 'strokes': 67, 'thru': 18, 'eagles': 0, 'birdies': 5, 'pars': 11, 'bogeys': 2, 'double_bogeys': 0, 'other_scores': 0, 'holes_in_one': 0, 'sequence': 3}, {'score': 3, 'strokes': 73, 'thru': 18, 'eagles': 0, 'birdies': 0, 'pars': 15, 'bogeys': 3, 'double_bogeys': 0, 'other_scores': 0, 'holes_in_one': 0, 'sequence': 4}]}",1.0,1.0,2.0
deff7db3-5f77-4486-bd55-1f894cf004d2,Travelers Championship,stroke,8300000.0,USD,500.0,2022-06-23,2022-06-26,America/New_York,"The Golf Channel, CBS",,full,closed,stroke,"[{'id': '133720bb-8653-4d8e-9f49-b9f4fe41a161', 'year': 2022, 'tour': {'id': 'b52068af-28e4-4e91-bdbb-037591b0ff84', 'alias': 'pga', 'name': 'PGA Tour'}}]","{'position': 2, 'tied': True, 'money': 738700.0, 'points': 245.0, 'score': -17, 'strokes': 263, 'rounds': [{'score': -3, 'strokes': 67, 'thru': 18, 'eagles': 0, 'birdies': 7, 'pars': 8, 'bogeys': 2, 'double_bogeys': 1, 'other_scores': 0, 'holes_in_one': 0, 'sequence': 1}, {'score': -5, 'strokes': 65, 'thru': 18, 'eagles': 0, 'birdies': 5, 'pars': 13, 'bogeys': 0, 'double_bogeys': 0, 'other_scores': 0, 'holes_in_one': 0, 'sequence': 2}, {'score': -6, 'strokes': 64, 'thru': 18, 'eagles': 1, 'birdies': 5, 'pars': 11, 'bogeys': 1, 'double_bogeys': 0, 'other_scores': 0, 'holes_in_one': 0, 'sequence': 3}, {'score': -3, 'strokes': 67, 'thru': 18, 'eagles': 0, 'birdies': 5, 'pars': 12, 'bogeys': 0, 'double_bogeys': 1, 'other_scores': 0, 'holes_in_one': 0, 'sequence': 4}]}",-2.0,-2.0,2.0
3869c98f-68c7-4a57-822e-a358eed689db,John Deere Classic,stroke,7100000.0,USD,500.0,2022-06-30,2022-07-03,America/Chicago,"The Golf Channel, CBS",,full,closed,stroke,"[{'id': '133720bb-8653-4d8e-9f49-b9f4fe41a161', 'year': 2022, 'tour': {'id': 'b52068af-28e4-4e91-bdbb-037591b0ff84', 'alias': 'pga', 'name': 'PGA Tour'}}]","{'position': 16, 'tied': True, 'money': 97803.0, 'points': 46.0, 'score': -12, 'strokes': 272, 'rounds': [{'score': 3, 'strokes': 74, 'thru': 18, 'eagles': 0, 'birdies': 2, 'pars': 11, 'bogeys': 5, 'double_bogeys': 0, 'other_scores': 0, 'holes_in_one': 0, 'sequence': 1}, {'score': -6, 'strokes': 65, 'thru': 18, 'eagles': 0, 'birdies': 7, 'pars': 10, 'bogeys': 1, 'double_bogeys': 0, 'other_scores': 0, 'holes_in_one': 0, 'sequence': 2}, {'score': -6, 'strokes': 65, 'thru': 18, 'eagles': 0, 'birdies': 6, 'pars': 12, 'bogeys': 0, 'double_bogeys': 0, 'other_scores': 0, 'holes_in_one': 0, 'sequence': 3}, {'score': -3, 'strokes': 68, 'thru': 18, 'eagles': 0, 'birdies': 6, 'pars': 10, 'bogeys': 1, 'double_bogeys': 1, 'other_scores': 0, 'holes_in_one': 0, 'sequence': 4}]}",-3.0,-3.0,2.0
51968e44-03f5-424f-8e63-294996685497,The Open Championship,stroke,14000000.0,USD,600.0,2022-07-14,2022-07-17,Europe/London,"The Golf Channel, NBC",,full,closed,stroke,"[{'id': '133720bb-8653-4d8e-9f49-b9f4fe41a161', 'year': 2022, 'tour': {'id': 'b52068af-28e4-4e91-bdbb-037591b0ff84', 'alias': 'pga', 'name': 'PGA Tour'}}, {'id': '17a0f02f-3ca5-41ec-bbf6-9dac6f55eb8c', 'year': 2022, 'tour': {'id': 'e97bb87a-6347-40d0-8c8c-3d0f54a41043', 'alias': 'EURO', 'name': 'DP World Tour'}}]","{'position': 34, 'tied': True, 'money': 68906.0, 'points': 20.0, 'score': -7, 'strokes': 281, 'rounds': [{'score': -3, 'strokes': 69, 'thru': 18, 'eagles': 0, 'birdies': 5, 'pars': 11, 'bogeys': 2, 'double_bogeys': 0, 'other_scores': 0, 'holes_in_one': 0, 'sequence': 1}, {'score': -4, 'strokes': 68, 'thru': 18, 'eagles': 1, 'birdies': 4, 'pars': 11, 'bogeys': 2, 'double_bogeys': 0, 'other_scores': 0, 'holes_in_one': 0, 'sequence': 2}, {'score': 2, 'strokes': 74, 'thru': 18, 'eagles': 0, 'birdies': 1, 'pars': 14, 'bogeys': 3, 'double_bogeys': 0, 'other_scores': 0, 'holes_in_one': 0, 'sequence': 3}, {'score': -2, 'strokes': 70, 'thru': 18, 'eagles': 0, 'birdies': 4, 'pars': 12, 'bogeys': 2, 'double_bogeys': 0, 'other_scores': 0, 'holes_in_one': 0, 'sequence': 4}]}",0.0,0.0,2.0
63f720b6-845d-4f02-ad99-8688d20cbf1e,3M Open,stroke,7500000.0,USD,500.0,2022-07-21,2022-07-24,America/Chicago,"The Golf Channel, CBS",,full,closed,stroke,"[{'id': '133720bb-8653-4d8e-9f49-b9f4fe41a161', 'year': 2022, 'tour': {'id': 'b52068af-28e4-4e91-bdbb-037591b0ff84', 'alias': 'pga', 'name': 'PGA Tour'}}]","{'position': 95, 'tied': True, 'score': 4, 'strokes': 146, 'status': 'CUT', 'rounds': [{'score': 2, 'strokes': 73, 'thru': 18, 'eagles': 0, 'birdies': 3, 'pars': 10, 'bogeys': 5, 'double_bogeys': 0, 'other_scores': 0, 'holes_in_one': 0, 'sequence': 1}, {'score': 2, 'strokes': 73, 'thru': 18, 'eagles': 0, 'birdies': 4, 'pars': 9, 'bogeys': 4, 'double_bogeys': 1, 'other_scores': 0, 'holes_in_one': 0, 'sequence': 2}]}",1.0,1.0,2.0
6f5e0381-f670-4c59-b4d5-3e6d4764d865,Rocket Mortgage Classic,stroke,8400000.0,USD,500.0,2022-07-28,2022-07-31,America/Detroit,"The Golf Channel, CBS",1512000.0,full,closed,stroke,"[{'id': '133720bb-8653-4d8e-9f49-b9f4fe41a161', 'year': 2022, 'tour': {'id': 'b52068af-28e4-4e91-bdbb-037591b0ff84', 'alias': 'pga', 'name': 'PGA Tour'}}]","{'position': 57, 'tied': True, 'money': 18648.0, 'points': 5.0, 'score': -7, 'strokes': 281, 'rounds': [{'score': -4, 'strokes': 68, 'thru': 18, 'eagles': 0, 'birdies': 5, 'pars': 12, 'bogeys': 1, 'double_bogeys': 0, 'other_scores': 0, 'holes_in_one': 0, 'sequence': 1}, {'score': -5, 'strokes': 67, 'thru': 18, 'eagles': 0, 'birdies': 6, 'pars': 11, 'bogeys': 1, 'double_bogeys': 0, 'other_scores': 0, 'holes_in_one': 0, 'sequence': 2}, {'score': 1, 'strokes': 73, 'thru': 18, 'eagles': 0, 'birdies': 3, 'pars': 11, 'bogeys': 4, 'double_bogeys': 0, 'other_scores': 0, 'holes_in_one': 0, 'sequence': 3}, {'score': 1, 'strokes': 73, 'thru': 18, 'eagles': 0, 'birdies': 5, 'pars': 8, 'bogeys': 4, 'double_bogeys': 1, 'other_scores': 0, 'holes_in_one': 0, 'sequence': 4}]}",-3.0,-3.0,2.0
c0abe5ac-732a-4e5d-9f93-14dac6203e23,FedEx St. Jude Championship,stroke,15000000.0,USD,2000.0,2022-08-11,2022-08-14,America/Chicago,"The Golf Channel, CBS",,full,closed,stroke,"[{'id': '133720bb-8653-4d8e-9f49-b9f4fe41a161', 'year': 2022, 'tour': {'id': 'b52068af-28e4-4e91-bdbb-037591b0ff84', 'alias': 'pga', 'name': 'PGA Tour'}}]","{'position': 13, 'tied': True, 'money': 260893.0, 'points': 213.0, 'score': -9, 'strokes': 271, 'rounds': [{'score': -7, 'strokes': 63, 'thru': 18, 'eagles': 0, 'birdies': 7, 'pars': 11, 'bogeys': 0, 'double_bogeys': 0, 'other_scores': 0, 'holes_in_one': 0, 'sequence': 1}, {'score': 0, 'strokes': 70, 'thru': 18, 'eagles': 0, 'birdies': 3, 'pars': 12, 'bogeys': 3, 'double_bogeys': 0, 'other_scores': 0, 'holes_in_one': 0, 'sequence': 2}, {'score': -1, 'strokes': 69, 'thru': 18, 'eagles': 0, 'birdies': 2, 'pars': 15, 'bogeys': 1, 'double_bogeys': 0, 'other_scores': 0, 'holes_in_one': 0, 'sequence': 3}, {'score': -1, 'strokes': 69, 'thru': 18, 'eagles': 0, 'birdies': 3, 'pars': 13, 'bogeys': 2, 'double_bogeys': 0, 'other_scores': 0, 'holes_in_one': 0, 'sequence': 4}]}",-2.0,-2.0,2.0
f9859515-af30-41cd-9ffe-465d1446d6e0,BMW Championship,stroke,15000000.0,USD,2000.0,2022-08-18,2022-08-21,America/New_York,"The Golf Channel, NBC",,full,closed,stroke,"[{'id': '133720bb-8653-4d8e-9f49-b9f4fe41a161', 'year': 2022, 'tour': {'id': 'b52068af-28e4-4e91-bdbb-037591b0ff84', 'alias': 'pga', 'name': 'PGA Tour'}}]","{'position': 15, 'tied': True, 'money': 247500.0, 'points': 208.0, 'score': -7, 'strokes': 277, 'rounds': [{'score': 1, 'strokes': 72, 'thru': 18, 'eagles': 0, 'birdies': 4, 'pars': 10, 'bogeys': 3, 'double_bogeys': 1, 'other_scores': 0, 'holes_in_one': 0, 'sequence': 1}, {'score': -3, 'strokes': 68, 'thru': 18, 'eagles': 0, 'birdies': 6, 'pars': 10, 'bogeys': 1, 'double_bogeys': 1, 'other_scores': 0, 'holes_in_one': 0, 'sequence': 2}, {'score': -2, 'strokes': 69, 'thru': 18, 'eagles': 0, 'birdies': 3, 'pars': 14, 'bogeys': 1, 'double_bogeys': 0, 'other_scores': 0, 'holes_in_one': 0, 'sequence': 3}, {'score': -3, 'strokes': 68, 'thru': 18, 'eagles': 0, 'birdies': 5, 'pars': 11, 'bogeys': 2, 'double_bogeys': 0, 'other_scores': 0, 'holes_in_one': 0, 'sequence': 4}]}",,,
62338479-12c5-4ef4-a473-6fea873f3e66,TOUR Championship,stroke,,USD,0.0,2022-08-25,2022-08-28,America/New_York,"The Golf Channel, NBC",,full,closed,stroke,"[{'id': '133720bb-8653-4d8e-9f49-b9f4fe41a161', 'year': 2022, 'tour': {'id': 'b52068af-28e4-4e91-bdbb-037591b0ff84', 'alias': 'pga', 'name': 'PGA Tour'}}]","{'position': 28, 'tied': False, 'money': 0.0, 'points': 0.0, 'score': 1, 'strokes': 281, 'rounds': [{'score': 1, 'strokes': 71, 'thru': 18, 'eagles': 0, 'birdies': 1, 'pars': 15, 'bogeys': 2, 'double_bogeys': 0, 'other_scores': 0, 'holes_in_one': 0, 'sequence': 1}, {'score': 2, 'strokes': 72, 'thru': 18, 'eagles': 0, 'birdies': 3, 'pars': 12, 'bogeys': 1, 'double_bogeys': 2, 'other_scores': 0, 'holes_in_one': 0, 'sequence': 2}, {'score': -3, 'strokes': 67, 'thru': 18, 'eagles': 0, 'birdies': 4, 'pars': 13, 'bogeys': 1, 'double_bogeys': 0, 'other_scores': 0, 'holes_in_one': 0, 'sequence': 3}, {'score': 1, 'strokes': 71, 'thru': 18, 'eagles': 0, 'birdies': 3, 'pars': 11, 'bogeys': 4, 'double_bogeys': 0, 'other_scores': 0, 'holes_in_one': 0, 'sequence': 4}]}",,,
40ef66e7-2c3e-4102-9132-2c6d828acdb6,Fortinet Championship,stroke,8000000.0,USD,500.0,2022-09-15,2022-09-18,America/Los_Angeles,Golf Channel,,full,closed,stroke,"[{'id': 'ece9907c-6fe3-4944-8cb9-bb1033270259', 'year': 2023, 'tour': {'id': 'b52068af-28e4-4e91-bdbb-037591b0ff84', 'alias': 'pga', 'name': 'PGA Tour'}}]","{'position': 6, 'tied': True, 'money': 270000.0, 'points': 92.0, 'score': -11, 'strokes': 277, 'rounds': [{'score': -5, 'strokes': 67, 'thru': 18, 'eagles': 0, 'birdies': 8, 'pars': 7, 'bogeys': 3, 'double_bogeys': 0, 'other_scores': 0, 'holes_in_one': 0, 'sequence': 1}, {'score': -3, 'strokes': 69, 'thru': 18, 'eagles': 0, 'birdies': 5, 'pars': 11, 'bogeys': 2, 'double_bogeys': 0, 'other_scores': 0, 'holes_in_one': 0, 'sequence': 2}, {'score': -1, 'strokes': 71, 'thru': 18, 'eagles': 0, 'birdies': 3, 'pars': 13, 'bogeys': 2, 'double_bogeys': 0, 'other_scores': 0, 'holes_in_one': 0, 'sequence': 3}, {'score': -2, 'strokes': 70, 'thru': 18, 'eagles': 0, 'birdies': 6, 'pars': 8, 'bogeys': 4, 'double_bogeys': 0, 'other_scores': 0, 'holes_in_one': 0, 'sequence': 4}]}",-2.0,-2.0,2.0
80f07484-b938-4054-bb8f-1dee801f371d,Sanderson Farms Championship,stroke,7900000.0,USD,500.0,2022-09-29,2022-10-02,America/Chicago,Golf Channel,,full,closed,stroke,"[{'id': 'ece9907c-6fe3-4944-8cb9-bb1033270259', 'year': 2023, 'tour': {'id': 'b52068af-28e4-4e91-bdbb-037591b0ff84', 'alias': 'pga', 'name': 'PGA Tour'}}]","{'position': 84, 'tied': True, 'score': 0, 'strokes': 144, 'status': 'CUT', 'rounds': [{'score': 1, 'strokes': 73, 'thru': 18, 'eagles': 0, 'birdies': 2, 'pars': 13, 'bogeys': 3, 'double_bogeys': 0, 'other_scores': 0, 'holes_in_one': 0, 'sequence': 1}, {'score': -1, 'strokes': 71, 'thru': 18, 'eagles': 0, 'birdies': 4, 'pars': 11, 'bogeys': 3, 'double_bogeys': 0, 'other_scores': 0, 'holes_in_one': 0, 'sequence': 2}]}",-2.0,-2.0,2.0
3a247fb8-ba65-4c23-915f-f442c36d65fd,ZOZO CHAMPIONSHIP,stroke,11000000.0,USD,500.0,2022-10-12,2022-10-16,Asia/Tokyo,Golf Channel,,full,closed,stroke,"[{'id': 'ece9907c-6fe3-4944-8cb9-bb1033270259', 'year': 2023, 'tour': {'id': 'b52068af-28e4-4e91-bdbb-037591b0ff84', 'alias': 'pga', 'name': 'PGA Tour'}}]","{'position': 5, 'tied': True, 'money': 401500.0, 'points': 100.0, 'score': -12, 'strokes': 268, 'rounds': [{'score': 1, 'strokes': 71, 'thru': 18, 'eagles': 0, 'birdies': 1, 'pars': 15, 'bogeys': 2, 'double_bogeys': 0, 'other_scores': 0, 'holes_in_one': 0, 'sequence': 1}, {'score': -3, 'strokes': 67, 'thru': 18, 'eagles': 0, 'birdies': 6, 'pars': 10, 'bogeys': 1, 'double_bogeys': 1, 'other_scores': 0, 'holes_in_one': 0, 'sequence': 2}, {'score': -7, 'strokes': 63, 'thru': 18, 'eagles': 0, 'birdies': 9, 'pars': 8, 'bogeys': 0, 'double_bogeys': 1, 'other_scores': 0, 'holes_in_one': 0, 'sequence': 3}, {'score': -3, 'strokes': 67, 'thru': 18, 'eagles': 0, 'birdies': 5, 'pars': 11, 'bogeys': 2, 'double_bogeys': 0, 'other_scores': 0, 'holes_in_one': 0, 'sequence': 4}]}",,,
8252afda-4f4b-4eca-a6f9-d91bc233dd39,THE CJ CUP in South Carolina,stroke,10500000.0,USD,500.0,2022-10-20,2022-10-23,America/New_York,Golf Channel,,full,closed,stroke,"[{'id': 'ece9907c-6fe3-4944-8cb9-bb1033270259', 'year': 2023, 'tour': {'id': 'b52068af-28e4-4e91-bdbb-037591b0ff84', 'alias': 'pga', 'name': 'PGA Tour'}}]","{'position': 67, 'tied': True, 'money': 18795.0, 'points': 3.0, 'score': 7, 'strokes': 291, 'rounds': [{'score': 8, 'strokes': 79, 'thru': 18, 'eagles': 0, 'birdies': 2, 'pars': 9, 'bogeys': 5, 'double_bogeys': 1, 'other_scores': 1, 'holes_in_one': 0, 'sequence': 1}, {'score': -1, 'strokes': 70, 'thru': 18, 'eagles': 0, 'birdies': 3, 'pars': 13, 'bogeys': 2, 'double_bogeys': 0, 'other_scores': 0, 'holes_in_one': 0, 'sequence': 2}, {'score': 2, 'strokes': 73, 'thru': 18, 'eagles': 0, 'birdies': 4, 'pars': 8, 'bogeys': 6, 'double_bogeys': 0, 'other_scores': 0, 'holes_in_one': 0, 'sequence': 3}, {'score': -2, 'strokes': 69, 'thru': 18, 'eagles': 0, 'birdies': 6, 'pars': 9, 'bogeys': 2, 'double_bogeys': 1, 'other_scores': 0, 'holes_in_one': 0, 'sequence': 4}]}",,,
d2c4a455-0ed4-4543-878a-440de91c4a20,Cadence Bank Houston Open,stroke,8400000.0,USD,500.0,2022-11-10,2022-11-13,America/Chicago,Golf Channel,,full,closed,stroke,"[{'id': 'ece9907c-6fe3-4944-8cb9-bb1033270259', 'year': 2023, 'tour': {'id': 'b52068af-28e4-4e91-bdbb-037591b0ff84', 'alias': 'pga', 'name': 'PGA Tour'}}]","{'position': 22, 'tied': True, 'money': 84420.0, 'points': 38.0, 'score': -4, 'strokes': 276, 'rounds': [{'score': 1, 'strokes': 71, 'thru': 18, 'eagles': 0, 'birdies': 1, 'pars': 15, 'bogeys': 2, 'double_bogeys': 0, 'other_scores': 0, 'holes_in_one': 0, 'sequence': 1}, {'score': -2, 'strokes': 68, 'thru': 18, 'eagles': 0, 'birdies': 6, 'pars': 8, 'bogeys': 4, 'double_bogeys': 0, 'other_scores': 0, 'holes_in_one': 0, 'sequence': 2}, {'score': 3, 'strokes': 73, 'thru': 18, 'eagles': 0, 'birdies': 3, 'pars': 11, 'bogeys': 2, 'double_bogeys': 2, 'other_scores': 0, 'holes_in_one': 0, 'sequence': 3}, {'score': -6, 'strokes': 64, 'thru': 18, 'eagles': 0, 'birdies': 6, 'pars': 12, 'bogeys': 0, 'double_bogeys': 0, 'other_scores': 0, 'holes_in_one': 0, 'sequence': 4}]}",0.0,0.0,2.0
0a23f93c-dc78-4059-a453-a2bb9b6faa46,The RSM Classic,stroke,8100000.0,USD,500.0,2022-11-17,2022-11-20,America/New_York,Golf Channel,,full,closed,stroke,"[{'id': 'ece9907c-6fe3-4944-8cb9-bb1033270259', 'year': 2023, 'tour': {'id': 'b52068af-28e4-4e91-bdbb-037591b0ff84', 'alias': 'pga', 'name': 'PGA Tour'}}]","{'position': 2, 'tied': True, 'money': 612900.0, 'points': 208.0, 'score': -17, 'strokes': 265, 'rounds': [{'score': -4, 'strokes': 68, 'thru': 18, 'eagles': 0, 'birdies': 4, 'pars': 14, 'bogeys': 0, 'double_bogeys': 0, 'other_scores': 0, 'holes_in_one': 0, 'sequence': 1}, {'score': -7, 'strokes': 63, 'thru': 18, 'eagles': 0, 'birdies': 8, 'pars': 9, 'bogeys': 1, 'double_bogeys': 0, 'other_scores': 0, 'holes_in_one': 0, 'sequence': 2}, {'score': -2, 'strokes': 68, 'thru': 18, 'eagles': 0, 'birdies': 2, 'pars': 16, 'bogeys': 0, 'double_bogeys': 0, 'other_scores': 0, 'holes_in_one': 0, 'sequence': 3}, {'score': -4, 'strokes': 66, 'thru': 18, 'eagles': 0, 'birdies': 6, 'pars': 11, 'bogeys': 0, 'double_bogeys': 1, 'other_scores': 0, 'holes_in_one': 0, 'sequence': 4}]}",-4.0,-4.0,2.0
beea275d-7a29-47bf-a124-4cf06bcdcaab,Sentry Tournament of Champions,stroke,15000000.0,USD,550.0,2023-01-05,2023-01-08,Pacific/Honolulu,"Golf Channel, NBC",,full,closed,stroke,"[{'id': 'ece9907c-6fe3-4944-8cb9-bb1033270259', 'year': 2023, 'tour': {'id': 'b52068af-28e4-4e91-bdbb-037591b0ff84', 'alias': 'pga', 'name': 'PGA Tour'}}]","{'position': 33, 'tied': False, 'money': 206000.0, 'points': 27.0, 'score': -10, 'strokes': 282, 'rounds': [{'score': -6, 'strokes': 67, 'thru': 18, 'eagles': 1, 'birdies': 5, 'pars': 11, 'bogeys': 1, 'double_bogeys': 0, 'other_scores': 0, 'holes_in_one': 0, 'sequence': 1}, {'score': -2, 'strokes': 71, 'thru': 18, 'eagles': 0, 'birdies': 4, 'pars': 12, 'bogeys': 2, 'double_bogeys': 0, 'other_scores': 0, 'holes_in_one': 0, 'sequence': 2}, {'score': -1, 'strokes': 72, 'thru': 18, 'eagles': 0, 'birdies': 3, 'pars': 13, 'bogeys': 2, 'double_bogeys': 0, 'other_scores': 0, 'holes_in_one': 0, 'sequence': 3}, {'score': -1, 'strokes': 72, 'thru': 18, 'eagles': 1, 'birdies': 4, 'pars': 10, 'bogeys': 1, 'double_bogeys': 2, 'other_scores': 0, 'holes_in_one': 0, 'sequence': 4}]}",,,
bc61b9e3-e054-496b-bcb7-4756a0490c51,The American Express,stroke,8000000.0,USD,500.0,2023-01-19,2023-01-22,America/Los_Angeles,Golf Channel,1440000.0,full,closed,stroke,"[{'id': 'ece9907c-6fe3-4944-8cb9-bb1033270259', 'year': 2023, 'tour': {'id': 'b52068af-28e4-4e91-bdbb-037591b0ff84', 'alias': 'pga', 'name': 'PGA Tour'}}]","{'position': 54, 'tied': True, 'money': 18400.0, 'points': 6.0, 'score': -13, 'strokes': 275, 'rounds': [{'score': -6, 'strokes': 66, 'thru': 18, 'eagles': 0, 'birdies': 8, 'pars': 8, 'bogeys': 2, 'double_bogeys': 0, 'other_scores': 0, 'holes_in_one': 0, 'sequence': 1}, {'score': -2, 'strokes': 70, 'thru': 18, 'eagles': 0, 'birdies': 5, 'pars': 11, 'bogeys': 1, 'double_bogeys': 1, 'other_scores': 0, 'holes_in_one': 0, 'sequence': 2}, {'score': -4, 'strokes': 68, 'thru': 18, 'eagles': 0, 'birdies': 4, 'pars': 14, 'bogeys': 0, 'double_bogeys': 0, 'other_scores': 0, 'holes_in_one': 0, 'sequence': 3}, {'score': -1, 'strokes': 71, 'thru': 18, 'eagles': 0, 'birdies': 3, 'pars': 13, 'bogeys': 2, 'double_bogeys': 0, 'other_scores': 0, 'holes_in_one': 0, 'sequence': 4}]}",-10.0,,3.0
dad58e15-9fab-49a5-a1e3-ea520f764698,Farmers Insurance Open,stroke,8700000.0,USD,500.0,2023-01-25,2023-01-28,America/Los_Angeles,"Golf Channel, CBS",1566000.0,full,closed,stroke,"[{'id': 'ece9907c-6fe3-4944-8cb9-bb1033270259', 'year': 2023, 'tour': {'id': 'b52068af-28e4-4e91-bdbb-037591b0ff84', 'alias': 'pga', 'name': 'PGA Tour'}}]","{'position': 4, 'tied': True, 'money': 366125.0, 'points': 115.0, 'score': -9, 'strokes': 279, 'rounds': [{'score': -6, 'strokes': 66, 'thru': 18, 'eagles': 0, 'birdies': 8, 'pars': 8, 'bogeys': 2, 'double_bogeys': 0, 'other_scores': 0, 'holes_in_one': 0, 'sequence': 1}, {'score': 0, 'strokes': 72, 'thru': 18, 'eagles': 1, 'birdies': 1, 'pars': 13, 'bogeys': 3, 'double_bogeys': 0, 'other_scores': 0, 'holes_in_one': 0, 'sequence': 2}, {'score': -1, 'strokes': 71, 'thru': 18, 'eagles': 1, 'birdies': 2, 'pars': 12, 'bogeys': 3, 'double_bogeys': 0, 'other_scores': 0, 'holes_in_one': 0, 'sequence': 3}, {'score': -2, 'strokes': 70, 'thru': 18, 'eagles': 0, 'birdies': 4, 'pars': 12, 'bogeys': 2, 'double_bogeys': 0, 'other_scores': 0, 'holes_in_one': 0, 'sequence': 4}]}",0.0,0.0,
62902ae6-af32-419c-91d6-4fec54a59fe3,WM Phoenix Open,stroke,20000000.0,USD,500.0,2023-02-09,2023-02-12,America/Phoenix,"Golf Channel, CBS",3600000.0,full,closed,stroke,"[{'id': 'ece9907c-6fe3-4944-8cb9-bb1033270259', 'year': 2023, 'tour': {'id': 'b52068af-28e4-4e91-bdbb-037591b0ff84', 'alias': 'pga', 'name': 'PGA Tour'}}]","{'position': 39, 'tied': True, 'money': 87000.0, 'points': 16.0, 'score': -3, 'strokes': 281, 'rounds': [{'score': 1, 'strokes': 72, 'thru': 18, 'eagles': 0, 'birdies': 2, 'pars': 13, 'bogeys': 3, 'double_bogeys': 0, 'other_scores': 0, 'holes_in_one': 0, 'sequence': 1}, {'score': -1, 'strokes': 70, 'thru': 18, 'eagles': 0, 'birdies': 3, 'pars': 13, 'bogeys': 2, 'double_bogeys': 0, 'other_scores': 0, 'holes_in_one': 0, 'sequence': 2}, {'score': -3, 'strokes': 68, 'thru': 18, 'eagles': 0, 'birdies': 6, 'pars': 10, 'bogeys': 1, 'double_bogeys': 1, 'other_scores': 0, 'holes_in_one': 0, 'sequence': 3}, {'score': 0, 'strokes': 71, 'thru': 18, 'eagles': 0, 'birdies': 5, 'pars': 9, 'bogeys': 3, 'double_bogeys': 1, 'other_scores': 0, 'holes_in_one': 0, 'sequence': 4}]}",0.0,0.0,
1e350a57-d54f-4904-bb44-73b03dd7c801,The Genesis Invitational,stroke,20000000.0,USD,550.0,2023-02-16,2023-02-19,America/Los_Angeles,"Golf Channel, CBS",3600000.0,full,closed,stroke,"[{'id': 'ece9907c-6fe3-4944-8cb9-bb1033270259', 'year': 2023, 'tour': {'id': 'b52068af-28e4-4e91-bdbb-037591b0ff84', 'alias': 'pga', 'name': 'PGA Tour'}}]","{'position': 6, 'tied': True, 'money': 700000.0, 'points': 100.0, 'score': -11, 'strokes': 273, 'rounds': [{'score': 0, 'strokes': 71, 'thru': 18, 'eagles': 0, 'birdies': 2, 'pars': 14, 'bogeys': 2, 'double_bogeys': 0, 'other_scores': 0, 'holes_in_one': 0, 'sequence': 1}, {'score': -3, 'strokes': 68, 'thru': 18, 'eagles': 0, 'birdies': 5, 'pars': 11, 'bogeys': 2, 'double_bogeys': 0, 'other_scores': 0, 'holes_in_one': 0, 'sequence': 2}, {'score': -3, 'strokes': 68, 'thru': 18, 'eagles': 0, 'birdies': 5, 'pars': 11, 'bogeys': 2, 'double_bogeys': 0, 'other_scores': 0, 'holes_in_one': 0, 'sequence': 3}, {'score': -5, 'strokes': 66, 'thru': 18, 'eagles': 0, 'birdies': 5, 'pars': 13, 'bogeys': 0, 'double_bogeys': 0, 'other_scores': 0, 'holes_in_one': 0, 'sequence': 4}]}",1.0,1.0,
701e3304-03f1-4b18-94fc-a63fca77cb9d,Arnold Palmer Invitational presented by Mastercard,stroke,20000000.0,USD,550.0,2023-03-02,2023-03-05,America/New_York,"Golf Channel, NBC",3600000.0,full,closed,stroke,"[{'id': 'ece9907c-6fe3-4944-8cb9-bb1033270259', 'year': 2023, 'tour': {'id': 'b52068af-28e4-4e91-bdbb-037591b0ff84', 'alias': 'pga', 'name': 'PGA Tour'}}]","{'position': 14, 'tied': True, 'money': 325000.0, 'points': 56.0, 'score': -4, 'strokes': 284, 'rounds': [{'score': 0, 'strokes': 72, 'thru': 18, 'eagles': 0, 'birdies': 3, 'pars': 12, 'bogeys': 3, 'double_bogeys': 0, 'other_scores': 0, 'holes_in_one': 0, 'sequence': 1}, {'score': -2, 'strokes': 70, 'thru': 18, 'eagles': 0, 'birdies': 7, 'pars': 6, 'bogeys': 5, 'double_bogeys': 0, 'other_scores': 0, 'holes_in_one': 0, 'sequence': 2}, {'score': 0, 'strokes': 72, 'thru': 18, 'eagles': 0, 'birdies': 3, 'pars': 12, 'bogeys': 3, 'double_bogeys': 0, 'other_scores': 0, 'holes_in_one': 0, 'sequence': 3}, {'score': -2, 'strokes': 70, 'thru': 18, 'eagles': 0, 'birdies': 4, 'pars': 12, 'bogeys': 2, 'double_bogeys': 0, 'other_scores': 0, 'holes_in_one': 0, 'sequence': 4}]}",2.0,2.0,2.0
c3588c5e-505e-4248-a70a-9f941d5681b5,THE PLAYERS Championship,stroke,25000000.0,USD,600.0,2023-03-09,2023-03-12,America/New_York,"Golf Channel, NBC",4500000.0,full,closed,stroke,"[{'id': 'ece9907c-6fe3-4944-8cb9-bb1033270259', 'year': 2023, 'tour': {'id': 'b52068af-28e4-4e91-bdbb-037591b0ff84', 'alias': 'pga', 'name': 'PGA Tour'}}]","{'position': 74, 'tied': False, 'money': 49250.0, 'points': 3.0, 'score': 10, 'strokes': 298, 'rounds': [{'score': -2, 'strokes': 70, 'thru': 18, 'eagles': 0, 'birdies': 5, 'pars': 10, 'bogeys': 3, 'double_bogeys': 0, 'other_scores': 0, 'holes_in_one': 0, 'sequence': 1}, {'score': 3, 'strokes': 75, 'thru': 18, 'eagles': 0, 'birdies': 4, 'pars': 9, 'bogeys': 3, 'double_bogeys': 2, 'other_scores': 0, 'holes_in_one': 0, 'sequence': 2}, {'score': 6, 'strokes': 78, 'thru': 18, 'eagles': 0, 'birdies': 1, 'pars': 11, 'bogeys': 5, 'double_bogeys': 1, 'other_scores': 0, 'holes_in_one': 0, 'sequence': 3}, {'score': 3, 'strokes': 75, 'thru': 18, 'eagles': 0, 'birdies': 4, 'pars': 10, 'bogeys': 1, 'double_bogeys': 3, 'other_scores': 0, 'holes_in_one': 0, 'sequence': 4}]}",2.0,2.0,
34b19960-f028-4dfe-b128-58553a7bcc9a,Masters Tournament,stroke,18000000.0,USD,600.0,2023-04-06,2023-04-09,America/New_York,"ESPN, CBS",2700000.0,full,closed,stroke,"[{'id': 'ece9907c-6fe3-4944-8cb9-bb1033270259', 'year': 2023, 'tour': {'id': 'b52068af-28e4-4e91-bdbb-037591b0ff84', 'alias': 'pga', 'name': 'PGA Tour'}}, {'id': 'af999c48-6103-40fc-a84b-062841252cc7', 'year': 2023, 'tour': {'id': 'e97bb87a-6347-40d0-8c8c-3d0f54a41043', 'alias': 'EURO', 'name': 'DP World Tour'}}]","{'position': 9, 'tied': False, 'money': 522000.0, 'points': 88.0, 'score': -5, 'strokes': 283, 'rounds': [{'score': 1, 'strokes': 73, 'thru': 18, 'eagles': 0, 'birdies': 3, 'pars': 11, 'bogeys': 4, 'double_bogeys': 0, 'other_scores': 0, 'holes_in_one': 0, 'sequence': 1}, {'score': -2, 'strokes': 70, 'thru': 18, 'eagles': 0, 'birdies': 5, 'pars': 10, 'bogeys': 3, 'double_bogeys': 0, 'other_scores': 0, 'holes_in_one': 0, 'sequence': 2}, {'score': 1, 'strokes': 73, 'thru': 18, 'eagles': 0, 'birdies': 3, 'pars': 12, 'bogeys': 2, 'double_bogeys': 1, 'other_scores': 0, 'holes_in_one': 0, 'sequence': 3}, {'score': -5, 'strokes': 67, 'thru': 18, 'eagles': 0, 'birdies': 7, 'pars': 9, 'bogeys': 2, 'double_bogeys': 0, 'other_scores': 0, 'holes_in_one': 0, 'sequence': 4}]}",3.0,3.0,
1a4257b1-a86a-4bd3-94ad-56b88334f6de,RBC Heritage,stroke,20000000.0,USD,500.0,2023-04-13,2023-04-16,America/New_York,"Golf Channel, CBS",3600000.0,full,closed,stroke,"[{'id': 'ece9907c-6fe3-4944-8cb9-bb1033270259', 'year': 2023, 'tour': {'id': 'b52068af-28e4-4e91-bdbb-037591b0ff84', 'alias': 'pga', 'name': 'PGA Tour'}}]","{'position': 5, 'tied': True, 'money': 772500.0, 'points': 105.0, 'score': -14, 'strokes': 270, 'rounds': [{'score': -1, 'strokes': 70, 'thru': 18, 'eagles': 0, 'birdies': 3, 'pars': 13, 'bogeys': 2, 'double_bogeys': 0, 'other_scores': 0, 'holes_in_one': 0, 'sequence': 1}, {'score': -3, 'strokes': 68, 'thru': 18, 'eagles': 0, 'birdies': 3, 'pars': 15, 'bogeys': 0, 'double_bogeys': 0, 'other_scores': 0, 'holes_in_one': 0, 'sequence': 2}, {'score': -4, 'strokes': 67, 'thru': 18, 'eagles': 0, 'birdies': 5, 'pars': 12, 'bogeys': 1, 'double_bogeys': 0, 'other_scores': 0, 'holes_in_one': 0, 'sequence': 3}, {'score': -6, 'strokes': 65, 'thru': 18, 'eagles': 0, 'birdies': 8, 'pars': 8, 'bogeys': 2, 'double_bogeys': 0, 'other_scores': 0, 'holes_in_one': 0, 'sequence': 4}]}",-2.0,-2.0,
b9a5a65b-f098-48e7-b9a3-a3fbd1d47b72,Wells Fargo Championship,stroke,20000000.0,USD,500.0,2023-05-04,2023-05-07,America/New_York,"Golf Channel, CBS",3600000.0,full,closed,stroke,"[{'id': 'ece9907c-6fe3-4944-8cb9-bb1033270259', 'year': 2023, 'tour': {'id': 'b52068af-28e4-4e91-bdbb-037591b0ff84', 'alias': 'pga', 'name': 'PGA Tour'}}]","{'position': 56, 'tied': True, 'money': 46200.0, 'points': 6.0, 'score': 1, 'strokes': 285, 'rounds': [{'score': -4, 'strokes': 67, 'thru': 18, 'eagles': 0, 'birdies': 6, 'pars': 10, 'bogeys': 2, 'double_bogeys': 0, 'other_scores': 0, 'holes_in_one': 0, 'sequence': 1}, {'score': 3, 'strokes': 74, 'thru': 18, 'eagles': 0, 'birdies': 4, 'pars': 8, 'bogeys': 5, 'double_bogeys': 1, 'other_scores': 0, 'holes_in_one': 0, 'sequence': 2}, {'score': 0, 'strokes': 71, 'thru': 18, 'eagles': 0, 'birdies': 3, 'pars': 12, 'bogeys': 3, 'double_bogeys': 0, 'other_scores': 0, 'holes_in_one': 0, 'sequence': 3}, {'score': 2, 'strokes': 73, 'thru': 18, 'eagles': 0, 'birdies': 3, 'pars': 12, 'bogeys': 1, 'double_bogeys': 2, 'other_scores': 0, 'holes_in_one': 0, 'sequence': 4}]}",-1.0,-1.0,2.0
0262529f-2ea5-4f77-b1ed-42c4d81e09ea,PGA Championship,stroke,17500000.0,USD,600.0,2023-05-18,2023-05-21,America/New_York,"ESPN, CBS",2700000.0,full,closed,stroke,"[{'id': 'ece9907c-6fe3-4944-8cb9-bb1033270259', 'year': 2023, 'tour': {'id': 'b52068af-28e4-4e91-bdbb-037591b0ff84', 'alias': 'pga', 'name': 'PGA Tour'}}, {'id': 'af999c48-6103-40fc-a84b-062841252cc7', 'year': 2023, 'tour': {'id': 'e97bb87a-6347-40d0-8c8c-3d0f54a41043', 'alias': 'EURO', 'name': 'DP World Tour'}}]","{'position': 40, 'tied': True, 'money': 46900.0, 'points': 14.0, 'score': 6, 'strokes': 286, 'rounds': [{'score': 1, 'strokes': 71, 'thru': 18, 'eagles': 0, 'birdies': 5, 'pars': 7, 'bogeys': 6, 'double_bogeys': 0, 'other_scores': 0, 'holes_in_one': 0, 'sequence': 1}, {'score': 1, 'strokes': 71, 'thru': 18, 'eagles': 0, 'birdies': 3, 'pars': 11, 'bogeys': 4, 'double_bogeys': 0, 'other_scores': 0, 'holes_in_one': 0, 'sequence': 2}, {'score': 1, 'strokes': 71, 'thru': 18, 'eagles': 0, 'birdies': 4, 'pars': 9, 'bogeys': 5, 'double_bogeys': 0, 'other_scores': 0, 'holes_in_one': 0, 'sequence': 3}, {'score': 3, 'strokes': 73, 'thru': 18, 'eagles': 0, 'birdies': 3, 'pars': 10, 'bogeys': 4, 'double_bogeys': 1, 'other_scores': 0, 'holes_in_one': 0, 'sequence': 4}]}",5.0,5.0,2.0
b5623c1f-0c5e-4ec8-baf6-7e8a1a35fea0,the Memorial Tournament presented by Workday,stroke,20000000.0,USD,550.0,2023-06-01,2023-06-04,America/New_York,"Golf Channel, CBS",3600000.0,full,closed,stroke,"[{'id': 'ece9907c-6fe3-4944-8cb9-bb1033270259', 'year': 2023, 'tour': {'id': 'b52068af-28e4-4e91-bdbb-037591b0ff84', 'alias': 'pga', 'name': 'PGA Tour'}}]","{'position': 58, 'tied': True, 'money': 45600.0, 'points': 6.01, 'score': 9, 'strokes': 297, 'rounds': [{'score': 4, 'strokes': 76, 'thru': 18, 'eagles': 0, 'birdies': 2, 'pars': 10, 'bogeys': 6, 'double_bogeys': 0, 'other_scores': 0, 'holes_in_one': 0, 'sequence': 1}, {'score': -2, 'strokes': 70, 'thru': 18, 'eagles': 0, 'birdies': 8, 'pars': 4, 'bogeys': 6, 'double_bogeys': 0, 'other_scores': 0, 'holes_in_one': 0, 'sequence': 2}, {'score': 3, 'strokes': 75, 'thru': 18, 'eagles': 0, 'birdies': 3, 'pars': 9, 'bogeys': 6, 'double_bogeys': 0, 'other_scores': 0, 'holes_in_one': 0, 'sequence': 3}, {'score': 4, 'strokes': 76, 'thru': 18, 'eagles': 0, 'birdies': 4, 'pars': 6, 'bogeys': 8, 'double_bogeys': 0, 'other_scores': 0, 'holes_in_one': 0, 'sequence': 4}]}",3.0,3.0,2.0
2cb99584-0bb2-487f-a050-b05fa9502107,RBC Canadian Open,stroke,9000000.0,USD,500.0,2023-06-08,2023-06-11,America/Toronto,"Golf Channel, CBS",1620000.0,full,closed,stroke,"[{'id': 'ece9907c-6fe3-4944-8cb9-bb1033270259', 'year': 2023, 'tour': {'id': 'b52068af-28e4-4e91-bdbb-037591b0ff84', 'alias': 'pga', 'name': 'PGA Tour'}}]","{'position': 38, 'tied': True, 'money': 39150.0, 'points': 16.0, 'score': -5, 'strokes': 283, 'rounds': [{'score': 1, 'strokes': 73, 'thru': 18, 'eagles': 0, 'birdies': 4, 'pars': 9, 'bogeys': 5, 'double_bogeys': 0, 'other_scores': 0, 'holes_in_one': 0, 'sequence': 1}, {'score': -2, 'strokes': 70, 'thru': 18, 'eagles': 0, 'birdies': 5, 'pars': 10, 'bogeys': 3, 'double_bogeys': 0, 'other_scores': 0, 'holes_in_one': 0, 'sequence': 2}, {'score': -1, 'strokes': 71, 'thru': 18, 'eagles': 0, 'birdies': 4, 'pars': 11, 'bogeys': 3, 'double_bogeys': 0, 'other_scores': 0, 'holes_in_one': 0, 'sequence': 3}, {'score': -3, 'strokes': 69, 'thru': 18, 'eagles': 0, 'birdies': 3, 'pars': 15, 'bogeys': 0, 'double_bogeys': 0, 'other_scores': 0, 'holes_in_one': 0, 'sequence': 4}]}",-1.0,-1.0,2.0
2e80d5ad-468e-4833-aeda-85fb86c1098a,U.S. Open,stroke,20000000.0,USD,600.0,2023-06-15,2023-06-18,America/Los_Angeles,"NBC, USA",2700000.0,full,closed,stroke,"[{'id': 'ece9907c-6fe3-4944-8cb9-bb1033270259', 'year': 2023, 'tour': {'id': 'b52068af-28e4-4e91-bdbb-037591b0ff84', 'alias': 'pga', 'name': 'PGA Tour'}}, {'id': 'af999c48-6103-40fc-a84b-062841252cc7', 'year': 2023, 'tour': {'id': 'e97bb87a-6347-40d0-8c8c-3d0f54a41043', 'alias': 'EURO', 'name': 'DP World Tour'}}]","{'position': 27, 'tied': True, 'money': 143295.0, 'points': 33.0, 'score': 2, 'strokes': 282, 'rounds': [{'score': 4, 'strokes': 74, 'thru': 18, 'eagles': 0, 'birdies': 1, 'pars': 12, 'bogeys': 5, 'double_bogeys': 0, 'other_scores': 0, 'holes_in_one': 0, 'sequence': 1}, {'score': -4, 'strokes': 66, 'thru': 18, 'eagles': 0, 'birdies': 7, 'pars': 8, 'bogeys': 3, 'double_bogeys': 0, 'other_scores': 0, 'holes_in_one': 0, 'sequence': 2}, {'score': 3, 'strokes': 73, 'thru': 18, 'eagles': 0, 'birdies': 5, 'pars': 6, 'bogeys': 6, 'double_bogeys': 1, 'other_scores': 0, 'holes_in_one': 0, 'sequence': 3}, {'score': -1, 'strokes': 69, 'thru': 18, 'eagles': 0, 'birdies': 3, 'pars': 13, 'bogeys': 2, 'double_bogeys': 0, 'other_scores': 0, 'holes_in_one': 0, 'sequence': 4}]}",2.0,2.0,2.0
e9f28105-17b5-41d2-9067-0ce874138e3c,Travelers Championship,stroke,20000000.0,USD,500.0,2023-06-22,2023-06-25,America/New_York,"Golf Channel, CBS",3600000.0,full,closed,stroke,"[{'id': 'ece9907c-6fe3-4944-8cb9-bb1033270259', 'year': 2023, 'tour': {'id': 'b52068af-28e4-4e91-bdbb-037591b0ff84', 'alias': 'pga', 'name': 'PGA Tour'}}]","{'position': 52, 'tied': True, 'money': 47900.0, 'points': 7.0, 'score': -7, 'strokes': 273, 'rounds': [{'score': -4, 'strokes': 66, 'thru': 18, 'eagles': 1, 'birdies': 5, 'pars': 9, 'bogeys': 3, 'double_bogeys': 0, 'other_scores': 0, 'holes_in_one': 0, 'sequence': 1}, {'score': 0, 'strokes': 70, 'thru': 18, 'eagles': 0, 'birdies': 5, 'pars': 8, 'bogeys': 5, 'double_bogeys': 0, 'other_scores': 0, 'holes_in_one': 0, 'sequence': 2}, {'score': -4, 'strokes': 66, 'thru': 18, 'eagles': 0, 'birdies': 4, 'pars': 14, 'bogeys': 0, 'double_bogeys': 0, 'other_scores': 0, 'holes_in_one': 0, 'sequence': 3}, {'score': 1, 'strokes': 71, 'thru': 18, 'eagles': 0, 'birdies': 1, 'pars': 15, 'bogeys': 2, 'double_bogeys': 0, 'other_scores': 0, 'holes_in_one': 0, 'sequence': 4}]}",-4.0,-4.0,2.0
f1bc9969-5e4c-4f06-8e8e-0a08a9ef387a,Genesis Scottish Open,stroke,9000000.0,USD,500.0,2023-07-13,2023-07-16,Europe/London,"Golf Channel, CBS",1620000.0,full,closed,stroke,"[{'id': 'ece9907c-6fe3-4944-8cb9-bb1033270259', 'year': 2023, 'tour': {'id': 'b52068af-28e4-4e91-bdbb-037591b0ff84', 'alias': 'pga', 'name': 'PGA Tour'}}, {'id': 'af999c48-6103-40fc-a84b-062841252cc7', 'year': 2023, 'tour': {'id': 'e97bb87a-6347-40d0-8c8c-3d0f54a41043', 'alias': 'EURO', 'name': 'DP World Tour'}}]","{'position': 93, 'tied': True, 'score': 0, 'strokes': 140, 'status': 'CUT', 'rounds': [{'score': 1, 'strokes': 71, 'thru': 18, 'eagles': 0, 'birdies': 2, 'pars': 13, 'bogeys': 3, 'double_bogeys': 0, 'other_scores': 0, 'holes_in_one': 0, 'sequence': 1}, {'score': -1, 'strokes': 69, 'thru': 18, 'eagles': 0, 'birdies': 5, 'pars': 9, 'bogeys': 4, 'double_bogeys': 0, 'other_scores': 0, 'holes_in_one': 0, 'sequence': 2}]}",-2.0,-2.0,2.0
1622d9c1-0ff7-4751-ae85-97ce44b95aa5,The Open Championship,stroke,16500000.0,USD,600.0,2023-07-20,2023-07-23,Europe/London,"NBC, USA",2700000.0,full,closed,stroke,"[{'id': 'ece9907c-6fe3-4944-8cb9-bb1033270259', 'year': 2023, 'tour': {'id': 'b52068af-28e4-4e91-bdbb-037591b0ff84', 'alias': 'pga', 'name': 'PGA Tour'}}, {'id': 'af999c48-6103-40fc-a84b-062841252cc7', 'year': 2023, 'tour': {'id': 'e97bb87a-6347-40d0-8c8c-3d0f54a41043', 'alias': 'EURO', 'name': 'DP World Tour'}}]","{'position': 85, 'tied': True, 'score': 5, 'strokes': 147, 'status': 'CUT', 'rounds': [{'score': 8, 'strokes': 79, 'thru': 18, 'eagles': 0, 'birdies': 1, 'pars': 11, 'bogeys': 3, 'double_bogeys': 3, 'other_scores': 0, 'holes_in_one': 0, 'sequence': 1}, {'score': -3, 'strokes': 68, 'thru': 18, 'eagles': 0, 'birdies': 5, 'pars': 11, 'bogeys': 2, 'double_bogeys': 0, 'other_scores': 0, 'holes_in_one': 0, 'sequence': 2}]}",3.0,3.0,2.0
704576a7-e3be-4958-984d-0c5784af55b7,3M Open,stroke,7800000.0,USD,500.0,2023-07-27,2023-07-30,America/Chicago,"Golf Channel, CBS",1404000.0,full,closed,stroke,"[{'id': 'ece9907c-6fe3-4944-8cb9-bb1033270259', 'year': 2023, 'tour': {'id': 'b52068af-28e4-4e91-bdbb-037591b0ff84', 'alias': 'pga', 'name': 'PGA Tour'}}]","{'position': 74, 'tied': True, 'score': -3, 'strokes': 139, 'status': 'CUT', 'rounds': [{'score': 1, 'strokes': 72, 'thru': 18, 'eagles': 0, 'birdies': 3, 'pars': 11, 'bogeys': 4, 'double_bogeys': 0, 'other_scores': 0, 'holes_in_one': 0, 'sequence': 1}, {'score': -4, 'strokes': 67, 'thru': 18, 'eagles': 0, 'birdies': 5, 'pars': 12, 'bogeys': 1, 'double_bogeys': 0, 'other_scores': 0, 'holes_in_one': 0, 'sequence': 2}]}",-4.0,-4.0,2.0
97540454-f4b7-41a6-9a0d-d3c5bcc09442,FedEx St. Jude Championship,stroke,20000000.0,USD,2000.0,2023-08-10,2023-08-13,America/Chicago,"Golf Channel, CBS",3600000.0,full,closed,stroke,"[{'id': 'ece9907c-6fe3-4944-8cb9-bb1033270259', 'year': 2023, 'tour': {'id': 'b52068af-28e4-4e91-bdbb-037591b0ff84', 'alias': 'pga', 'name': 'PGA Tour'}}]","{'position': 13, 'tied': True, 'money': 386667.0, 'points': 229.0, 'score': -10, 'strokes': 270, 'rounds': [{'score': -3, 'strokes': 67, 'thru': 18, 'eagles': 0, 'birdies': 4, 'pars': 13, 'bogeys': 1, 'double_bogeys': 0, 'other_scores': 0, 'holes_in_one': 0, 'sequence': 1}, {'score': -2, 'strokes': 68, 'thru': 18, 'eagles': 0, 'birdies': 3, 'pars': 14, 'bogeys': 1, 'double_bogeys': 0, 'other_scores': 0, 'holes_in_one': 0, 'sequence': 2}, {'score': -1, 'strokes': 69, 'thru': 18, 'eagles': 0, 'birdies': 2, 'pars': 15, 'bogeys': 1, 'double_bogeys': 0, 'other_scores': 0, 'holes_in_one': 0, 'sequence': 3}, {'score': -4, 'strokes': 66, 'thru': 18, 'eagles': 0, 'birdies': 6, 'pars': 10, 'bogeys': 2, 'double_bogeys': 0, 'other_scores': 0, 'holes_in_one': 0, 'sequence': 4}]}",,,
62335a36-7fd7-41d7-a729-30ded11fcd9c,BMW Championship,stroke,20000000.0,USD,2000.0,2023-08-17,2023-08-20,America/Chicago,"Golf Channel, CBS",3600000.0,full,closed,stroke,"[{'id': 'ece9907c-6fe3-4944-8cb9-bb1033270259', 'year': 2023, 'tour': {'id': 'b52068af-28e4-4e91-bdbb-037591b0ff84', 'alias': 'pga', 'name': 'PGA Tour'}}]","{'position': 15, 'tied': True, 'money': 332000.0, 'points': 200.0, 'score': -6, 'strokes': 274, 'rounds': [{'score': -4, 'strokes': 66, 'thru': 18, 'eagles': 1, 'birdies': 3, 'pars': 13, 'bogeys': 1, 'double_bogeys': 0, 'other_scores': 0, 'holes_in_one': 0, 'sequence': 1}, {'score': 2, 'strokes': 72, 'thru': 18, 'eagles': 0, 'birdies': 3, 'pars': 10, 'bogeys': 5, 'double_bogeys': 0, 'other_scores': 0, 'holes_in_one': 0, 'sequence': 2}, {'score': -1, 'strokes': 69, 'thru': 18, 'eagles': 0, 'birdies': 3, 'pars': 13, 'bogeys': 2, 'double_bogeys': 0, 'other_scores': 0, 'holes_in_one': 0, 'sequence': 3}, {'score': -3, 'strokes': 67, 'thru': 18, 'eagles': 0, 'birdies': 5, 'pars': 11, 'bogeys': 2, 'double_bogeys': 0, 'other_scores': 0, 'holes_in_one': 0, 'sequence': 4}]}",,,
8700aba2-5e41-44cf-9178-91a8a990fd4e,Fortinet Championship,stroke,8400000.0,USD,,2023-09-14,2023-09-17,America/Los_Angeles,,,full,closed,stroke,"[{'id': 'ece9907c-6fe3-4944-8cb9-bb1033270259', 'year': 2023, 'tour': {'id': 'b52068af-28e4-4e91-bdbb-037591b0ff84', 'alias': 'pga', 'name': 'PGA Tour'}}]","{'position': 1, 'tied': False, 'money': 1512000.0, 'points': 0.0, 'score': -21, 'strokes': 267, 'rounds': [{'score': -4, 'strokes': 68, 'thru': 18, 'eagles': 0, 'birdies': 5, 'pars': 12, 'bogeys': 1, 'double_bogeys': 0, 'other_scores': 0, 'holes_in_one': 0, 'sequence': 1}, {'score': -8, 'strokes': 64, 'thru': 18, 'eagles': 1, 'birdies': 7, 'pars': 9, 'bogeys': 1, 'double_bogeys': 0, 'other_scores': 0, 'holes_in_one': 0, 'sequence': 2}, {'score': -5, 'strokes': 67, 'thru': 18, 'eagles': 0, 'birdies': 5, 'pars': 13, 'bogeys': 0, 'double_bogeys': 0, 'other_scores': 0, 'holes_in_one': 0, 'sequence': 3}, {'score': -4, 'strokes': 68, 'thru': 18, 'eagles': 0, 'birdies': 7, 'pars': 8, 'bogeys': 3, 'double_bogeys': 0, 'other_scores': 0, 'holes_in_one': 0, 'sequence': 4}]}",-3.0,-3.0,2.0
