id,name,event_type,currency,course_timezone,coverage,status,scoring_system,seasons,leaderboard,start_date,end_date,purse,cutline,cut_round,projected_cutline,points,network,winning_share
53cf1088-f9b4-424e-ab11-9a1cdd4eb7c2,Barbasol Championship Playoff,stroke,USD,America/New_York,full,closed,stroke,"[{'id': 'ece9907c-6fe3-4944-8cb9-bb1033270259', 'year': 2023, 'tour': {'id': 'b52068af-28e4-4e91-bdbb-037591b0ff84', 'alias': 'pga', 'name': 'PGA Tour'}}, {'id': 'af999c48-6103-40fc-a84b-062841252cc7', 'year': 2023, 'tour': {'id': 'e97bb87a-6347-40d0-8c8c-3d0f54a41043', 'alias': 'EURO', 'name': 'DP World Tour'}}]","{'position': 1, 'tied': False, 'score': 0, 'strokes': 4, 'rounds': [{'score': 0, 'strokes': 4, 'thru': 1, 'eagles': 0, 'birdies': 0, 'pars': 1, 'bogeys': 0, 'double_bogeys': 0, 'other_scores': 0, 'holes_in_one': 0, 'sequence': 1}]}",,,,,,,,,
6df856ef-2782-4fcc-9c76-45054115c470,Scandinavian Invitation,stroke,USD,Europe/Stockholm,full,closed,stroke,"[{'id': '6a06d55e-0f07-4b5b-8abf-c228fa554c4c', 'year': 2019, 'tour': {'id': 'e97bb87a-6347-40d0-8c8c-3d0f54a41043', 'alias': 'EURO', 'name': 'DP World Tour'}}]","{'position': 106, 'tied': True, 'score': 3, 'strokes': 143, 'status': 'CUT', 'rounds': [{'score': 1, 'strokes': 71, 'thru': 18, 'eagles': 0, 'birdies': 4, 'pars': 9, 'bogeys': 5, 'double_bogeys': 0, 'other_scores': 0, 'holes_in_one': 0, 'sequence': 1}, {'score': 2, 'strokes': 72, 'thru': 18, 'eagles': 0, 'birdies': 2, 'pars': 12, 'bogeys': 4, 'double_bogeys': 0, 'other_scores': 0, 'holes_in_one': 0, 'sequence': 2}]}",2019-08-22,2019-08-25,,,,,,,
fc89c98a-986b-43f7-bc35-4bfe2097f019,Scandinavian Mixed Hosted by Henrik & Annika,stroke,EUR,Europe/Stockholm,full,closed,stroke,"[{'id': '45f997ac-9b7e-41e3-8af3-564eaa21d248', 'year': 2021, 'tour': {'id': 'e97bb87a-6347-40d0-8c8c-3d0f54a41043', 'alias': 'EURO', 'name': 'DP World Tour'}}]","{'position': 14, 'tied': True, 'money': 0.0, 'points': 0.0, 'score': -9, 'strokes': 279, 'rounds': [{'score': -6, 'strokes': 66, 'thru': 18, 'eagles': 1, 'birdies': 7, 'pars': 8, 'bogeys': 1, 'double_bogeys': 1, 'other_scores': 0, 'holes_in_one': 0, 'sequence': 1}, {'score': 1, 'strokes': 73, 'thru': 18, 'eagles': 0, 'birdies': 5, 'pars': 8, 'bogeys': 4, 'double_bogeys': 1, 'other_scores': 0, 'holes_in_one': 0, 'sequence': 2}, {'score': -2, 'strokes': 70, 'thru': 18, 'eagles': 1, 'birdies': 4, 'pars': 9, 'bogeys': 4, 'double_bogeys': 0, 'other_scores': 0, 'holes_in_one': 0, 'sequence': 3}, {'score': -2, 'strokes': 70, 'thru': 18, 'eagles': 1, 'birdies': 4, 'pars': 10, 'bogeys': 2, 'double_bogeys': 1, 'other_scores': 0, 'holes_in_one': 0, 'sequence': 4}]}",2021-06-10,2021-06-13,1000000.0,-3.0,2.0,,,,
4eaa3476-12a5-4faa-ac59-1919c76cbab5,BMW International Open,stroke,EUR,Europe/Berlin,full,closed,stroke,"[{'id': '45f997ac-9b7e-41e3-8af3-564eaa21d248', 'year': 2021, 'tour': {'id': 'e97bb87a-6347-40d0-8c8c-3d0f54a41043', 'alias': 'EURO', 'name': 'DP World Tour'}}]","{'position': 5, 'tied': True, 'money': 38122.0, 'points': 75.8, 'score': -13, 'strokes': 275, 'rounds': [{'score': -3, 'strokes': 69, 'thru': 18, 'eagles': 0, 'birdies': 5, 'pars': 11, 'bogeys': 2, 'double_bogeys': 0, 'other_scores': 0, 'holes_in_one': 0, 'sequence': 1}, {'score': -3, 'strokes': 69, 'thru': 18, 'eagles': 1, 'birdies': 4, 'pars': 11, 'bogeys': 1, 'double_bogeys': 1, 'other_scores': 0, 'holes_in_one': 0, 'sequence': 2}, {'score': -1, 'strokes': 71, 'thru': 18, 'eagles': 1, 'birdies': 3, 'pars': 10, 'bogeys': 3, 'double_bogeys': 1, 'other_scores': 0, 'holes_in_one': 1, 'sequence': 3}, {'score': -6, 'strokes': 66, 'thru': 18, 'eagles': 0, 'birdies': 7, 'pars': 10, 'bogeys': 1, 'double_bogeys': 0, 'other_scores': 0, 'holes_in_one': 0, 'sequence': 4}]}",2021-06-24,2021-06-27,1500000.0,-2.0,2.0,,,,
319b19b2-f496-45aa-b558-ff52b84beac0,Irish Open,stroke,EUR,Europe/Dublin,full,closed,stroke,"[{'id': '45f997ac-9b7e-41e3-8af3-564eaa21d248', 'year': 2021, 'tour': {'id': 'e97bb87a-6347-40d0-8c8c-3d0f54a41043', 'alias': 'EURO', 'name': 'DP World Tour'}}]","{'position': 61, 'tied': True, 'money': 8545.0, 'points': 11.68, 'score': -1, 'strokes': 287, 'rounds': [{'score': -4, 'strokes': 68, 'thru': 18, 'eagles': 1, 'birdies': 3, 'pars': 13, 'bogeys': 1, 'double_bogeys': 0, 'other_scores': 0, 'holes_in_one': 0, 'sequence': 1}, {'score': 0, 'strokes': 72, 'thru': 18, 'eagles': 0, 'birdies': 2, 'pars': 14, 'bogeys': 2, 'double_bogeys': 0, 'other_scores': 0, 'holes_in_one': 0, 'sequence': 2}, {'score': 2, 'strokes': 74, 'thru': 18, 'eagles': 0, 'birdies': 2, 'pars': 12, 'bogeys': 4, 'double_bogeys': 0, 'other_scores': 0, 'holes_in_one': 0, 'sequence': 3}, {'score': 1, 'strokes': 73, 'thru': 18, 'eagles': 0, 'birdies': 3, 'pars': 12, 'bogeys': 2, 'double_bogeys': 1, 'other_scores': 0, 'holes_in_one': 0, 'sequence': 4}]}",2021-07-01,2021-07-04,3000000.0,-3.0,2.0,,,,
4e8eed33-bd68-4343-8e80-d6d6a3e1236d,Cazoo Open,stroke,EUR,Europe/London,full,closed,stroke,"[{'id': '45f997ac-9b7e-41e3-8af3-564eaa21d248', 'year': 2021, 'tour': {'id': 'e97bb87a-6347-40d0-8c8c-3d0f54a41043', 'alias': 'EURO', 'name': 'DP World Tour'}}]","{'position': 10, 'tied': True, 'money': 21094.0, 'points': 0.0, 'score': -8, 'strokes': 276, 'rounds': [{'score': -7, 'strokes': 64, 'thru': 18, 'eagles': 0, 'birdies': 7, 'pars': 11, 'bogeys': 0, 'double_bogeys': 0, 'other_scores': 0, 'holes_in_one': 0, 'sequence': 1}, {'score': -2, 'strokes': 69, 'thru': 18, 'eagles': 0, 'birdies': 5, 'pars': 11, 'bogeys': 1, 'double_bogeys': 1, 'other_scores': 0, 'holes_in_one': 0, 'sequence': 2}, {'score': 6, 'strokes': 77, 'thru': 18, 'eagles': 0, 'birdies': 5, 'pars': 7, 'bogeys': 4, 'double_bogeys': 1, 'other_scores': 1, 'holes_in_one': 0, 'sequence': 3}, {'score': -5, 'strokes': 66, 'thru': 18, 'eagles': 0, 'birdies': 5, 'pars': 13, 'bogeys': 0, 'double_bogeys': 0, 'other_scores': 0, 'holes_in_one': 0, 'sequence': 4}]}",2021-07-22,2021-07-25,1250000.0,2.0,2.0,,,,
5447a6f7-14f5-4943-8b5c-c763da774f7d,ISPS HANDA World Invitational,stroke,EUR,Europe/London,full,closed,stroke,"[{'id': '45f997ac-9b7e-41e3-8af3-564eaa21d248', 'year': 2021, 'tour': {'id': 'e97bb87a-6347-40d0-8c8c-3d0f54a41043', 'alias': 'EURO', 'name': 'DP World Tour'}}]","{'position': 11, 'tied': True, 'money': 19793.0, 'points': 33.45, 'score': -9, 'strokes': 271, 'rounds': [{'score': -1, 'strokes': 69, 'thru': 18, 'eagles': 1, 'birdies': 3, 'pars': 10, 'bogeys': 4, 'double_bogeys': 0, 'other_scores': 0, 'holes_in_one': 0, 'sequence': 1}, {'score': -5, 'strokes': 65, 'thru': 18, 'eagles': 0, 'birdies': 5, 'pars': 13, 'bogeys': 0, 'double_bogeys': 0, 'other_scores': 0, 'holes_in_one': 0, 'sequence': 2}, {'score': -3, 'strokes': 67, 'thru': 18, 'eagles': 0, 'birdies': 5, 'pars': 11, 'bogeys': 2, 'double_bogeys': 0, 'other_scores': 0, 'holes_in_one': 0, 'sequence': 3}, {'score': 0, 'strokes': 70, 'thru': 18, 'eagles': 0, 'birdies': 2, 'pars': 14, 'bogeys': 2, 'double_bogeys': 0, 'other_scores': 0, 'holes_in_one': 0, 'sequence': 4}]}",2021-07-29,2021-08-01,1175000.0,0.0,2.0,,,,
4994cbfc-15d2-49a9-928a-bca5a8278d68,Cazoo Classic,stroke,EUR,Europe/London,full,closed,stroke,"[{'id': '45f997ac-9b7e-41e3-8af3-564eaa21d248', 'year': 2021, 'tour': {'id': 'e97bb87a-6347-40d0-8c8c-3d0f54a41043', 'alias': 'EURO', 'name': 'DP World Tour'}}]","{'position': 99, 'tied': True, 'score': 2, 'strokes': 146, 'status': 'CUT', 'rounds': [{'score': 0, 'strokes': 72, 'thru': 18, 'eagles': 0, 'birdies': 4, 'pars': 10, 'bogeys': 4, 'double_bogeys': 0, 'other_scores': 0, 'holes_in_one': 0, 'sequence': 1}, {'score': 2, 'strokes': 74, 'thru': 18, 'eagles': 0, 'birdies': 2, 'pars': 13, 'bogeys': 2, 'double_bogeys': 1, 'other_scores': 0, 'holes_in_one': 0, 'sequence': 2}]}",2021-08-12,2021-08-15,1250000.0,-1.0,2.0,,,,
2a127596-0ec7-497b-8cd8-7aa4cadf78ba,Czech Masters,stroke,EUR,Europe/Prague,full,closed,stroke,"[{'id': '45f997ac-9b7e-41e3-8af3-564eaa21d248', 'year': 2021, 'tour': {'id': 'e97bb87a-6347-40d0-8c8c-3d0f54a41043', 'alias': 'EURO', 'name': 'DP World Tour'}}]","{'position': 92, 'tied': True, 'score': 4, 'strokes': 148, 'status': 'CUT', 'rounds': [{'score': -1, 'strokes': 71, 'thru': 18, 'eagles': 0, 'birdies': 4, 'pars': 11, 'bogeys': 3, 'double_bogeys': 0, 'other_scores': 0, 'holes_in_one': 0, 'sequence': 1}, {'score': 5, 'strokes': 77, 'thru': 18, 'eagles': 0, 'birdies': 1, 'pars': 12, 'bogeys': 4, 'double_bogeys': 1, 'other_scores': 0, 'holes_in_one': 0, 'sequence': 2}]}",2021-08-19,2021-08-22,1000000.0,0.0,2.0,,,,
916a0211-c688-4563-967e-e4abff4ced1f,Alfred Dunhill Links Championship,stroke,EUR,Europe/London,full,closed,stroke,"[{'id': '45f997ac-9b7e-41e3-8af3-564eaa21d248', 'year': 2021, 'tour': {'id': 'e97bb87a-6347-40d0-8c8c-3d0f54a41043', 'alias': 'EURO', 'name': 'DP World Tour'}}]","{'position': 155, 'tied': True, 'score': 13, 'strokes': 229, 'status': 'CUT', 'rounds': [{'score': 5, 'strokes': 77, 'thru': 18, 'eagles': 0, 'birdies': 2, 'pars': 10, 'bogeys': 5, 'double_bogeys': 1, 'other_scores': 0, 'holes_in_one': 0, 'sequence': 1}, {'score': 4, 'strokes': 76, 'thru': 18, 'eagles': 0, 'birdies': 3, 'pars': 9, 'bogeys': 5, 'double_bogeys': 1, 'other_scores': 0, 'holes_in_one': 0, 'sequence': 2}, {'score': 4, 'strokes': 76, 'thru': 18, 'eagles': 0, 'birdies': 2, 'pars': 10, 'bogeys': 6, 'double_bogeys': 0, 'other_scores': 0, 'holes_in_one': 0, 'sequence': 3}]}",2021-09-30,2021-10-03,5000000.0,-2.0,3.0,,,,
2859b1be-4db0-4054-8a88-a5e2656bd140,The Bahamas Great Exuma Classic,stroke,USD,America/Nassau,full,closed,stroke,"[{'id': '1a559ec3-8bfb-4170-a893-c1b43565151c', 'year': 2022, 'tour': {'id': '6ccf9f48-82ca-41d7-a649-99393a2aa0b1', 'alias': 'PGAD', 'name': 'Korn Ferry Tour'}}]","{'position': 94, 'tied': True, 'score': 6, 'strokes': 150, 'status': 'CUT', 'rounds': [{'score': 2, 'strokes': 74, 'thru': 18, 'eagles': 0, 'birdies': 3, 'pars': 12, 'bogeys': 2, 'double_bogeys': 0, 'other_scores': 1, 'holes_in_one': 0, 'sequence': 1}, {'score': 4, 'strokes': 76, 'thru': 18, 'eagles': 0, 'birdies': 1, 'pars': 12, 'bogeys': 5, 'double_bogeys': 0, 'other_scores': 0, 'holes_in_one': 0, 'sequence': 2}]}",2022-01-16,2022-01-19,750000.0,2.0,2.0,,,,
20fc64de-d06b-4fd9-9623-84ffe6224678,The Bahamas Great Abaco Classic,stroke,USD,America/Nassau,full,closed,stroke,"[{'id': '1a559ec3-8bfb-4170-a893-c1b43565151c', 'year': 2022, 'tour': {'id': '6ccf9f48-82ca-41d7-a649-99393a2aa0b1', 'alias': 'PGAD', 'name': 'Korn Ferry Tour'}}]","{'position': 16, 'tied': True, 'money': 14063.0, 'points': 0.0, 'score': -10, 'strokes': 278, 'rounds': [{'score': -5, 'strokes': 67, 'thru': 18, 'eagles': 1, 'birdies': 5, 'pars': 10, 'bogeys': 2, 'double_bogeys': 0, 'other_scores': 0, 'holes_in_one': 0, 'sequence': 1}, {'score': -3, 'strokes': 69, 'thru': 18, 'eagles': 0, 'birdies': 5, 'pars': 11, 'bogeys': 2, 'double_bogeys': 0, 'other_scores': 0, 'holes_in_one': 0, 'sequence': 2}, {'score': -1, 'strokes': 71, 'thru': 18, 'eagles': 0, 'birdies': 4, 'pars': 11, 'bogeys': 3, 'double_bogeys': 0, 'other_scores': 0, 'holes_in_one': 0, 'sequence': 3}, {'score': -1, 'strokes': 71, 'thru': 18, 'eagles': 0, 'birdies': 4, 'pars': 11, 'bogeys': 3, 'double_bogeys': 0, 'other_scores': 0, 'holes_in_one': 0, 'sequence': 4}]}",2022-01-23,2022-01-26,750000.0,-1.0,2.0,,,,
04544d06-8375-4e58-8d9f-60866b43be7c,Panama Championship,stroke,USD,America/Panama,full,closed,stroke,"[{'id': '1a559ec3-8bfb-4170-a893-c1b43565151c', 'year': 2022, 'tour': {'id': '6ccf9f48-82ca-41d7-a649-99393a2aa0b1', 'alias': 'PGAD', 'name': 'Korn Ferry Tour'}}]","{'position': 23, 'tied': True, 'money': 7613.0, 'points': 0.0, 'score': -1, 'strokes': 279, 'rounds': [{'score': 0, 'strokes': 70, 'thru': 18, 'eagles': 0, 'birdies': 1, 'pars': 16, 'bogeys': 1, 'double_bogeys': 0, 'other_scores': 0, 'holes_in_one': 0, 'sequence': 1}, {'score': 0, 'strokes': 70, 'thru': 18, 'eagles': 0, 'birdies': 2, 'pars': 14, 'bogeys': 2, 'double_bogeys': 0, 'other_scores': 0, 'holes_in_one': 0, 'sequence': 2}, {'score': -1, 'strokes': 69, 'thru': 18, 'eagles': 0, 'birdies': 4, 'pars': 11, 'bogeys': 3, 'double_bogeys': 0, 'other_scores': 0, 'holes_in_one': 0, 'sequence': 3}, {'score': 0, 'strokes': 70, 'thru': 18, 'eagles': 0, 'birdies': 3, 'pars': 12, 'bogeys': 3, 'double_bogeys': 0, 'other_scores': 0, 'holes_in_one': 0, 'sequence': 4}]}",2022-02-03,2022-02-06,750000.0,0.0,2.0,,,,
19128557-9424-4a0a-b836-6b4e84479ac1,Country Club de Bogota Championship,stroke,USD,America/Bogota,full,closed,stroke,"[{'id': '1a559ec3-8bfb-4170-a893-c1b43565151c', 'year': 2022, 'tour': {'id': '6ccf9f48-82ca-41d7-a649-99393a2aa0b1', 'alias': 'PGAD', 'name': 'Korn Ferry Tour'}}]","{'position': 30, 'tied': True, 'money': 4995.0, 'points': 0.0, 'score': -9, 'strokes': 274, 'rounds': [{'score': -4, 'strokes': 66, 'thru': 18, 'eagles': 1, 'birdies': 4, 'pars': 11, 'bogeys': 2, 'double_bogeys': 0, 'other_scores': 0, 'holes_in_one': 0, 'sequence': 1}, {'score': -6, 'strokes': 65, 'thru': 18, 'eagles': 1, 'birdies': 5, 'pars': 11, 'bogeys': 1, 'double_bogeys': 0, 'other_scores': 0, 'holes_in_one': 0, 'sequence': 2}, {'score': 2, 'strokes': 73, 'thru': 18, 'eagles': 0, 'birdies': 3, 'pars': 11, 'bogeys': 3, 'double_bogeys': 1, 'other_scores': 0, 'holes_in_one': 0, 'sequence': 3}, {'score': -1, 'strokes': 70, 'thru': 18, 'eagles': 0, 'birdies': 6, 'pars': 7, 'bogeys': 5, 'double_bogeys': 0, 'other_scores': 0, 'holes_in_one': 0, 'sequence': 4}]}",2022-02-10,2022-02-13,750000.0,-4.0,2.0,,,,
76d0a9ee-d69d-46a4-bb13-d23ea171ec87,LECOM Suncoast Classic,stroke,USD,America/New_York,full,closed,stroke,"[{'id': '1a559ec3-8bfb-4170-a893-c1b43565151c', 'year': 2022, 'tour': {'id': '6ccf9f48-82ca-41d7-a649-99393a2aa0b1', 'alias': 'PGAD', 'name': 'Korn Ferry Tour'}}]","{'position': 123, 'tied': True, 'score': 1, 'strokes': 143, 'status': 'CUT', 'rounds': [{'score': 4, 'strokes': 75, 'thru': 18, 'eagles': 0, 'birdies': 1, 'pars': 13, 'bogeys': 3, 'double_bogeys': 1, 'other_scores': 0, 'holes_in_one': 0, 'sequence': 1}, {'score': -3, 'strokes': 68, 'thru': 18, 'eagles': 1, 'birdies': 5, 'pars': 9, 'bogeys': 2, 'double_bogeys': 1, 'other_scores': 0, 'holes_in_one': 0, 'sequence': 2}]}",2022-02-17,2022-02-20,750000.0,-6.0,2.0,,,,
3d8eb194-39ee-4f02-bb05-7668b5df411a,Chitimacha Louisiana Open,stroke,USD,America/Chicago,full,closed,stroke,"[{'id': '1a559ec3-8bfb-4170-a893-c1b43565151c', 'year': 2022, 'tour': {'id': '6ccf9f48-82ca-41d7-a649-99393a2aa0b1', 'alias': 'PGAD', 'name': 'Korn Ferry Tour'}}]","{'position': 28, 'tied': True, 'money': 5355.0, 'points': 0.0, 'score': -8, 'strokes': 276, 'rounds': [{'score': -4, 'strokes': 67, 'thru': 18, 'eagles': 0, 'birdies': 5, 'pars': 12, 'bogeys': 1, 'double_bogeys': 0, 'other_scores': 0, 'holes_in_one': 0, 'sequence': 1}, {'score': -1, 'strokes': 70, 'thru': 18, 'eagles': 0, 'birdies': 3, 'pars': 13, 'bogeys': 2, 'double_bogeys': 0, 'other_scores': 0, 'holes_in_one': 0, 'sequence': 2}, {'score': -1, 'strokes': 70, 'thru': 18, 'eagles': 1, 'birdies': 5, 'pars': 6, 'bogeys': 6, 'double_bogeys': 0, 'other_scores': 0, 'holes_in_one': 0, 'sequence': 3}, {'score': -2, 'strokes': 69, 'thru': 18, 'eagles': 0, 'birdies': 4, 'pars': 12, 'bogeys': 2, 'double_bogeys': 0, 'other_scores': 0, 'holes_in_one': 0, 'sequence': 4}]}",2022-03-17,2022-03-20,750000.0,-2.0,2.0,,,,
e53e678b-8264-458f-92ea-5f2b47fc07d3,Lake Charles Championship,stroke,USD,America/Chicago,full,closed,stroke,"[{'id': '1a559ec3-8bfb-4170-a893-c1b43565151c', 'year': 2022, 'tour': {'id': '6ccf9f48-82ca-41d7-a649-99393a2aa0b1', 'alias': 'PGAD', 'name': 'Korn Ferry Tour'}}]","{'position': 102, 'tied': True, 'score': 1, 'strokes': 143, 'status': 'CUT', 'rounds': [{'score': 4, 'strokes': 75, 'thru': 18, 'eagles': 0, 'birdies': 1, 'pars': 12, 'bogeys': 5, 'double_bogeys': 0, 'other_scores': 0, 'holes_in_one': 0, 'sequence': 1}, {'score': -3, 'strokes': 68, 'thru': 18, 'eagles': 0, 'birdies': 4, 'pars': 13, 'bogeys': 1, 'double_bogeys': 0, 'other_scores': 0, 'holes_in_one': 0, 'sequence': 2}]}",2022-03-24,2022-03-27,750000.0,-2.0,2.0,,,,
89feb37a-6c7e-4c7d-aeb5-e33135005117,Club Car Championship at The Landings Club,stroke,USD,America/New_York,full,closed,stroke,"[{'id': '1a559ec3-8bfb-4170-a893-c1b43565151c', 'year': 2022, 'tour': {'id': '6ccf9f48-82ca-41d7-a649-99393a2aa0b1', 'alias': 'PGAD', 'name': 'Korn Ferry Tour'}}]","{'position': 94, 'tied': True, 'score': 1, 'strokes': 145, 'status': 'CUT', 'rounds': [{'score': 2, 'strokes': 74, 'thru': 18, 'eagles': 0, 'birdies': 1, 'pars': 14, 'bogeys': 3, 'double_bogeys': 0, 'other_scores': 0, 'holes_in_one': 0, 'sequence': 1}, {'score': -1, 'strokes': 71, 'thru': 18, 'eagles': 1, 'birdies': 2, 'pars': 12, 'bogeys': 3, 'double_bogeys': 0, 'other_scores': 0, 'holes_in_one': 0, 'sequence': 2}]}",2022-03-31,2022-04-03,750000.0,-2.0,2.0,,,,
952a38d6-5fbf-491e-8395-5259a1b1d57a,Veritex Bank Championship,stroke,USD,America/Chicago,full,closed,stroke,"[{'id': '1a559ec3-8bfb-4170-a893-c1b43565151c', 'year': 2022, 'tour': {'id': '6ccf9f48-82ca-41d7-a649-99393a2aa0b1', 'alias': 'PGAD', 'name': 'Korn Ferry Tour'}}]","{'position': 86, 'tied': True, 'score': -3, 'strokes': 139, 'status': 'CUT', 'rounds': [{'score': -4, 'strokes': 67, 'thru': 18, 'eagles': 0, 'birdies': 5, 'pars': 12, 'bogeys': 1, 'double_bogeys': 0, 'other_scores': 0, 'holes_in_one': 0, 'sequence': 1}, {'score': 1, 'strokes': 72, 'thru': 18, 'eagles': 0, 'birdies': 4, 'pars': 9, 'bogeys': 5, 'double_bogeys': 0, 'other_scores': 0, 'holes_in_one': 0, 'sequence': 2}]}",2022-04-13,2022-04-16,750000.0,-5.0,2.0,-5.0,,,
64bb1d20-ad74-4ee5-aae7-40b06c3734e9,Huntsville Championship,stroke,USD,America/Chicago,full,closed,stroke,"[{'id': '1a559ec3-8bfb-4170-a893-c1b43565151c', 'year': 2022, 'tour': {'id': '6ccf9f48-82ca-41d7-a649-99393a2aa0b1', 'alias': 'PGAD', 'name': 'Korn Ferry Tour'}}]","{'position': 92, 'tied': True, 'score': 3, 'strokes': 143, 'status': 'CUT', 'rounds': [{'score': 1, 'strokes': 71, 'thru': 18, 'eagles': 0, 'birdies': 4, 'pars': 10, 'bogeys': 3, 'double_bogeys': 1, 'other_scores': 0, 'holes_in_one': 0, 'sequence': 1}, {'score': 2, 'strokes': 72, 'thru': 18, 'eagles': 0, 'birdies': 1, 'pars': 14, 'bogeys': 3, 'double_bogeys': 0, 'other_scores': 0, 'holes_in_one': 0, 'sequence': 2}]}",2022-04-28,2022-05-01,750000.0,0.0,2.0,,,,
971e060e-ffb0-44b0-90ed-0b99d966002a,Simmons Bank Open for the Snedeker Foundation,stroke,USD,America/Chicago,full,closed,stroke,"[{'id': '1a559ec3-8bfb-4170-a893-c1b43565151c', 'year': 2022, 'tour': {'id': '6ccf9f48-82ca-41d7-a649-99393a2aa0b1', 'alias': 'PGAD', 'name': 'Korn Ferry Tour'}}]","{'position': 3, 'tied': True, 'money': 39375.0, 'points': 0.0, 'score': -14, 'strokes': 274, 'rounds': [{'score': -4, 'strokes': 68, 'thru': 18, 'eagles': 0, 'birdies': 5, 'pars': 12, 'bogeys': 1, 'double_bogeys': 0, 'other_scores': 0, 'holes_in_one': 0, 'sequence': 1}, {'score': -2, 'strokes': 70, 'thru': 18, 'eagles': 0, 'birdies': 5, 'pars': 11, 'bogeys': 1, 'double_bogeys': 1, 'other_scores': 0, 'holes_in_one': 0, 'sequence': 2}, {'score': -3, 'strokes': 69, 'thru': 18, 'eagles': 0, 'birdies': 4, 'pars': 13, 'bogeys': 1, 'double_bogeys': 0, 'other_scores': 0, 'holes_in_one': 0, 'sequence': 3}, {'score': -5, 'strokes': 67, 'thru': 18, 'eagles': 0, 'birdies': 7, 'pars': 10, 'bogeys': 0, 'double_bogeys': 1, 'other_scores': 0, 'holes_in_one': 0, 'sequence': 4}]}",2022-05-05,2022-05-08,750000.0,-3.0,2.0,-3.0,,,
757659c1-1c23-4022-a69e-8d934d2022d2,Visit Knoxville Open,stroke,USD,America/New_York,full,closed,stroke,"[{'id': '1a559ec3-8bfb-4170-a893-c1b43565151c', 'year': 2022, 'tour': {'id': '6ccf9f48-82ca-41d7-a649-99393a2aa0b1', 'alias': 'PGAD', 'name': 'Korn Ferry Tour'}}]","{'position': 67, 'tied': True, 'money': 2948.0, 'points': 0.0, 'score': -3, 'strokes': 277, 'rounds': [{'score': 1, 'strokes': 71, 'thru': 18, 'eagles': 0, 'birdies': 3, 'pars': 12, 'bogeys': 2, 'double_bogeys': 1, 'other_scores': 0, 'holes_in_one': 0, 'sequence': 1}, {'score': -5, 'strokes': 65, 'thru': 18, 'eagles': 0, 'birdies': 6, 'pars': 11, 'bogeys': 1, 'double_bogeys': 0, 'other_scores': 0, 'holes_in_one': 0, 'sequence': 2}, {'score': 1, 'strokes': 71, 'thru': 18, 'eagles': 0, 'birdies': 4, 'pars': 9, 'bogeys': 5, 'double_bogeys': 0, 'other_scores': 0, 'holes_in_one': 0, 'sequence': 3}, {'score': 0, 'strokes': 70, 'thru': 18, 'eagles': 0, 'birdies': 3, 'pars': 12, 'bogeys': 3, 'double_bogeys': 0, 'other_scores': 0, 'holes_in_one': 0, 'sequence': 4}]}",2022-05-12,2022-05-15,750000.0,-2.0,2.0,,,,
f12b6c39-74d7-42ec-9d81-4a35273dcab7,NV5 Invitational presented by Old National Bank,stroke,USD,America/Chicago,full,closed,stroke,"[{'id': '1a559ec3-8bfb-4170-a893-c1b43565151c', 'year': 2022, 'tour': {'id': '6ccf9f48-82ca-41d7-a649-99393a2aa0b1', 'alias': 'PGAD', 'name': 'Korn Ferry Tour'}}]","{'position': 80, 'tied': True, 'score': -2, 'strokes': 140, 'status': 'CUT', 'rounds': [{'score': 2, 'strokes': 73, 'thru': 18, 'eagles': 0, 'birdies': 1, 'pars': 15, 'bogeys': 1, 'double_bogeys': 1, 'other_scores': 0, 'holes_in_one': 0, 'sequence': 1}, {'score': -4, 'strokes': 67, 'thru': 18, 'eagles': 1, 'birdies': 5, 'pars': 10, 'bogeys': 1, 'double_bogeys': 1, 'other_scores': 0, 'holes_in_one': 0, 'sequence': 2}]}",2022-05-26,2022-05-29,750000.0,-4.0,2.0,,,,
e462ed10-816b-4402-a594-487545601821,REX Hospital Open,stroke,USD,America/New_York,full,closed,stroke,"[{'id': '1a559ec3-8bfb-4170-a893-c1b43565151c', 'year': 2022, 'tour': {'id': '6ccf9f48-82ca-41d7-a649-99393a2aa0b1', 'alias': 'PGAD', 'name': 'Korn Ferry Tour'}}]","{'position': 2, 'tied': True, 'money': 56250.0, 'points': 0.0, 'score': -16, 'strokes': 268, 'rounds': [{'score': -5, 'strokes': 66, 'thru': 18, 'eagles': 0, 'birdies': 6, 'pars': 11, 'bogeys': 1, 'double_bogeys': 0, 'other_scores': 0, 'holes_in_one': 0, 'sequence': 1}, {'score': -2, 'strokes': 69, 'thru': 18, 'eagles': 0, 'birdies': 2, 'pars': 16, 'bogeys': 0, 'double_bogeys': 0, 'other_scores': 0, 'holes_in_one': 0, 'sequence': 2}, {'score': -6, 'strokes': 65, 'thru': 18, 'eagles': 0, 'birdies': 7, 'pars': 10, 'bogeys': 1, 'double_bogeys': 0, 'other_scores': 0, 'holes_in_one': 0, 'sequence': 3}, {'score': -3, 'strokes': 68, 'thru': 18, 'eagles': 0, 'birdies': 4, 'pars': 13, 'bogeys': 1, 'double_bogeys': 0, 'other_scores': 0, 'holes_in_one': 0, 'sequence': 4}]}",2022-06-02,2022-06-05,750000.0,-3.0,2.0,,,,
1a04cdb9-00c7-4a0c-957b-2bd80950dccc,BMW Charity Pro-Am,stroke,USD,America/New_York,full,closed,stroke,"[{'id': '1a559ec3-8bfb-4170-a893-c1b43565151c', 'year': 2022, 'tour': {'id': '6ccf9f48-82ca-41d7-a649-99393a2aa0b1', 'alias': 'PGAD', 'name': 'Korn Ferry Tour'}}]","{'position': 15, 'tied': True, 'money': 11266.0, 'points': 0.0, 'score': -15, 'strokes': 270, 'rounds': [{'score': -4, 'strokes': 68, 'thru': 18, 'eagles': 0, 'birdies': 4, 'pars': 14, 'bogeys': 0, 'double_bogeys': 0, 'other_scores': 0, 'holes_in_one': 0, 'sequence': 1}, {'score': -1, 'strokes': 70, 'thru': 18, 'eagles': 0, 'birdies': 3, 'pars': 13, 'bogeys': 2, 'double_bogeys': 0, 'other_scores': 0, 'holes_in_one': 0, 'sequence': 2}, {'score': -3, 'strokes': 68, 'thru': 18, 'eagles': 0, 'birdies': 4, 'pars': 13, 'bogeys': 1, 'double_bogeys': 0, 'other_scores': 0, 'holes_in_one': 0, 'sequence': 3}, {'score': -7, 'strokes': 64, 'thru': 18, 'eagles': 0, 'birdies': 7, 'pars': 11, 'bogeys': 0, 'double_bogeys': 0, 'other_scores': 0, 'holes_in_one': 0, 'sequence': 4}]}",2022-06-09,2022-06-12,750000.0,-4.0,2.0,,,,
36fabe70-7532-4f5e-bf4a-a2e10b3cc38a,Wichita Open,stroke,USD,America/Chicago,full,closed,stroke,"[{'id': '1a559ec3-8bfb-4170-a893-c1b43565151c', 'year': 2022, 'tour': {'id': '6ccf9f48-82ca-41d7-a649-99393a2aa0b1', 'alias': 'PGAD', 'name': 'Korn Ferry Tour'}}]","{'position': 8, 'tied': True, 'money': 20625.0, 'points': 0.0, 'score': -16, 'strokes': 264, 'rounds': [{'score': -4, 'strokes': 66, 'thru': 18, 'eagles': 0, 'birdies': 6, 'pars': 10, 'bogeys': 2, 'double_bogeys': 0, 'other_scores': 0, 'holes_in_one': 0, 'sequence': 1}, {'score': -5, 'strokes': 65, 'thru': 18, 'eagles': 0, 'birdies': 7, 'pars': 9, 'bogeys': 2, 'double_bogeys': 0, 'other_scores': 0, 'holes_in_one': 0, 'sequence': 2}, {'score': -2, 'strokes': 68, 'thru': 18, 'eagles': 1, 'birdies': 4, 'pars': 9, 'bogeys': 4, 'double_bogeys': 0, 'other_scores': 0, 'holes_in_one': 0, 'sequence': 3}, {'score': -5, 'strokes': 65, 'thru': 18, 'eagles': 0, 'birdies': 5, 'pars': 13, 'bogeys': 0, 'double_bogeys': 0, 'other_scores': 0, 'holes_in_one': 0, 'sequence': 4}]}",2022-06-16,2022-06-19,750000.0,-4.0,2.0,,,,
6734a54a-3dbb-4ef1-b1eb-d3c1d295449f,The Ascendant,stroke,USD,America/Denver,full,closed,stroke,"[{'id': '1a559ec3-8bfb-4170-a893-c1b43565151c', 'year': 2022, 'tour': {'id': '6ccf9f48-82ca-41d7-a649-99393a2aa0b1', 'alias': 'PGAD', 'name': 'Korn Ferry Tour'}}]","{'position': 33, 'tied': True, 'money': 4613.0, 'points': 0.0, 'score': -7, 'strokes': 281, 'rounds': [{'score': -2, 'strokes': 70, 'thru': 18, 'eagles': 0, 'birdies': 5, 'pars': 10, 'bogeys': 3, 'double_bogeys': 0, 'other_scores': 0, 'holes_in_one': 0, 'sequence': 1}, {'score': -2, 'strokes': 70, 'thru': 18, 'eagles': 0, 'birdies': 3, 'pars': 14, 'bogeys': 1, 'double_bogeys': 0, 'other_scores': 0, 'holes_in_one': 0, 'sequence': 2}, {'score': -1, 'strokes': 71, 'thru': 18, 'eagles': 0, 'birdies': 4, 'pars': 11, 'bogeys': 3, 'double_bogeys': 0, 'other_scores': 0, 'holes_in_one': 0, 'sequence': 3}, {'score': -2, 'strokes': 70, 'thru': 18, 'eagles': 0, 'birdies': 5, 'pars': 10, 'bogeys': 3, 'double_bogeys': 0, 'other_scores': 0, 'holes_in_one': 0, 'sequence': 4}]}",2022-06-30,2022-07-03,750000.0,-1.0,2.0,,,,
014c5f04-f8dd-4bb4-b92a-5cac873e93b0,Memorial Health Championship,stroke,USD,America/Chicago,full,closed,stroke,"[{'id': '1a559ec3-8bfb-4170-a893-c1b43565151c', 'year': 2022, 'tour': {'id': '6ccf9f48-82ca-41d7-a649-99393a2aa0b1', 'alias': 'PGAD', 'name': 'Korn Ferry Tour'}}]","{'position': 26, 'tied': True, 'money': 5419.0, 'points': 0.0, 'score': -16, 'strokes': 268, 'rounds': [{'score': -2, 'strokes': 69, 'thru': 18, 'eagles': 0, 'birdies': 4, 'pars': 12, 'bogeys': 2, 'double_bogeys': 0, 'other_scores': 0, 'holes_in_one': 0, 'sequence': 1}, {'score': -7, 'strokes': 64, 'thru': 18, 'eagles': 1, 'birdies': 5, 'pars': 12, 'bogeys': 0, 'double_bogeys': 0, 'other_scores': 0, 'holes_in_one': 0, 'sequence': 2}, {'score': -7, 'strokes': 64, 'thru': 18, 'eagles': 0, 'birdies': 7, 'pars': 11, 'bogeys': 0, 'double_bogeys': 0, 'other_scores': 0, 'holes_in_one': 0, 'sequence': 3}, {'score': 0, 'strokes': 71, 'thru': 18, 'eagles': 0, 'birdies': 3, 'pars': 13, 'bogeys': 1, 'double_bogeys': 1, 'other_scores': 0, 'holes_in_one': 0, 'sequence': 4}]}",2022-07-14,2022-07-17,750000.0,-5.0,2.0,,,,
da7f3b15-a2cd-4f08-b80b-1c932e971bcf,Price Cutter Charity Championship,stroke,USD,America/Chicago,full,closed,stroke,"[{'id': '1a559ec3-8bfb-4170-a893-c1b43565151c', 'year': 2022, 'tour': {'id': '6ccf9f48-82ca-41d7-a649-99393a2aa0b1', 'alias': 'PGAD', 'name': 'Korn Ferry Tour'}}]","{'position': 114, 'tied': True, 'score': -1, 'strokes': 143, 'status': 'CUT', 'rounds': [{'score': -2, 'strokes': 70, 'thru': 18, 'eagles': 0, 'birdies': 2, 'pars': 16, 'bogeys': 0, 'double_bogeys': 0, 'other_scores': 0, 'holes_in_one': 0, 'sequence': 1}, {'score': 1, 'strokes': 73, 'thru': 18, 'eagles': 0, 'birdies': 5, 'pars': 7, 'bogeys': 6, 'double_bogeys': 0, 'other_scores': 0, 'holes_in_one': 0, 'sequence': 2}]}",2022-07-21,2022-07-24,750000.0,-5.0,2.0,,,,
0a8b8f33-58f7-4270-95a2-50cc64400422,Utah Championship,stroke,USD,America/Denver,full,closed,stroke,"[{'id': '1a559ec3-8bfb-4170-a893-c1b43565151c', 'year': 2022, 'tour': {'id': '6ccf9f48-82ca-41d7-a649-99393a2aa0b1', 'alias': 'PGAD', 'name': 'Korn Ferry Tour'}}]","{'position': 30, 'tied': True, 'money': 4369.0, 'points': 0.0, 'score': -13, 'strokes': 271, 'rounds': [{'score': -3, 'strokes': 68, 'thru': 18, 'eagles': 0, 'birdies': 5, 'pars': 11, 'bogeys': 2, 'double_bogeys': 0, 'other_scores': 0, 'holes_in_one': 0, 'sequence': 1}, {'score': -5, 'strokes': 66, 'thru': 18, 'eagles': 0, 'birdies': 5, 'pars': 13, 'bogeys': 0, 'double_bogeys': 0, 'other_scores': 0, 'holes_in_one': 0, 'sequence': 2}, {'score': -1, 'strokes': 70, 'thru': 18, 'eagles': 0, 'birdies': 3, 'pars': 13, 'bogeys': 2, 'double_bogeys': 0, 'other_scores': 0, 'holes_in_one': 0, 'sequence': 3}, {'score': -4, 'strokes': 67, 'thru': 18, 'eagles': 0, 'birdies': 6, 'pars': 10, 'bogeys': 2, 'double_bogeys': 0, 'other_scores': 0, 'holes_in_one': 0, 'sequence': 4}]}",2022-08-04,2022-08-07,750000.0,-5.0,2.0,,,,
1b40d893-e8b5-4db8-a265-3771759d25e1,Pinnacle Bank Championship,stroke,USD,America/Chicago,full,closed,stroke,"[{'id': '1a559ec3-8bfb-4170-a893-c1b43565151c', 'year': 2022, 'tour': {'id': '6ccf9f48-82ca-41d7-a649-99393a2aa0b1', 'alias': 'PGAD', 'name': 'Korn Ferry Tour'}}]","{'position': 31, 'tied': True, 'money': 5653.0, 'points': 0.0, 'score': -7, 'strokes': 277, 'rounds': [{'score': 0, 'strokes': 71, 'thru': 18, 'eagles': 0, 'birdies': 3, 'pars': 12, 'bogeys': 3, 'double_bogeys': 0, 'other_scores': 0, 'holes_in_one': 0, 'sequence': 1}, {'score': -3, 'strokes': 68, 'thru': 18, 'eagles': 0, 'birdies': 4, 'pars': 13, 'bogeys': 1, 'double_bogeys': 0, 'other_scores': 0, 'holes_in_one': 0, 'sequence': 2}, {'score': -3, 'strokes': 68, 'thru': 18, 'eagles': 0, 'birdies': 4, 'pars': 13, 'bogeys': 1, 'double_bogeys': 0, 'other_scores': 0, 'holes_in_one': 0, 'sequence': 3}, {'score': -1, 'strokes': 70, 'thru': 18, 'eagles': 0, 'birdies': 4, 'pars': 12, 'bogeys': 1, 'double_bogeys': 1, 'other_scores': 0, 'holes_in_one': 0, 'sequence': 4}]}",2022-08-11,2022-08-14,850000.0,-1.0,2.0,-1.0,,,
fadf3f90-5e29-4258-aa6e-8cdac0321c34,Albertsons Boise Open,stroke,USD,America/Boise,full,closed,stroke,"[{'id': '1a559ec3-8bfb-4170-a893-c1b43565151c', 'year': 2022, 'tour': {'id': '6ccf9f48-82ca-41d7-a649-99393a2aa0b1', 'alias': 'PGAD', 'name': 'Korn Ferry Tour'}}]","{'position': 26, 'tied': True, 'money': 7613.0, 'points': 0.0, 'score': -15, 'strokes': 269, 'rounds': [{'score': -3, 'strokes': 68, 'thru': 18, 'eagles': 0, 'birdies': 4, 'pars': 13, 'bogeys': 1, 'double_bogeys': 0, 'other_scores': 0, 'holes_in_one': 0, 'sequence': 1}, {'score': -2, 'strokes': 69, 'thru': 18, 'eagles': 0, 'birdies': 4, 'pars': 12, 'bogeys': 2, 'double_bogeys': 0, 'other_scores': 0, 'holes_in_one': 0, 'sequence': 2}, {'score': -6, 'strokes': 65, 'thru': 18, 'eagles': 2, 'birdies': 3, 'pars': 12, 'bogeys': 1, 'double_bogeys': 0, 'other_scores': 0, 'holes_in_one': 0, 'sequence': 3}, {'score': -4, 'strokes': 67, 'thru': 18, 'eagles': 0, 'birdies': 7, 'pars': 8, 'bogeys': 3, 'double_bogeys': 0, 'other_scores': 0, 'holes_in_one': 0, 'sequence': 4}]}",2022-08-18,2022-08-21,1000000.0,-5.0,2.0,,,,
6ed0e9e0-93eb-4543-891e-f4536ac5c839,Nationwide Children's Hospital Championship,stroke,USD,America/New_York,full,closed,stroke,"[{'id': '1a559ec3-8bfb-4170-a893-c1b43565151c', 'year': 2022, 'tour': {'id': '6ccf9f48-82ca-41d7-a649-99393a2aa0b1', 'alias': 'PGAD', 'name': 'Korn Ferry Tour'}}]","{'position': 78, 'tied': True, 'score': 0, 'strokes': 142, 'status': 'CUT', 'rounds': [{'score': 1, 'strokes': 72, 'thru': 18, 'eagles': 0, 'birdies': 2, 'pars': 13, 'bogeys': 3, 'double_bogeys': 0, 'other_scores': 0, 'holes_in_one': 0, 'sequence': 1}, {'score': -1, 'strokes': 70, 'thru': 18, 'eagles': 0, 'birdies': 4, 'pars': 11, 'bogeys': 3, 'double_bogeys': 0, 'other_scores': 0, 'holes_in_one': 0, 'sequence': 2}]}",2022-08-25,2022-08-28,1000000.0,-1.0,2.0,,,,
f0f9cd21-1864-4616-aec0-8ba637d4df4c,Korn Ferry Tour Championship,stroke,USD,America/Chicago,full,closed,stroke,"[{'id': '1a559ec3-8bfb-4170-a893-c1b43565151c', 'year': 2022, 'tour': {'id': '6ccf9f48-82ca-41d7-a649-99393a2aa0b1', 'alias': 'PGAD', 'name': 'Korn Ferry Tour'}}]","{'position': 112, 'tied': True, 'score': 4, 'strokes': 148, 'status': 'CUT', 'rounds': [{'score': 1, 'strokes': 73, 'thru': 18, 'eagles': 0, 'birdies': 2, 'pars': 13, 'bogeys': 3, 'double_bogeys': 0, 'other_scores': 0, 'holes_in_one': 0, 'sequence': 1}, {'score': 3, 'strokes': 75, 'thru': 18, 'eagles': 0, 'birdies': 3, 'pars': 11, 'bogeys': 2, 'double_bogeys': 2, 'other_scores': 0, 'holes_in_one': 0, 'sequence': 2}]}",2022-09-01,2022-09-04,1000000.0,-2.0,2.0,,,,
40ef66e7-2c3e-4102-9132-2c6d828acdb6,Fortinet Championship,stroke,USD,America/Los_Angeles,full,closed,stroke,"[{'id': 'ece9907c-6fe3-4944-8cb9-bb1033270259', 'year': 2023, 'tour': {'id': 'b52068af-28e4-4e91-bdbb-037591b0ff84', 'alias': 'pga', 'name': 'PGA Tour'}}]","{'position': 36, 'tied': True, 'money': 36457.0, 'points': 17.0, 'score': -6, 'strokes': 282, 'rounds': [{'score': -2, 'strokes': 70, 'thru': 18, 'eagles': 0, 'birdies': 5, 'pars': 10, 'bogeys': 3, 'double_bogeys': 0, 'other_scores': 0, 'holes_in_one': 0, 'sequence': 1}, {'score': -3, 'strokes': 69, 'thru': 18, 'eagles': 0, 'birdies': 6, 'pars': 9, 'bogeys': 3, 'double_bogeys': 0, 'other_scores': 0, 'holes_in_one': 0, 'sequence': 2}, {'score': -1, 'strokes': 71, 'thru': 18, 'eagles': 0, 'birdies': 3, 'pars': 13, 'bogeys': 2, 'double_bogeys': 0, 'other_scores': 0, 'holes_in_one': 0, 'sequence': 3}, {'score': 0, 'strokes': 72, 'thru': 18, 'eagles': 0, 'birdies': 3, 'pars': 12, 'bogeys': 3, 'double_bogeys': 0, 'other_scores': 0, 'holes_in_one': 0, 'sequence': 4}]}",2022-09-15,2022-09-18,8000000.0,-2.0,2.0,-2.0,500.0,Golf Channel,
80f07484-b938-4054-bb8f-1dee801f371d,Sanderson Farms Championship,stroke,USD,America/Chicago,full,closed,stroke,"[{'id': 'ece9907c-6fe3-4944-8cb9-bb1033270259', 'year': 2023, 'tour': {'id': 'b52068af-28e4-4e91-bdbb-037591b0ff84', 'alias': 'pga', 'name': 'PGA Tour'}}]","{'position': 134, 'tied': True, 'score': 6, 'strokes': 150, 'status': 'CUT', 'rounds': [{'score': 4, 'strokes': 76, 'thru': 18, 'eagles': 0, 'birdies': 4, 'pars': 8, 'bogeys': 4, 'double_bogeys': 2, 'other_scores': 0, 'holes_in_one': 0, 'sequence': 1}, {'score': 2, 'strokes': 74, 'thru': 18, 'eagles': 0, 'birdies': 2, 'pars': 12, 'bogeys': 4, 'double_bogeys': 0, 'other_scores': 0, 'holes_in_one': 0, 'sequence': 2}]}",2022-09-29,2022-10-02,7900000.0,-2.0,2.0,-2.0,500.0,Golf Channel,
930073f3-a6ca-4501-97ee-54140730dba0,Shriners Children's Open,stroke,USD,America/Los_Angeles,full,closed,stroke,"[{'id': 'ece9907c-6fe3-4944-8cb9-bb1033270259', 'year': 2023, 'tour': {'id': 'b52068af-28e4-4e91-bdbb-037591b0ff84', 'alias': 'pga', 'name': 'PGA Tour'}}]","{'position': 78, 'tied': True, 'score': -3, 'strokes': 139, 'status': 'CUT', 'rounds': [{'score': -4, 'strokes': 67, 'thru': 18, 'eagles': 0, 'birdies': 7, 'pars': 8, 'bogeys': 3, 'double_bogeys': 0, 'other_scores': 0, 'holes_in_one': 0, 'sequence': 1}, {'score': 1, 'strokes': 72, 'thru': 18, 'eagles': 0, 'birdies': 3, 'pars': 11, 'bogeys': 4, 'double_bogeys': 0, 'other_scores': 0, 'holes_in_one': 0, 'sequence': 2}]}",2022-10-06,2022-10-09,8000000.0,-4.0,2.0,-4.0,500.0,Golf Channel,
814c1202-3adb-4c1d-818c-94569b38cbd3,Andalucia Masters,stroke,EUR,Europe/Madrid,full,closed,stroke,"[{'id': '17a0f02f-3ca5-41ec-bbf6-9dac6f55eb8c', 'year': 2022, 'tour': {'id': 'e97bb87a-6347-40d0-8c8c-3d0f54a41043', 'alias': 'EURO', 'name': 'DP World Tour'}}]","{'position': 32, 'tied': True, 'money': 23100.0, 'points': 0.0, 'score': 2, 'strokes': 286, 'rounds': [{'score': 1, 'strokes': 72, 'thru': 18, 'eagles': 0, 'birdies': 4, 'pars': 10, 'bogeys': 3, 'double_bogeys': 1, 'other_scores': 0, 'holes_in_one': 0, 'sequence': 1}, {'score': 0, 'strokes': 71, 'thru': 18, 'eagles': 0, 'birdies': 3, 'pars': 12, 'bogeys': 3, 'double_bogeys': 0, 'other_scores': 0, 'holes_in_one': 0, 'sequence': 2}, {'score': 0, 'strokes': 71, 'thru': 18, 'eagles': 0, 'birdies': 3, 'pars': 12, 'bogeys': 3, 'double_bogeys': 0, 'other_scores': 0, 'holes_in_one': 0, 'sequence': 3}, {'score': 1, 'strokes': 72, 'thru': 18, 'eagles': 0, 'birdies': 2, 'pars': 13, 'bogeys': 3, 'double_bogeys': 0, 'other_scores': 0, 'holes_in_one': 0, 'sequence': 4}]}",2022-10-13,2022-10-16,3000000.0,3.0,2.0,,,,
97c8e78f-d903-4fea-ac5e-7513e91faf37,Butterfield Bermuda Championship,stroke,USD,America/Nassau,full,closed,stroke,"[{'id': 'ece9907c-6fe3-4944-8cb9-bb1033270259', 'year': 2023, 'tour': {'id': 'b52068af-28e4-4e91-bdbb-037591b0ff84', 'alias': 'pga', 'name': 'PGA Tour'}}]","{'position': 68, 'tied': True, 'score': -5, 'strokes': 137, 'status': 'CUT', 'rounds': [{'score': -1, 'strokes': 70, 'thru': 18, 'eagles': 0, 'birdies': 4, 'pars': 11, 'bogeys': 3, 'double_bogeys': 0, 'other_scores': 0, 'holes_in_one': 0, 'sequence': 1}, {'score': -4, 'strokes': 67, 'thru': 18, 'eagles': 1, 'birdies': 5, 'pars': 9, 'bogeys': 3, 'double_bogeys': 0, 'other_scores': 0, 'holes_in_one': 0, 'sequence': 2}]}",2022-10-27,2022-10-30,6500000.0,-6.0,2.0,-6.0,500.0,Golf Channel,
0a23f93c-dc78-4059-a453-a2bb9b6faa46,The RSM Classic,stroke,USD,America/New_York,full,closed,stroke,"[{'id': 'ece9907c-6fe3-4944-8cb9-bb1033270259', 'year': 2023, 'tour': {'id': 'b52068af-28e4-4e91-bdbb-037591b0ff84', 'alias': 'pga', 'name': 'PGA Tour'}}]","{'position': 70, 'tied': True, 'score': -3, 'strokes': 139, 'status': 'CUT', 'rounds': [{'score': -1, 'strokes': 71, 'thru': 18, 'eagles': 1, 'birdies': 2, 'pars': 12, 'bogeys': 3, 'double_bogeys': 0, 'other_scores': 0, 'holes_in_one': 0, 'sequence': 1}, {'score': -2, 'strokes': 68, 'thru': 18, 'eagles': 0, 'birdies': 4, 'pars': 12, 'bogeys': 2, 'double_bogeys': 0, 'other_scores': 0, 'holes_in_one': 0, 'sequence': 2}]}",2022-11-17,2022-11-20,8100000.0,-4.0,2.0,-4.0,500.0,Golf Channel,
890b3b99-9b4a-451a-90cf-9db4908e142b,Sony Open in Hawaii,stroke,USD,Pacific/Honolulu,full,closed,stroke,"[{'id': 'ece9907c-6fe3-4944-8cb9-bb1033270259', 'year': 2023, 'tour': {'id': 'b52068af-28e4-4e91-bdbb-037591b0ff84', 'alias': 'pga', 'name': 'PGA Tour'}}]","{'position': 110, 'tied': True, 'score': 2, 'strokes': 142, 'status': 'CUT', 'rounds': [{'score': 0, 'strokes': 70, 'thru': 18, 'eagles': 0, 'birdies': 3, 'pars': 12, 'bogeys': 3, 'double_bogeys': 0, 'other_scores': 0, 'holes_in_one': 0, 'sequence': 1}, {'score': 2, 'strokes': 72, 'thru': 18, 'eagles': 0, 'birdies': 5, 'pars': 8, 'bogeys': 3, 'double_bogeys': 2, 'other_scores': 0, 'holes_in_one': 0, 'sequence': 2}]}",2023-01-12,2023-01-15,7900000.0,-2.0,2.0,-2.0,500.0,Golf Channel,1422000.0
bc61b9e3-e054-496b-bcb7-4756a0490c51,The American Express,stroke,USD,America/Los_Angeles,full,closed,stroke,"[{'id': 'ece9907c-6fe3-4944-8cb9-bb1033270259', 'year': 2023, 'tour': {'id': 'b52068af-28e4-4e91-bdbb-037591b0ff84', 'alias': 'pga', 'name': 'PGA Tour'}}]","{'position': 54, 'tied': True, 'money': 18400.0, 'points': 6.0, 'score': -13, 'strokes': 275, 'rounds': [{'score': -2, 'strokes': 70, 'thru': 18, 'eagles': 0, 'birdies': 4, 'pars': 12, 'bogeys': 2, 'double_bogeys': 0, 'other_scores': 0, 'holes_in_one': 0, 'sequence': 1}, {'score': -3, 'strokes': 69, 'thru': 18, 'eagles': 0, 'birdies': 5, 'pars': 11, 'bogeys': 2, 'double_bogeys': 0, 'other_scores': 0, 'holes_in_one': 0, 'sequence': 2}, {'score': -6, 'strokes': 66, 'thru': 18, 'eagles': 1, 'birdies': 6, 'pars': 10, 'bogeys': 0, 'double_bogeys': 1, 'other_scores': 0, 'holes_in_one': 0, 'sequence': 3}, {'score': -2, 'strokes': 70, 'thru': 18, 'eagles': 0, 'birdies': 7, 'pars': 6, 'bogeys': 5, 'double_bogeys': 0, 'other_scores': 0, 'holes_in_one': 0, 'sequence': 4}]}",2023-01-19,2023-01-22,8000000.0,-10.0,3.0,,500.0,Golf Channel,1440000.0
dad58e15-9fab-49a5-a1e3-ea520f764698,Farmers Insurance Open,stroke,USD,America/Los_Angeles,full,closed,stroke,"[{'id': 'ece9907c-6fe3-4944-8cb9-bb1033270259', 'year': 2023, 'tour': {'id': 'b52068af-28e4-4e91-bdbb-037591b0ff84', 'alias': 'pga', 'name': 'PGA Tour'}}]","{'position': 44, 'tied': True, 'money': 25578.0, 'points': 10.0, 'score': 2, 'strokes': 290, 'rounds': [{'score': -5, 'strokes': 67, 'thru': 18, 'eagles': 0, 'birdies': 8, 'pars': 7, 'bogeys': 3, 'double_bogeys': 0, 'other_scores': 0, 'holes_in_one': 0, 'sequence': 1}, {'score': -1, 'strokes': 71, 'thru': 18, 'eagles': 0, 'birdies': 5, 'pars': 9, 'bogeys': 4, 'double_bogeys': 0, 'other_scores': 0, 'holes_in_one': 0, 'sequence': 2}, {'score': 5, 'strokes': 77, 'thru': 18, 'eagles': 0, 'birdies': 1, 'pars': 12, 'bogeys': 4, 'double_bogeys': 1, 'other_scores': 0, 'holes_in_one': 0, 'sequence': 3}, {'score': 3, 'strokes': 75, 'thru': 18, 'eagles': 0, 'birdies': 1, 'pars': 14, 'bogeys': 2, 'double_bogeys': 1, 'other_scores': 0, 'holes_in_one': 0, 'sequence': 4}]}",2023-01-25,2023-01-28,8700000.0,0.0,,0.0,500.0,"Golf Channel, CBS",1566000.0
1fe9a678-6558-495c-a7b4-0734274964a3,AT&T Pebble Beach Pro-Am,stroke,USD,America/Los_Angeles,full,closed,stroke,"[{'id': 'ece9907c-6fe3-4944-8cb9-bb1033270259', 'year': 2023, 'tour': {'id': 'b52068af-28e4-4e91-bdbb-037591b0ff84', 'alias': 'pga', 'name': 'PGA Tour'}}]","{'position': 124, 'tied': True, 'score': 5, 'strokes': 220, 'status': 'CUT', 'rounds': [{'score': -1, 'strokes': 71, 'thru': 18, 'eagles': 0, 'birdies': 4, 'pars': 11, 'bogeys': 3, 'double_bogeys': 0, 'other_scores': 0, 'holes_in_one': 0, 'sequence': 1}, {'score': 3, 'strokes': 74, 'thru': 18, 'eagles': 0, 'birdies': 3, 'pars': 11, 'bogeys': 3, 'double_bogeys': 0, 'other_scores': 1, 'holes_in_one': 0, 'sequence': 2}, {'score': 3, 'strokes': 75, 'thru': 18, 'eagles': 0, 'birdies': 3, 'pars': 10, 'bogeys': 4, 'double_bogeys': 1, 'other_scores': 0, 'holes_in_one': 0, 'sequence': 3}]}",2023-02-02,2023-02-06,9000000.0,-1.0,,-1.0,500.0,"Golf Channel, CBS",1620000.0
30a39a35-d177-40e9-b9bc-a9f902c684e3,The Honda Classic,stroke,USD,America/New_York,full,closed,stroke,"[{'id': 'ece9907c-6fe3-4944-8cb9-bb1033270259', 'year': 2023, 'tour': {'id': 'b52068af-28e4-4e91-bdbb-037591b0ff84', 'alias': 'pga', 'name': 'PGA Tour'}}]","{'position': 63, 'tied': True, 'money': 17808.0, 'points': 3.7, 'score': 2, 'strokes': 282, 'rounds': [{'score': 2, 'strokes': 72, 'thru': 18, 'eagles': 0, 'birdies': 0, 'pars': 16, 'bogeys': 2, 'double_bogeys': 0, 'other_scores': 0, 'holes_in_one': 0, 'sequence': 1}, {'score': -1, 'strokes': 69, 'thru': 18, 'eagles': 0, 'birdies': 4, 'pars': 12, 'bogeys': 1, 'double_bogeys': 1, 'other_scores': 0, 'holes_in_one': 0, 'sequence': 2}, {'score': 0, 'strokes': 70, 'thru': 18, 'eagles': 0, 'birdies': 3, 'pars': 12, 'bogeys': 3, 'double_bogeys': 0, 'other_scores': 0, 'holes_in_one': 0, 'sequence': 3}, {'score': 1, 'strokes': 71, 'thru': 18, 'eagles': 0, 'birdies': 3, 'pars': 12, 'bogeys': 2, 'double_bogeys': 1, 'other_scores': 0, 'holes_in_one': 0, 'sequence': 4}]}",2023-02-23,2023-02-26,8400000.0,1.0,,1.0,500.0,"Golf Channel, NBC",1512000.0
e4b55b5b-854f-4e1c-80f9-3c9049151290,Puerto Rico Open,stroke,USD,America/Puerto_Rico,full,closed,stroke,"[{'id': 'ece9907c-6fe3-4944-8cb9-bb1033270259', 'year': 2023, 'tour': {'id': 'b52068af-28e4-4e91-bdbb-037591b0ff84', 'alias': 'pga', 'name': 'PGA Tour'}}]","{'position': 21, 'tied': True, 'money': 35958.0, 'points': 23.0, 'score': -10, 'strokes': 278, 'rounds': [{'score': -3, 'strokes': 69, 'thru': 18, 'eagles': 0, 'birdies': 6, 'pars': 9, 'bogeys': 3, 'double_bogeys': 0, 'other_scores': 0, 'holes_in_one': 0, 'sequence': 1}, {'score': -3, 'strokes': 69, 'thru': 18, 'eagles': 0, 'birdies': 6, 'pars': 10, 'bogeys': 1, 'double_bogeys': 1, 'other_scores': 0, 'holes_in_one': 0, 'sequence': 2}, {'score': -3, 'strokes': 69, 'thru': 18, 'eagles': 1, 'birdies': 3, 'pars': 12, 'bogeys': 2, 'double_bogeys': 0, 'other_scores': 0, 'holes_in_one': 0, 'sequence': 3}, {'score': -1, 'strokes': 71, 'thru': 18, 'eagles': 0, 'birdies': 4, 'pars': 12, 'bogeys': 1, 'double_bogeys': 1, 'other_scores': 0, 'holes_in_one': 0, 'sequence': 4}]}",2023-03-02,2023-03-05,3800000.0,-1.0,,-1.0,300.0,Golf Channel,684000.0
4fb997a4-9ccb-41df-8309-cdd1f2a7d271,Valspar Championship,stroke,USD,America/New_York,full,closed,stroke,"[{'id': 'ece9907c-6fe3-4944-8cb9-bb1033270259', 'year': 2023, 'tour': {'id': 'b52068af-28e4-4e91-bdbb-037591b0ff84', 'alias': 'pga', 'name': 'PGA Tour'}}]","{'position': 109, 'tied': True, 'score': 5, 'strokes': 147, 'status': 'CUT', 'rounds': [{'score': 0, 'strokes': 71, 'thru': 18, 'eagles': 0, 'birdies': 5, 'pars': 8, 'bogeys': 5, 'double_bogeys': 0, 'other_scores': 0, 'holes_in_one': 0, 'sequence': 1}, {'score': 5, 'strokes': 76, 'thru': 18, 'eagles': 0, 'birdies': 2, 'pars': 11, 'bogeys': 3, 'double_bogeys': 2, 'other_scores': 0, 'holes_in_one': 0, 'sequence': 2}]}",2023-03-16,2023-03-19,8100000.0,1.0,2.0,1.0,500.0,"Golf Channel, NBC",1458000.0
cb8db64b-5f70-4db9-b676-2a693532ad3b,Corales Puntacana Championship,stroke,USD,America/Santo_Domingo,full,closed,stroke,"[{'id': 'ece9907c-6fe3-4944-8cb9-bb1033270259', 'year': 2023, 'tour': {'id': 'b52068af-28e4-4e91-bdbb-037591b0ff84', 'alias': 'pga', 'name': 'PGA Tour'}}]","{'position': 16, 'tied': True, 'money': 56050.0, 'points': 29.0, 'score': -11, 'strokes': 277, 'rounds': [{'score': -1, 'strokes': 71, 'thru': 18, 'eagles': 1, 'birdies': 2, 'pars': 12, 'bogeys': 3, 'double_bogeys': 0, 'other_scores': 0, 'holes_in_one': 0, 'sequence': 1}, {'score': -2, 'strokes': 70, 'thru': 18, 'eagles': 0, 'birdies': 7, 'pars': 7, 'bogeys': 3, 'double_bogeys': 1, 'other_scores': 0, 'holes_in_one': 0, 'sequence': 2}, {'score': -6, 'strokes': 66, 'thru': 18, 'eagles': 0, 'birdies': 6, 'pars': 12, 'bogeys': 0, 'double_bogeys': 0, 'other_scores': 0, 'holes_in_one': 0, 'sequence': 3}, {'score': -2, 'strokes': 70, 'thru': 18, 'eagles': 0, 'birdies': 4, 'pars': 12, 'bogeys': 2, 'double_bogeys': 0, 'other_scores': 0, 'holes_in_one': 0, 'sequence': 4}]}",2023-03-23,2023-03-26,3800000.0,0.0,,0.0,300.0,Golf Channel,684000.0
1d34d2bd-dda8-4734-a622-4c92efb18420,Valero Texas Open,stroke,USD,America/Chicago,full,closed,stroke,"[{'id': 'ece9907c-6fe3-4944-8cb9-bb1033270259', 'year': 2023, 'tour': {'id': 'b52068af-28e4-4e91-bdbb-037591b0ff84', 'alias': 'pga', 'name': 'PGA Tour'}}]","{'position': 88, 'tied': True, 'score': 2, 'strokes': 146, 'status': 'CUT', 'rounds': [{'score': 2, 'strokes': 74, 'thru': 18, 'eagles': 0, 'birdies': 2, 'pars': 12, 'bogeys': 4, 'double_bogeys': 0, 'other_scores': 0, 'holes_in_one': 0, 'sequence': 1}, {'score': 0, 'strokes': 72, 'thru': 18, 'eagles': 1, 'birdies': 4, 'pars': 8, 'bogeys': 4, 'double_bogeys': 1, 'other_scores': 0, 'holes_in_one': 0, 'sequence': 2}]}",2023-03-30,2023-04-02,8900000.0,0.0,2.0,0.0,500.0,"Golf Channel, NBC",1602000.0
345ed680-a65e-44af-ac40-73cadb889171,Mexico Open at Vidanta,stroke,USD,America/Chicago,full,closed,stroke,"[{'id': 'ece9907c-6fe3-4944-8cb9-bb1033270259', 'year': 2023, 'tour': {'id': 'b52068af-28e4-4e91-bdbb-037591b0ff84', 'alias': 'pga', 'name': 'PGA Tour'}}]","{'position': 18, 'tied': True, 'money': 98432.0, 'points': 44.0, 'score': -11, 'strokes': 273, 'rounds': [{'score': -4, 'strokes': 67, 'thru': 18, 'eagles': 1, 'birdies': 4, 'pars': 12, 'bogeys': 0, 'double_bogeys': 1, 'other_scores': 0, 'holes_in_one': 0, 'sequence': 1}, {'score': 0, 'strokes': 71, 'thru': 18, 'eagles': 0, 'birdies': 4, 'pars': 10, 'bogeys': 4, 'double_bogeys': 0, 'other_scores': 0, 'holes_in_one': 0, 'sequence': 2}, {'score': -4, 'strokes': 67, 'thru': 18, 'eagles': 1, 'birdies': 4, 'pars': 11, 'bogeys': 2, 'double_bogeys': 0, 'other_scores': 0, 'holes_in_one': 0, 'sequence': 3}, {'score': -3, 'strokes': 68, 'thru': 18, 'eagles': 0, 'birdies': 6, 'pars': 9, 'bogeys': 3, 'double_bogeys': 0, 'other_scores': 0, 'holes_in_one': 0, 'sequence': 4}]}",2023-04-27,2023-04-30,7700000.0,-2.0,2.0,-2.0,500.0,"Golf Channel, CBS",1386000.0
5d65bd76-7547-4693-99cd-33e2dc3c30f2,AT&T Byron Nelson,stroke,USD,America/Chicago,full,closed,stroke,"[{'id': 'ece9907c-6fe3-4944-8cb9-bb1033270259', 'year': 2023, 'tour': {'id': 'b52068af-28e4-4e91-bdbb-037591b0ff84', 'alias': 'pga', 'name': 'PGA Tour'}}]","{'position': 8, 'tied': True, 'money': 277875.0, 'points': 80.0, 'score': -19, 'strokes': 265, 'rounds': [{'score': -3, 'strokes': 68, 'thru': 18, 'eagles': 0, 'birdies': 5, 'pars': 11, 'bogeys': 2, 'double_bogeys': 0, 'other_scores': 0, 'holes_in_one': 0, 'sequence': 1}, {'score': -5, 'strokes': 66, 'thru': 18, 'eagles': 2, 'birdies': 4, 'pars': 10, 'bogeys': 1, 'double_bogeys': 1, 'other_scores': 0, 'holes_in_one': 0, 'sequence': 2}, {'score': -6, 'strokes': 65, 'thru': 18, 'eagles': 0, 'birdies': 6, 'pars': 12, 'bogeys': 0, 'double_bogeys': 0, 'other_scores': 0, 'holes_in_one': 0, 'sequence': 3}, {'score': -5, 'strokes': 66, 'thru': 18, 'eagles': 1, 'birdies': 5, 'pars': 10, 'bogeys': 2, 'double_bogeys': 0, 'other_scores': 0, 'holes_in_one': 0, 'sequence': 4}]}",2023-05-11,2023-05-14,9500000.0,-4.0,2.0,-4.0,500.0,"Golf Channel, CBS",1710000.0
a674a0a9-1288-40b0-9bf7-c1ade28006da,Charles Schwab Challenge,stroke,USD,America/Chicago,full,closed,stroke,"[{'id': 'ece9907c-6fe3-4944-8cb9-bb1033270259', 'year': 2023, 'tour': {'id': 'b52068af-28e4-4e91-bdbb-037591b0ff84', 'alias': 'pga', 'name': 'PGA Tour'}}]","{'position': 48, 'tied': True, 'money': 22881.0, 'points': 9.0, 'score': 2, 'strokes': 282, 'rounds': [{'score': 0, 'strokes': 70, 'thru': 18, 'eagles': 0, 'birdies': 3, 'pars': 12, 'bogeys': 3, 'double_bogeys': 0, 'other_scores': 0, 'holes_in_one': 0, 'sequence': 1}, {'score': 1, 'strokes': 71, 'thru': 18, 'eagles': 0, 'birdies': 2, 'pars': 13, 'bogeys': 3, 'double_bogeys': 0, 'other_scores': 0, 'holes_in_one': 0, 'sequence': 2}, {'score': 1, 'strokes': 71, 'thru': 18, 'eagles': 0, 'birdies': 3, 'pars': 11, 'bogeys': 4, 'double_bogeys': 0, 'other_scores': 0, 'holes_in_one': 0, 'sequence': 3}, {'score': 0, 'strokes': 70, 'thru': 18, 'eagles': 0, 'birdies': 2, 'pars': 14, 'bogeys': 2, 'double_bogeys': 0, 'other_scores': 0, 'holes_in_one': 0, 'sequence': 4}]}",2023-05-25,2023-05-28,8700000.0,1.0,2.0,1.0,500.0,"Golf Channel, CBS",1566000.0
2cb99584-0bb2-487f-a050-b05fa9502107,RBC Canadian Open,stroke,USD,America/Toronto,full,closed,stroke,"[{'id': 'ece9907c-6fe3-4944-8cb9-bb1033270259', 'year': 2023, 'tour': {'id': 'b52068af-28e4-4e91-bdbb-037591b0ff84', 'alias': 'pga', 'name': 'PGA Tour'}}]","{'position': 96, 'tied': True, 'score': 2, 'strokes': 146, 'status': 'CUT', 'rounds': [{'score': -1, 'strokes': 71, 'thru': 18, 'eagles': 0, 'birdies': 3, 'pars': 13, 'bogeys': 2, 'double_bogeys': 0, 'other_scores': 0, 'holes_in_one': 0, 'sequence': 1}, {'score': 3, 'strokes': 75, 'thru': 18, 'eagles': 0, 'birdies': 2, 'pars': 12, 'bogeys': 3, 'double_bogeys': 1, 'other_scores': 0, 'holes_in_one': 0, 'sequence': 2}]}",2023-06-08,2023-06-11,9000000.0,-1.0,2.0,-1.0,500.0,"Golf Channel, CBS",1620000.0
2e80d5ad-468e-4833-aeda-85fb86c1098a,U.S. Open,stroke,USD,America/Los_Angeles,full,closed,stroke,"[{'id': 'ece9907c-6fe3-4944-8cb9-bb1033270259', 'year': 2023, 'tour': {'id': 'b52068af-28e4-4e91-bdbb-037591b0ff84', 'alias': 'pga', 'name': 'PGA Tour'}}, {'id': 'af999c48-6103-40fc-a84b-062841252cc7', 'year': 2023, 'tour': {'id': 'e97bb87a-6347-40d0-8c8c-3d0f54a41043', 'alias': 'EURO', 'name': 'DP World Tour'}}]","{'position': 66, 'tied': True, 'score': 3, 'strokes': 143, 'status': 'CUT', 'rounds': [{'score': 0, 'strokes': 70, 'thru': 18, 'eagles': 0, 'birdies': 2, 'pars': 14, 'bogeys': 2, 'double_bogeys': 0, 'other_scores': 0, 'holes_in_one': 0, 'sequence': 1}, {'score': 3, 'strokes': 73, 'thru': 18, 'eagles': 0, 'birdies': 1, 'pars': 13, 'bogeys': 4, 'double_bogeys': 0, 'other_scores': 0, 'holes_in_one': 0, 'sequence': 2}]}",2023-06-15,2023-06-18,20000000.0,2.0,2.0,2.0,600.0,"NBC, USA",2700000.0
e9f28105-17b5-41d2-9067-0ce874138e3c,Travelers Championship,stroke,USD,America/New_York,full,closed,stroke,"[{'id': 'ece9907c-6fe3-4944-8cb9-bb1033270259', 'year': 2023, 'tour': {'id': 'b52068af-28e4-4e91-bdbb-037591b0ff84', 'alias': 'pga', 'name': 'PGA Tour'}}]","{'position': 83, 'tied': True, 'score': -2, 'strokes': 138, 'status': 'CUT', 'rounds': [{'score': 0, 'strokes': 70, 'thru': 18, 'eagles': 0, 'birdies': 4, 'pars': 10, 'bogeys': 4, 'double_bogeys': 0, 'other_scores': 0, 'holes_in_one': 0, 'sequence': 1}, {'score': -2, 'strokes': 68, 'thru': 18, 'eagles': 0, 'birdies': 4, 'pars': 12, 'bogeys': 2, 'double_bogeys': 0, 'other_scores': 0, 'holes_in_one': 0, 'sequence': 2}]}",2023-06-22,2023-06-25,20000000.0,-4.0,2.0,-4.0,500.0,"Golf Channel, CBS",3600000.0
1014944f-c72e-4538-8129-2700d4e6787b,Rocket Mortgage Classic,stroke,USD,America/Detroit,full,closed,stroke,"[{'id': 'ece9907c-6fe3-4944-8cb9-bb1033270259', 'year': 2023, 'tour': {'id': 'b52068af-28e4-4e91-bdbb-037591b0ff84', 'alias': 'pga', 'name': 'PGA Tour'}}]","{'position': 24, 'tied': True, 'money': 73480.0, 'points': 34.0, 'score': -14, 'strokes': 274, 'rounds': [{'score': -1, 'strokes': 71, 'thru': 18, 'eagles': 0, 'birdies': 4, 'pars': 11, 'bogeys': 3, 'double_bogeys': 0, 'other_scores': 0, 'holes_in_one': 0, 'sequence': 1}, {'score': -3, 'strokes': 69, 'thru': 18, 'eagles': 0, 'birdies': 5, 'pars': 11, 'bogeys': 2, 'double_bogeys': 0, 'other_scores': 0, 'holes_in_one': 0, 'sequence': 2}, {'score': -3, 'strokes': 69, 'thru': 18, 'eagles': 0, 'birdies': 7, 'pars': 8, 'bogeys': 2, 'double_bogeys': 1, 'other_scores': 0, 'holes_in_one': 0, 'sequence': 3}, {'score': -7, 'strokes': 65, 'thru': 18, 'eagles': 0, 'birdies': 7, 'pars': 11, 'bogeys': 0, 'double_bogeys': 0, 'other_scores': 0, 'holes_in_one': 0, 'sequence': 4}]}",2023-06-29,2023-07-02,8800000.0,-4.0,2.0,-4.0,500.0,"Golf Channel, CBS",1584000.0
53cf1088-f9b4-424e-ab11-9a1cdd4eb7c2,Barbasol Championship,stroke,USD,America/New_York,full,closed,stroke,"[{'id': 'ece9907c-6fe3-4944-8cb9-bb1033270259', 'year': 2023, 'tour': {'id': 'b52068af-28e4-4e91-bdbb-037591b0ff84', 'alias': 'pga', 'name': 'PGA Tour'}}, {'id': 'af999c48-6103-40fc-a84b-062841252cc7', 'year': 2023, 'tour': {'id': 'e97bb87a-6347-40d0-8c8c-3d0f54a41043', 'alias': 'EURO', 'name': 'DP World Tour'}}]","{'position': 1, 'tied': False, 'money': 684000.0, 'points': 300.0, 'score': -22, 'strokes': 266, 'rounds': [{'score': -6, 'strokes': 66, 'thru': 18, 'eagles': 1, 'birdies': 6, 'pars': 9, 'bogeys': 2, 'double_bogeys': 0, 'other_scores': 0, 'holes_in_one': 0, 'sequence': 1}, {'score': -5, 'strokes': 67, 'thru': 18, 'eagles': 0, 'birdies': 7, 'pars': 9, 'bogeys': 2, 'double_bogeys': 0, 'other_scores': 0, 'holes_in_one': 0, 'sequence': 2}, {'score': -5, 'strokes': 67, 'thru': 18, 'eagles': 1, 'birdies': 6, 'pars': 8, 'bogeys': 3, 'double_bogeys': 0, 'other_scores': 0, 'holes_in_one': 0, 'sequence': 3}, {'score': -6, 'strokes': 66, 'thru': 18, 'eagles': 0, 'birdies': 7, 'pars': 10, 'bogeys': 1, 'double_bogeys': 0, 'other_scores': 0, 'holes_in_one': 0, 'sequence': 4}]}",2023-07-13,2023-07-16,3800000.0,-4.0,2.0,-4.0,300.0,Golf Channel,684000.0
5a5c1dfe-b4d6-4106-8794-c623c6dd01e2,Barracuda Championship,stroke,USD,America/Los_Angeles,full,closed,stableford,"[{'id': 'ece9907c-6fe3-4944-8cb9-bb1033270259', 'year': 2023, 'tour': {'id': 'b52068af-28e4-4e91-bdbb-037591b0ff84', 'alias': 'pga', 'name': 'PGA Tour'}}, {'id': 'af999c48-6103-40fc-a84b-062841252cc7', 'year': 2023, 'tour': {'id': 'e97bb87a-6347-40d0-8c8c-3d0f54a41043', 'alias': 'EURO', 'name': 'DP World Tour'}}]","{'position': 25, 'tied': True, 'money': 31223.0, 'points': 21.0, 'stableford_points': 31, 'score': -9, 'strokes': 275, 'rounds': [{'score': -5, 'strokes': 66, 'thru': 18, 'stableford_points': 11, 'eagles': 0, 'birdies': 6, 'pars': 11, 'bogeys': 1, 'double_bogeys': 0, 'other_scores': 0, 'holes_in_one': 0, 'sequence': 1}, {'score': -4, 'strokes': 67, 'thru': 18, 'stableford_points': 12, 'eagles': 1, 'birdies': 5, 'pars': 9, 'bogeys': 3, 'double_bogeys': 0, 'other_scores': 0, 'holes_in_one': 0, 'sequence': 2}, {'score': 2, 'strokes': 73, 'thru': 18, 'stableford_points': 1, 'eagles': 0, 'birdies': 4, 'pars': 9, 'bogeys': 4, 'double_bogeys': 1, 'other_scores': 0, 'holes_in_one': 0, 'sequence': 3}, {'score': -2, 'strokes': 69, 'thru': 18, 'stableford_points': 7, 'eagles': 0, 'birdies': 5, 'pars': 10, 'bogeys': 3, 'double_bogeys': 0, 'other_scores': 0, 'holes_in_one': 0, 'sequence': 4}]}",2023-07-20,2023-07-23,3800000.0,11.0,2.0,11.0,300.0,Golf Channel,684000.0
704576a7-e3be-4958-984d-0c5784af55b7,3M Open,stroke,USD,America/Chicago,full,closed,stroke,"[{'id': 'ece9907c-6fe3-4944-8cb9-bb1033270259', 'year': 2023, 'tour': {'id': 'b52068af-28e4-4e91-bdbb-037591b0ff84', 'alias': 'pga', 'name': 'PGA Tour'}}]","{'position': 50, 'tied': True, 'money': 19578.0, 'points': 8.0, 'score': -7, 'strokes': 277, 'rounds': [{'score': -5, 'strokes': 66, 'thru': 18, 'eagles': 0, 'birdies': 7, 'pars': 9, 'bogeys': 2, 'double_bogeys': 0, 'other_scores': 0, 'holes_in_one': 0, 'sequence': 1}, {'score': -1, 'strokes': 70, 'thru': 18, 'eagles': 0, 'birdies': 2, 'pars': 15, 'bogeys': 1, 'double_bogeys': 0, 'other_scores': 0, 'holes_in_one': 0, 'sequence': 2}, {'score': 2, 'strokes': 73, 'thru': 18, 'eagles': 0, 'birdies': 2, 'pars': 13, 'bogeys': 2, 'double_bogeys': 1, 'other_scores': 0, 'holes_in_one': 0, 'sequence': 3}, {'score': -3, 'strokes': 68, 'thru': 18, 'eagles': 0, 'birdies': 3, 'pars': 15, 'bogeys': 0, 'double_bogeys': 0, 'other_scores': 0, 'holes_in_one': 0, 'sequence': 4}]}",2023-07-27,2023-07-30,7800000.0,-4.0,2.0,-4.0,500.0,"Golf Channel, CBS",1404000.0
ba485e45-67e1-42bd-832f-4178fba750cc,Wyndham Championship,stroke,USD,America/New_York,full,closed,stroke,"[{'id': 'ece9907c-6fe3-4944-8cb9-bb1033270259', 'year': 2023, 'tour': {'id': 'b52068af-28e4-4e91-bdbb-037591b0ff84', 'alias': 'pga', 'name': 'PGA Tour'}}]","{'position': 58, 'tied': True, 'money': 17176.0, 'points': 5.0, 'score': -2, 'strokes': 278, 'rounds': [{'score': -4, 'strokes': 66, 'thru': 18, 'eagles': 0, 'birdies': 6, 'pars': 10, 'bogeys': 2, 'double_bogeys': 0, 'other_scores': 0, 'holes_in_one': 0, 'sequence': 1}, {'score': 2, 'strokes': 72, 'thru': 18, 'eagles': 0, 'birdies': 4, 'pars': 10, 'bogeys': 2, 'double_bogeys': 2, 'other_scores': 0, 'holes_in_one': 0, 'sequence': 2}, {'score': -2, 'strokes': 68, 'thru': 18, 'eagles': 0, 'birdies': 5, 'pars': 10, 'bogeys': 3, 'double_bogeys': 0, 'other_scores': 0, 'holes_in_one': 0, 'sequence': 3}, {'score': 2, 'strokes': 72, 'thru': 18, 'eagles': 0, 'birdies': 2, 'pars': 13, 'bogeys': 2, 'double_bogeys': 1, 'other_scores': 0, 'holes_in_one': 0, 'sequence': 4}]}",2023-08-03,2023-08-06,7600000.0,-2.0,2.0,-2.0,500.0,"Golf Channel, CBS",1368000.0
97540454-f4b7-41a6-9a0d-d3c5bcc09442,FedEx St. Jude Championship,stroke,USD,America/Chicago,full,closed,stroke,"[{'id': 'ece9907c-6fe3-4944-8cb9-bb1033270259', 'year': 2023, 'tour': {'id': 'b52068af-28e4-4e91-bdbb-037591b0ff84', 'alias': 'pga', 'name': 'PGA Tour'}}]","{'position': 49, 'tied': True, 'money': 50533.0, 'points': 34.0, 'score': -3, 'strokes': 277, 'rounds': [{'score': -3, 'strokes': 67, 'thru': 18, 'eagles': 1, 'birdies': 4, 'pars': 10, 'bogeys': 3, 'double_bogeys': 0, 'other_scores': 0, 'holes_in_one': 0, 'sequence': 1}, {'score': -1, 'strokes': 69, 'thru': 18, 'eagles': 0, 'birdies': 3, 'pars': 13, 'bogeys': 2, 'double_bogeys': 0, 'other_scores': 0, 'holes_in_one': 0, 'sequence': 2}, {'score': -1, 'strokes': 69, 'thru': 18, 'eagles': 0, 'birdies': 4, 'pars': 11, 'bogeys': 3, 'double_bogeys': 0, 'other_scores': 0, 'holes_in_one': 0, 'sequence': 3}, {'score': 2, 'strokes': 72, 'thru': 18, 'eagles': 0, 'birdies': 2, 'pars': 12, 'bogeys': 4, 'double_bogeys': 0, 'other_scores': 0, 'holes_in_one': 0, 'sequence': 4}]}",2023-08-10,2023-08-13,20000000.0,,,,2000.0,"Golf Channel, CBS",3600000.0
2b346947-8fe4-4d74-a6a2-102c5ec7f54f,Irish Open,stroke,USD,Europe/Dublin,full,closed,stroke,"[{'id': 'af999c48-6103-40fc-a84b-062841252cc7', 'year': 2023, 'tour': {'id': 'e97bb87a-6347-40d0-8c8c-3d0f54a41043', 'alias': 'EURO', 'name': 'DP World Tour'}}]","{'position': 1, 'tied': False, 'money': 951047.0, 'points': 1000.0, 'score': -14, 'strokes': 274, 'rounds': [{'score': -4, 'strokes': 68, 'thru': 18, 'eagles': 0, 'birdies': 5, 'pars': 12, 'bogeys': 1, 'double_bogeys': 0, 'other_scores': 0, 'holes_in_one': 0, 'sequence': 1}, {'score': -1, 'strokes': 71, 'thru': 18, 'eagles': 0, 'birdies': 4, 'pars': 12, 'bogeys': 1, 'double_bogeys': 1, 'other_scores': 0, 'holes_in_one': 0, 'sequence': 2}, {'score': -2, 'strokes': 70, 'thru': 18, 'eagles': 0, 'birdies': 4, 'pars': 12, 'bogeys': 2, 'double_bogeys': 0, 'other_scores': 0, 'holes_in_one': 0, 'sequence': 3}, {'score': -7, 'strokes': 65, 'thru': 18, 'eagles': 0, 'birdies': 7, 'pars': 11, 'bogeys': 0, 'double_bogeys': 0, 'other_scores': 0, 'holes_in_one': 0, 'sequence': 4}]}",2023-09-07,2023-09-10,6000000.0,-2.0,2.0,,,,
e78f92bc-e84b-4139-a10c-71cb414cdae6,BMW PGA Championship,stroke,USD,Europe/London,full,closed,stroke,"[{'id': 'af999c48-6103-40fc-a84b-062841252cc7', 'year': 2023, 'tour': {'id': 'e97bb87a-6347-40d0-8c8c-3d0f54a41043', 'alias': 'EURO', 'name': 'DP World Tour'}}]","{'position': 18, 'tied': True, 'money': 98821.0, 'points': 93.94, 'score': -10, 'strokes': 278, 'rounds': [{'score': -2, 'strokes': 70, 'thru': 18, 'eagles': 0, 'birdies': 5, 'pars': 10, 'bogeys': 3, 'double_bogeys': 0, 'other_scores': 0, 'holes_in_one': 0, 'sequence': 1}, {'score': -2, 'strokes': 70, 'thru': 18, 'eagles': 0, 'birdies': 4, 'pars': 12, 'bogeys': 2, 'double_bogeys': 0, 'other_scores': 0, 'holes_in_one': 0, 'sequence': 2}, {'score': -3, 'strokes': 69, 'thru': 18, 'eagles': 1, 'birdies': 3, 'pars': 12, 'bogeys': 2, 'double_bogeys': 0, 'other_scores': 0, 'holes_in_one': 0, 'sequence': 3}, {'score': -3, 'strokes': 69, 'thru': 18, 'eagles': 0, 'birdies': 6, 'pars': 9, 'bogeys': 3, 'double_bogeys': 0, 'other_scores': 0, 'holes_in_one': 0, 'sequence': 4}]}",2023-09-14,2023-09-17,9000000.0,-1.0,2.0,,,,
693585bf-7e97-4179-83d6-ee3c512d22cf,Shriners Children's Open,stroke,USD,America/Los_Angeles,full,closed,stroke,"[{'id': 'ece9907c-6fe3-4944-8cb9-bb1033270259', 'year': 2023, 'tour': {'id': 'b52068af-28e4-4e91-bdbb-037591b0ff84', 'alias': 'pga', 'name': 'PGA Tour'}}]","{'position': 85, 'tied': True, 'score': 0, 'strokes': 142, 'status': 'CUT', 'rounds': [{'score': 1, 'strokes': 72, 'thru': 18, 'eagles': 0, 'birdies': 3, 'pars': 11, 'bogeys': 4, 'double_bogeys': 0, 'other_scores': 0, 'holes_in_one': 0, 'sequence': 1}, {'score': -1, 'strokes': 70, 'thru': 18, 'eagles': 1, 'birdies': 6, 'pars': 5, 'bogeys': 5, 'double_bogeys': 1, 'other_scores': 0, 'holes_in_one': 0, 'sequence': 2}]}",2023-10-12,2023-10-15,8400000.0,-3.0,2.0,-3.0,,,
